group,protein_id,r108_gene_id,uniprot_accessions,mapping_statuses,r108_annotation,sequence_length,cysteine_count,methionine_count,histidine_count,donor_residue_count,models_available,mean_ptm,mean_model_plddt,mean_fraction_plddt_ge70,mean_fraction_plddt_ge80,motif_mxcxxc,motif_cxxc,motif_ch_window_0_4,motif_any_frozen,structure_analysis_included,structure_exclusion_reason,primary_geometry_positive,best_primary_pair,best_primary_donor_combo,best_primary_support_models,best_primary_distance_A,best_primary_distance_range_A,best_primary_min_plddt,best_primary_pae_A,best_primary_mean_sasa_A2,primary_sulfur_d5,all_CMH_d5,distance_4A,distance_5A,distance_6A,plddt_70,plddt_80,sasa_0,sasa_2p5,sasa_5,sasa_10,nonlocal_5aa,nonlocal_10aa,nonlocal_20aa,combo_CC,combo_CH,combo_CM,combo_HH,combo_HM,combo_MM,table_s4_member,table_s3_rows,table_s3_accessions,mapping_status_table_s3,bait_psm,control_psm,bait_mascot_score,control_mascot_score,bait_found,control_found,pull_down_log2_psm_ratio,deeploc2_1_localizations,location_compatibility_preliminary,signalp6_prediction,signalp6_sp_probability,deeptmhmm_tm_count,deeptmhmm_topology,signal_tm_evidence_status,domain_context_status,annotation_conflict_status,exact_interpro_all_matches,working_priority_tier,mtexpress_a17_old_ids,mtexpress_a17_v5_loci,mtexpress_locus_count,expression_source,expression_source_url,a17_v5_locus_id,paired_projects_total,root_median_tmm,nodule_median_tmm,median_project_log2fc_nodule_vs_root,projects_log2fc_gt0,projects_log2fc_ge1,r108_source_projects_total,r108_source_median_log2fc,r108_source_projects_log2fc_gt0,nodule_abundance_score_5,nodule_enrichment_score_5,score_expression_10,expression_mapping_status,expression_status,score_table_s4_15,score_pull_down_15,score_mapping_10,score_structure_30,score_cellular_20,score_raw_observed,score_max_available,score_normalized_0_100,score_completeness_fraction,score_interpretation,analysis_note,bait_psm_corrected,control_psm_corrected,control_psm_missing_in_raw,bait_mascot_corrected,control_mascot_corrected,control_mascot_missing_in_raw,table_s3_row_count_corrected,table_s3_accessions_corrected,pull_down_log2_psm_ratio_corrected,master_control_psm_was_corrupted,master_bait_psm_matches_raw,observed_log2_bait_plus1,log2_control_plus1,control_detected,log2_length,log2_cys_plus1,log2_met_plus1,cys_per_100aa,met_per_100aa,expression_missing,log2_nodule_tmm_plus1,compartment_model,context_bucket,disposition_bucket,primary_class,context_bucket_model,expected_log2_bait_plus1_primary_counts_context,expected_bait_psm_primary_counts_context,residual_specificity_log2_primary_counts_context,background_residual_percentile_primary_counts_context,empirical_upper_tail_p_primary_counts_context,empirical_bh_q_primary_counts_context,expected_log2_bait_plus1_sensitivity_density_context,expected_bait_psm_sensitivity_density_context,residual_specificity_log2_sensitivity_density_context,background_residual_percentile_sensitivity_density_context,empirical_upper_tail_p_sensitivity_density_context,empirical_bh_q_sensitivity_density_context,expected_log2_bait_plus1_sensitivity_chemistry_only,expected_bait_psm_sensitivity_chemistry_only,residual_specificity_log2_sensitivity_chemistry_only,background_residual_percentile_sensitivity_chemistry_only,empirical_upper_tail_p_sensitivity_chemistry_only,empirical_bh_q_sensitivity_chemistry_only,expected_log2_bait_plus1_sensitivity_no_sulfur_context,expected_bait_psm_sensitivity_no_sulfur_context,residual_specificity_log2_sensitivity_no_sulfur_context,background_residual_percentile_sensitivity_no_sulfur_context,empirical_upper_tail_p_sensitivity_no_sulfur_context,empirical_bh_q_sensitivity_no_sulfur_context,expected_bait_psm_boot_median,expected_bait_psm_boot_lo95,expected_bait_psm_boot_hi95,residual_specificity_parameter_boot_median,residual_specificity_parameter_boot_lo95,residual_specificity_parameter_boot_hi95,residual_specificity_predictive_lo95,residual_specificity_predictive_hi95,predictive_probability_residual_gt0,candidate_rank_primary_counts_context,candidate_rank_sensitivity_density_context,candidate_rank_sensitivity_chemistry_only,candidate_rank_sensitivity_no_sulfur_context,candidate_rank_median_models,candidate_rank_spread_models,robust_top10_all_models,residual_priority_tier,interpretation
Background,MtrunR108HiC_000035.1,MtrunR108HiC_000035,G7I8C5,High confidence,"Putative proteasome component (PCI) domain, 26S proteasome regulatory subunit",483,5,6,15,26,3,0.68,73.80875776397515,0.7336093857832987,0.5162180814354728,False,False,True,True,True,,False,,,0,,,,,,False,False,False,False,False,False,False,False,False,False,False,False,False,False,False,False,False,False,False,False,False,1,G7I8C5,High confidence,3,15,49,15,True,True,-2.0,,,,,,,,,,,,Medtr1g026030,MtrunA17_Chr1g0157071,1,MtExpress V3 (20220901); A17 5.1.9 quantification; selected paired root/nodule projects,https://lipm-browsers.toulouse.inra.fr/expression-atlas-data/v3/20220901_MtExpressV3-Dataset.zip,MtrunA17_Chr1g0157071,9.0,34.698435298949,32.13577390316256,-0.1794001182538398,3.0,0.0,2.0,-0.1597382719050153,1.0,4.0,0.0,4.0,Reliable single A17 locus; scored,MtExpress: 32.14 median nodule TMM; median project log2FC=-0.18; 3/9 projects positive,0.0,0.0,9.0,0.0,,13.0,80.0,16.25,0.8,Descriptive prioritization only; not a probability of Cu binding or NCC1 client status,Table S3 non-Table S4 comparison background; not assumed to be a true negative,3.0,0.0,True,49.0,0.0,True,1,G7I8C5,2.0,True,True,2.0,0.0,False,8.915879378835774,2.584962500721156,2.807354922057604,1.0351966873706004,1.2422360248447204,False,5.0503177095851335,Unknown,,,,No formal structure-positive context,2.2342107195288174,3.7050521692391882,-0.23421071952881745,46.62162162162162,0.5466666666666666,,2.2977957332389445,3.9170592284118424,-0.2977957332389445,43.91891891891892,0.5733333333333334,,2.226439852298197,3.6797772203480887,-0.22643985229819696,46.62162162162162,0.5466666666666666,,2.2727962635168217,3.8325888702191904,-0.27279626351682174,46.62162162162162,0.5466666666666666,,3.701664,3.1528888,4.329708,-0.23317134380340576,-0.41405659914016724,-0.05411533713340766,-1.8065058199098636,0.5974362412642441,0.464,,,,,,,False,Background training row,"Residual specificity is an exploratory deviation from the empirical Table S3 background expectation, not a probability of specific binding, Cu binding, or client status."
Background,MtrunR108HiC_002662.1,MtrunR108HiC_002662,G7I9C1,High confidence,Putative pyruvate kinase,529,8,11,11,30,3,0.9,89.84192186515436,0.9111531190926276,0.8758664146187777,False,False,True,True,True,,True,M470-H497,H-M,3,4.492901734959267,0.0956682332056759,87.25,2.315,11.794062420351676,True,True,False,True,True,True,True,True,True,True,True,True,True,True,True,False,False,False,True,False,False,1,G7I9C1,High confidence,3,15,52,15,True,True,-2.0,,,,,,,,,,,,Medtr1g061630,MtrunA17_Chr1g0179541,1,MtExpress V3 (20220901); A17 5.1.9 quantification; selected paired root/nodule projects,https://lipm-browsers.toulouse.inra.fr/expression-atlas-data/v3/20220901_MtExpressV3-Dataset.zip,MtrunA17_Chr1g0179541,9.0,122.44006624535648,141.4332824334566,0.3528063890296007,7.0,0.0,2.0,0.3752183164596254,2.0,5.0,1.0,6.0,Reliable single A17 locus; scored,MtExpress: 141.43 median nodule TMM; median project log2FC=0.35; 7/9 projects positive,0.0,0.0,9.0,27.658812484070335,,42.65881248407034,80.0,53.32351560508793,0.8,Descriptive prioritization only; not a probability of Cu binding or NCC1 client status,Table S3 non-Table S4 comparison background; not assumed to be a true negative,3.0,0.0,True,52.0,0.0,True,1,G7I9C1,2.0,True,True,2.0,0.0,False,9.047123912114026,3.169925001442312,3.584962500721156,1.5122873345935728,2.0793950850661624,False,7.154142490512006,Unknown,Canonical/conserved enzyme-fold coincidence,Background benchmark,Background housekeeping enzyme fold coincidence,Canonical/conserved enzyme-fold coincidence,2.160619041039808,3.4710666153069427,-0.16061904103980806,54.729729729729726,0.4666666666666667,,2.1459096185907955,3.4257121433560513,-0.14590961859079554,52.027027027027025,0.49333333333333335,,2.1899606281507245,3.56293033718657,-0.18996062815072445,50.67567567567568,0.5066666666666667,,2.0603541112820003,3.1708866670251528,-0.0603541112820003,56.08108108108108,0.4533333333333333,,3.3817682,2.8928528,3.9767532,-0.13151311874389648,-0.31520473361015316,0.03917216062545774,-1.775763704626547,0.7098669431895753,0.513,,,,,,,False,Background training row,"Residual specificity is an exploratory deviation from the empirical Table S3 background expectation, not a probability of specific binding, Cu binding, or client status."
Background,MtrunR108HiC_002786.1,MtrunR108HiC_002786,A0A072VK81,High confidence,Putative cystathionine beta-lyase,468,8,12,10,30,3,0.8000000000000002,84.52982905982905,0.8176638176638177,0.8112535612535613,False,True,True,True,True,,False,,,0,,,,,,False,False,False,False,False,False,False,True,False,False,False,False,False,False,False,False,False,False,False,False,False,1,A0A072VK81,High confidence,2,15,27,15,True,True,-2.415037499278844,,,,,,,,,,,,Medtr1g064320,MtrunA17_Chr1g0181151,1,MtExpress V3 (20220901); A17 5.1.9 quantification; selected paired root/nodule projects,https://lipm-browsers.toulouse.inra.fr/expression-atlas-data/v3/20220901_MtExpressV3-Dataset.zip,MtrunA17_Chr1g0181151,9.0,23.755871138940694,27.11295756742103,0.4678306510803045,7.0,0.0,2.0,0.6767620807762997,2.0,4.0,1.0,5.0,Reliable single A17 locus; scored,MtExpress: 27.11 median nodule TMM; median project log2FC=0.47; 7/9 projects positive,0.0,0.0,9.0,0.0,,14.0,80.0,17.5,0.8,Descriptive prioritization only; not a probability of Cu binding or NCC1 client status,Table S3 non-Table S4 comparison background; not assumed to be a true negative,2.0,0.0,True,27.0,0.0,True,1,A0A072VK81,1.584962500721156,True,True,1.584962500721156,0.0,False,8.870364719583405,3.169925001442312,3.700439718141092,1.7094017094017095,2.564102564102564,False,4.813163332433434,Unknown,,,,No formal structure-positive context,2.186779338436429,3.552879695809657,-0.6018168377152731,27.7027027027027,0.7333333333333333,,2.191923266427425,3.569141958964532,-0.606960765706269,25.0,0.76,,2.039943328043843,3.1122937643005315,-0.45498082732268674,41.21621621621622,0.6,,2.221968856194256,3.6652967671805072,-0.6370063554730998,26.35135135135135,0.7466666666666667,,3.5745573,3.0476804,4.162077,-0.6086696251333361,-0.7829891606271868,-0.4321329279840594,-2.21815444592256,0.2514393155226195,0.253,,,,,,,False,Background training row,"Residual specificity is an exploratory deviation from the empirical Table S3 background expectation, not a probability of specific binding, Cu binding, or client status."
Background,MtrunR108HiC_004029.1,MtrunR108HiC_004029,Q1RSH4,Exact unique,"Putative chaperonin Cpn60/TCP-1 family, groEL-like apical domain superfamily",576,7,15,4,26,3,0.7400000000000001,85.76068287037037,0.8993055555555555,0.8564814814814815,False,False,False,False,True,,False,,,0,,,,,,False,False,False,False,False,False,False,True,False,False,False,False,False,False,False,False,False,False,False,False,False,1,Q1RSH4,Exact unique,11,15,149,15,True,True,-0.4150374992788438,,,,,,,,,,,,Medtr1g090130,MtrunA17_Chr1g0196751,1,MtExpress V3 (20220901); A17 5.1.9 quantification; selected paired root/nodule projects,https://lipm-browsers.toulouse.inra.fr/expression-atlas-data/v3/20220901_MtExpressV3-Dataset.zip,MtrunA17_Chr1g0196751,9.0,63.6849033596016,57.79593309869815,-0.2053280810533797,4.0,0.0,2.0,-0.5752861146910049,0.0,5.0,0.0,5.0,Reliable single A17 locus; scored,MtExpress: 57.80 median nodule TMM; median project log2FC=-0.21; 4/9 projects positive,0.0,0.0,10.0,0.0,,15.0,80.0,18.75,0.8,Descriptive prioritization only; not a probability of Cu binding or NCC1 client status,Table S3 non-Table S4 comparison background; not assumed to be a true negative,11.0,0.0,True,149.0,0.0,True,1,Q1RSH4,3.584962500721156,True,True,3.584962500721156,0.0,False,9.169925001442312,3.0,4.0,1.215277777777778,2.604166666666667,False,5.8776444625126905,Unknown,,,,No formal structure-positive context,2.2252928020319023,3.676057926828843,1.3596696986892538,93.91891891891892,0.08,,2.253367763125493,3.767945559344292,1.3315947375956632,95.27027027027027,0.06666666666666667,,2.163868691240472,3.4811489806312412,1.4210938094806842,93.91891891891892,0.08,,2.2650709380106107,3.806780544013189,1.3198915627105454,93.91891891891892,0.08,,3.6656847,3.1187553,4.2820015,1.3628738061487073,1.1838778153955336,1.5427540735303755,-0.2581148443703162,2.2182021721557796,0.928,,,,,,,False,Background training row,"Residual specificity is an exploratory deviation from the empirical Table S3 background expectation, not a probability of specific binding, Cu binding, or client status."
Background,MtrunR108HiC_004030.1,MtrunR108HiC_004030,Q1RSH3,Exact unique,"Putative chaperonin Cpn60/TCP-1 family, groEL-like apical domain superfamily",574,6,16,2,24,3,0.7333333333333334,85.93287456445994,0.9047619047619048,0.8623693379790941,False,False,False,False,True,,False,,,0,,,,,,False,False,False,False,False,False,False,True,False,False,False,False,False,False,False,False,False,False,False,False,False,1,Q1RSH3,Exact unique,10,15,137,15,True,True,-0.5405683813627028,,,,,,,,,,,,Medtr1g090140,MtrunA17_Chr1g0196761,1,MtExpress V3 (20220901); A17 5.1.9 quantification; selected paired root/nodule projects,https://lipm-browsers.toulouse.inra.fr/expression-atlas-data/v3/20220901_MtExpressV3-Dataset.zip,MtrunA17_Chr1g0196761,9.0,59.1743117836499,55.35351177560205,-0.1740537654578204,3.0,0.0,2.0,-0.2197196154898746,0.0,5.0,0.0,5.0,Reliable single A17 locus; scored,MtExpress: 55.35 median nodule TMM; median project log2FC=-0.17; 3/9 projects positive,0.0,0.0,10.0,0.0,,15.0,80.0,18.75,0.8,Descriptive prioritization only; not a probability of Cu binding or NCC1 client status,Table S3 non-Table S4 comparison background; not assumed to be a true negative,10.0,0.0,True,137.0,0.0,True,1,Q1RSH3,3.4594316186372973,True,True,3.4594316186372973,0.0,False,9.164906926675688,2.807354922057604,4.087462841250339,1.0452961672473868,2.7874564459930316,False,5.816433612354614,Unknown,,,,No formal structure-positive context,2.2384876741320685,3.7190212699899456,1.2209439445052288,91.21621621621621,0.10666666666666667,,2.2242971212000793,3.6728318431072493,1.235134497437218,92.56756756756756,0.09333333333333334,,2.114052337109505,3.3290556217899017,1.3453792815277925,92.56756756756756,0.09333333333333334,,2.1923662087024103,3.570545011443672,1.267065409934887,91.21621621621621,0.10666666666666667,,3.680933,3.111022,4.3442326,1.2326353492204882,1.0414488317434527,1.4199344458048082,-0.3823964770078441,2.0699784605599882,0.896,,,,,,,False,Background training row,"Residual specificity is an exploratory deviation from the empirical Table S3 background expectation, not a probability of specific binding, Cu binding, or client status."
Background,MtrunR108HiC_004106.1,MtrunR108HiC_004106,A0A072VNH5,High confidence,Putative transcription factor WD40-like family,1216,21,24,37,82,3,0.53,82.98544407894737,0.8503289473684211,0.7867324561403509,False,True,True,True,True,,False,,,0,,,,,,False,False,False,False,False,False,False,True,False,False,False,False,False,False,False,False,False,False,False,False,False,1,A0A072VNH5,High confidence,3,15,30,15,True,True,-2.0,,,,,,,,,,,,Medtr1g090827,MtrunA17_Chr1g0197551,1,MtExpress V3 (20220901); A17 5.1.9 quantification; selected paired root/nodule projects,https://lipm-browsers.toulouse.inra.fr/expression-atlas-data/v3/20220901_MtExpressV3-Dataset.zip,MtrunA17_Chr1g0197551,9.0,79.5463935623662,133.514658720476,-0.1140230644475002,4.0,1.0,2.0,-0.0516713419571304,1.0,5.0,0.0,5.0,Reliable single A17 locus; scored,MtExpress: 133.51 median nodule TMM; median project log2FC=-0.11; 4/9 projects positive,0.0,0.0,9.0,0.0,,14.0,80.0,17.5,0.8,Descriptive prioritization only; not a probability of Cu binding or NCC1 client status,Table S3 non-Table S4 comparison background; not assumed to be a true negative,3.0,0.0,True,30.0,0.0,True,1,A0A072VNH5,2.0,True,True,2.0,0.0,False,10.247927513443585,4.459431618637297,4.643856189774724,1.7269736842105265,1.9736842105263157,False,7.071619588660644,Unknown,,,,No formal structure-positive context,2.205655328432745,3.61284024357205,-0.20565532843274514,50.67567567567568,0.5066666666666667,,2.25820727491265,3.783966459863521,-0.25820727491265005,46.62162162162162,0.5466666666666666,,2.146403858544947,3.42722856811823,-0.14640385854494697,56.08108108108108,0.4533333333333333,,2.335854059385749,4.048497405074173,-0.3358540593857491,41.21621621621622,0.6,,3.5260859,2.908792,4.2970915,-0.17826390266418457,-0.4052004158496857,0.033277177810668884,-1.7829627911837373,0.6596024460804055,0.501,,,,,,,False,Background training row,"Residual specificity is an exploratory deviation from the empirical Table S3 background expectation, not a probability of specific binding, Cu binding, or client status."
Background,MtrunR108HiC_004270.1,MtrunR108HiC_004270,G7I3B2,High confidence,Putative chorismate synthase,436,8,11,9,28,3,0.85,86.39175076452598,0.8425076452599388,0.790519877675841,False,False,True,True,True,,False,,,0,,,,,,False,False,False,False,False,False,False,True,False,False,False,False,False,False,False,False,False,False,False,False,False,1,G7I3B2,High confidence,2,15,38,15,True,True,-2.415037499278844,,,,,,,,,,,,Medtr1g095250,MtrunA17_Chr1g0199821,1,MtExpress V3 (20220901); A17 5.1.9 quantification; selected paired root/nodule projects,https://lipm-browsers.toulouse.inra.fr/expression-atlas-data/v3/20220901_MtExpressV3-Dataset.zip,MtrunA17_Chr1g0199821,9.0,95.30532605607144,78.98117296491155,-1.05644316465518,0.0,0.0,2.0,-0.979191681744985,0.0,5.0,0.0,5.0,Reliable single A17 locus; scored,MtExpress: 78.98 median nodule TMM; median project log2FC=-1.06; 0/9 projects positive,0.0,0.0,9.0,0.0,,14.0,80.0,17.5,0.8,Descriptive prioritization only; not a probability of Cu binding or NCC1 client status,Table S3 non-Table S4 comparison background; not assumed to be a true negative,2.0,0.0,True,38.0,0.0,True,1,G7I3B2,1.584962500721156,True,True,1.584962500721156,0.0,False,8.768184324776927,3.169925001442312,3.584962500721156,1.834862385321101,2.522935779816514,False,6.321588534053062,Unknown,,,,No formal structure-positive context,2.24785650766599,3.749766222843923,-0.6628940069448341,18.243243243243242,0.8266666666666667,,2.2345842238803493,3.706270434301045,-0.6496217231591932,18.243243243243242,0.8266666666666667,,2.2154871240888463,3.644383562839521,-0.6305246233676902,27.7027027027027,0.7333333333333333,,2.25101543185573,3.760177702420286,-0.666052931134574,19.594594594594593,0.8133333333333334,,3.6829848,3.1907105,4.2294006,-0.6424659355581408,-0.8016829832494861,-0.48223252734547906,-2.247921580730724,0.18333645766849782,0.21,,,,,,,False,Background training row,"Residual specificity is an exploratory deviation from the empirical Table S3 background expectation, not a probability of specific binding, Cu binding, or client status."
Background,MtrunR108HiC_004503.1,MtrunR108HiC_004503,G7IDZ4,High confidence,Putative Heat shock protein Hsp90 family,704,5,23,8,36,3,0.7166666666666667,81.35151515151516,0.7883522727272728,0.7121212121212123,False,False,False,False,True,,False,,,0,,,,,,False,False,False,False,False,False,False,True,False,False,False,True,False,False,False,False,False,False,False,False,False,1,G7IDZ4,High confidence,9,15,166,15,True,True,-0.6780719051126377,,,,,,,,,,,,Medtr1g099840,MtrunA17_Chr1g0202601,1,MtExpress V3 (20220901); A17 5.1.9 quantification; selected paired root/nodule projects,https://lipm-browsers.toulouse.inra.fr/expression-atlas-data/v3/20220901_MtExpressV3-Dataset.zip,MtrunA17_Chr1g0202601,9.0,0.102506455831459,0.0768798418735943,-0.4999999999999946,3.0,2.0,2.0,2.7672978616790544,2.0,0.0,0.0,0.0,Reliable single A17 locus; scored,MtExpress: 0.08 median nodule TMM; median project log2FC=-0.50; 3/9 projects positive,0.0,0.0,9.0,0.0,,9.0,80.0,11.25,0.8,Descriptive prioritization only; not a probability of Cu binding or NCC1 client status,Table S3 non-Table S4 comparison background; not assumed to be a true negative,9.0,0.0,True,166.0,0.0,True,1,G7IDZ4,3.321928094887362,True,True,3.321928094887362,0.0,False,9.459431618637296,2.584962500721156,4.584962500721156,0.7102272727272727,3.2670454545454546,False,0.10685728311888913,Unknown,,,,No formal structure-positive context,1.7115800319487855,2.275193244982668,1.6103480629385767,97.97297297297297,0.04,,2.0400502026418588,3.1125984135922806,1.2818778922455034,93.91891891891892,0.08,,1.714174416377165,2.281088291982083,1.6077536785101971,97.97297297297297,0.04,,1.8010018082911385,2.4846211362319015,1.5209262865962236,95.27027027027027,0.06666666666666667,,3.32023,2.4507382,4.476144,1.210820030235873,0.8687679519888026,1.5350230654712778,-0.40558028391253353,2.1676917398631925,0.921,,,,,,,False,Background training row,"Residual specificity is an exploratory deviation from the empirical Table S3 background expectation, not a probability of specific binding, Cu binding, or client status."
Background,MtrunR108HiC_005078.1,MtrunR108HiC_005078,A0A072VS63,High confidence,"Putative ribosomal protein L2, domain 2",1317,7,8,11,26,3,0.3266666666666666,45.48987091875474,0.2475322703113136,0.1888129587446216,False,False,False,False,True,,False,,,0,,,,,,False,False,False,False,False,False,False,False,False,False,False,False,False,False,False,False,False,False,False,False,False,1,A0A072VS63,High confidence,2,15,28,15,True,True,-2.415037499278844,,,,,,,,,,,,Medtr1g111560,MtrunA17_Chr1g0210301,1,MtExpress V3 (20220901); A17 5.1.9 quantification; selected paired root/nodule projects,https://lipm-browsers.toulouse.inra.fr/expression-atlas-data/v3/20220901_MtExpressV3-Dataset.zip,MtrunA17_Chr1g0210301,9.0,85.3168151071005,89.7678248056002,-0.2212245494615912,3.0,0.0,2.0,-0.2052898709430706,0.0,5.0,0.0,5.0,Reliable single A17 locus; scored,MtExpress: 89.77 median nodule TMM; median project log2FC=-0.22; 3/9 projects positive,0.0,0.0,9.0,0.0,,14.0,80.0,17.5,0.8,Descriptive prioritization only; not a probability of Cu binding or NCC1 client status,Table S3 non-Table S4 comparison background; not assumed to be a true negative,2.0,0.0,True,28.0,0.0,True,1,A0A072VS63,1.584962500721156,True,True,1.584962500721156,0.0,False,10.363039630256514,3.0,3.169925001442312,0.5315110098709187,0.6074411541381929,False,6.5041090794114425,Unknown,,,,No formal structure-positive context,2.2485572263619273,3.7520737502822854,-0.6635947256407713,16.89189189189189,0.84,,2.3153183008513647,3.9771445961816507,-0.7303558001302086,6.081081081081081,0.9466666666666667,,2.2341663601896897,3.704907502632456,-0.6492038594685337,18.243243243243242,0.8266666666666667,,2.310885932660457,3.961876862301172,-0.7259234319393011,7.4324324324324325,0.9333333333333333,,3.7472806,3.1892953,4.4094505,-0.6621389254034167,-0.8505194588602191,-0.4817450030744677,-2.228685211673851,0.17609853831341232,0.177,,,,,,,False,Background training row,"Residual specificity is an exploratory deviation from the empirical Table S3 background expectation, not a probability of specific binding, Cu binding, or client status."
Background,MtrunR108HiC_005507.1,MtrunR108HiC_005507,G7IL50,High confidence,Putative methionine S-methyltransferase,1092,24,14,17,55,3,0.85,86.53095543345542,0.9032356532356532,0.840964590964591,False,True,True,True,True,,True,H591-M673,H-M,2,4.4950193834186685,0.5485936298954348,79.53,4.035,8.986820309904875,True,True,False,True,True,True,False,True,True,True,False,True,True,True,False,False,False,False,True,False,False,1,G7IL50,High confidence,2,15,46,15,True,True,-2.415037499278844,,,,,,,,,,,,Medtr2g005110,MtrunA17_Chr2g0276741,1,MtExpress V3 (20220901); A17 5.1.9 quantification; selected paired root/nodule projects,https://lipm-browsers.toulouse.inra.fr/expression-atlas-data/v3/20220901_MtExpressV3-Dataset.zip,MtrunA17_Chr2g0276741,9.0,78.1813150900586,69.90940287705536,-0.3156498788906958,2.0,0.0,2.0,-0.3336634680510553,0.0,5.0,0.0,5.0,Reliable single A17 locus; scored,MtExpress: 69.91 median nodule TMM; median project log2FC=-0.32; 2/9 projects positive,0.0,0.0,9.0,22.06803072864764,,36.06803072864764,80.0,45.08503841080955,0.8,Descriptive prioritization only; not a probability of Cu binding or NCC1 client status,Table S3 non-Table S4 comparison background; not assumed to be a true negative,2.0,0.0,True,46.0,0.0,True,1,G7IL50,1.584962500721156,True,True,1.584962500721156,0.0,False,10.092757140919852,4.643856189774724,3.9068905956085187,2.197802197802198,1.282051282051282,False,6.147905042304745,Unknown,Canonical/conserved enzyme-fold coincidence,Background benchmark,Background housekeeping enzyme fold coincidence,Canonical/conserved enzyme-fold coincidence,2.1214209034731693,3.3512228390594574,-0.5364584027520132,31.756756756756758,0.6933333333333334,,2.158867062918418,3.4656403427060667,-0.5739045621972618,33.108108108108105,0.68,,2.139725515049516,3.4067819561518604,-0.5547630143283597,35.810810810810814,0.6533333333333333,,2.1688765053132166,3.49673075851366,-0.5839140045920606,33.108108108108105,0.68,,3.1391115,2.60224,3.816289,-0.4643585546911364,-0.6829595251978045,-0.2639318360984927,-2.1428520674859235,0.41923566930461986,0.368,,,,,,,False,Background training row,"Residual specificity is an exploratory deviation from the empirical Table S3 background expectation, not a probability of specific binding, Cu binding, or client status."
Background,MtrunR108HiC_005935.1,MtrunR108HiC_005935,Q2HTS1,High confidence,Putative ribosomal protein S6e,248,4,4,2,10,3,0.6366666666666667,89.63991935483871,0.9758064516129032,0.9233870967741936,False,False,True,True,True,,False,,,0,,,,,,False,False,False,False,False,False,False,False,False,False,False,False,False,False,False,False,False,False,False,False,False,1,Q2HTS1,High confidence,5,15,114,15,True,True,-1.415037499278844,,,,,,,,,,,,Medtr2g014030,MtrunA17_Chr2g0282411,1,MtExpress V3 (20220901); A17 5.1.9 quantification; selected paired root/nodule projects,https://lipm-browsers.toulouse.inra.fr/expression-atlas-data/v3/20220901_MtExpressV3-Dataset.zip,MtrunA17_Chr2g0282411,9.0,141.764070766424,147.50678994147052,-0.3083604040917205,3.0,0.0,2.0,-0.57867637797492,0.0,5.0,0.0,5.0,Reliable single A17 locus; scored,MtExpress: 147.51 median nodule TMM; median project log2FC=-0.31; 3/9 projects positive,0.0,0.0,9.0,0.0,,14.0,80.0,17.5,0.8,Descriptive prioritization only; not a probability of Cu binding or NCC1 client status,Table S3 non-Table S4 comparison background; not assumed to be a true negative,5.0,0.0,True,114.0,0.0,True,1,Q2HTS1,2.584962500721156,True,True,2.584962500721156,0.0,False,7.954196310386875,2.321928094887362,2.321928094887362,1.6129032258064515,1.6129032258064515,False,7.2143850843761514,Unknown,,,,No formal structure-positive context,2.274444084726565,3.83811172271609,0.3105184159945913,69.5945945945946,0.32,,2.2685903990176963,3.8185210213075447,0.31637210170345975,69.5945945945946,0.32,,2.2427934067422246,3.7331262570038977,0.34216909397893147,72.29729729729729,0.29333333333333333,,2.268331354268087,3.817655903953793,0.3166311464530689,70.94594594594595,0.30666666666666664,,3.9062266,3.2852054,4.6283827,0.29034854331606574,0.09224221864336676,0.48559811273211184,-1.3421023636965743,1.1344481947369016,0.69,,,,,,,False,Background training row,"Residual specificity is an exploratory deviation from the empirical Table S3 background expectation, not a probability of specific binding, Cu binding, or client status."
Background,MtrunR108HiC_006020.1,MtrunR108HiC_006020,G7IKA3,High confidence,Putative pyruvate decarboxylase,582,15,6,12,33,3,0.92,94.19022909507446,0.9656357388316152,0.9570446735395188,False,False,False,False,True,,False,,,0,,,,,,False,True,False,False,False,False,False,True,False,False,False,False,False,False,False,False,False,True,False,False,False,1,G7IKA3,High confidence,3,15,45,15,True,True,-2.0,,,,,,,,,,,,Medtr2g015560,MtrunA17_Chr2g0283471,1,MtExpress V3 (20220901); A17 5.1.9 quantification; selected paired root/nodule projects,https://lipm-browsers.toulouse.inra.fr/expression-atlas-data/v3/20220901_MtExpressV3-Dataset.zip,MtrunA17_Chr2g0283471,9.0,55.55849906065105,182.64087767770295,2.2001382381521744,8.0,6.0,2.0,2.724974242932886,2.0,5.0,4.0,9.0,Reliable single A17 locus; scored,MtExpress: 182.64 median nodule TMM; median project log2FC=2.20; 8/9 projects positive,0.0,0.0,9.0,0.0,,18.0,80.0,22.5,0.8,Descriptive prioritization only; not a probability of Cu binding or NCC1 client status,Table S3 non-Table S4 comparison background; not assumed to be a true negative,3.0,0.0,True,45.0,0.0,True,1,G7IKA3,2.0,True,True,2.0,0.0,False,9.184875342908283,4.0,2.807354922057604,2.5773195876288657,1.0309278350515463,False,7.520743422048966,Unknown,,,,No formal structure-positive context,2.2554218796243437,3.7747390194899673,-0.2554218796243437,45.270270270270274,0.56,,2.2758884160160355,3.842957746992349,-0.27588841601603553,45.270270270270274,0.56,,2.1807712551302196,3.533958717457554,-0.18077125513021963,53.37837837837838,0.48,,2.3421752466035635,4.070665993092795,-0.34217524660356347,39.86486486486486,0.6133333333333333,,3.6896825,3.181275,4.307714,-0.2294902801513672,-0.40809050798416135,-0.06394291520118718,-1.8427675792515914,0.5914062933010052,0.505,,,,,,,False,Background training row,"Residual specificity is an exploratory deviation from the empirical Table S3 background expectation, not a probability of specific binding, Cu binding, or client status."
Background,MtrunR108HiC_006027.1,MtrunR108HiC_006027,B7FN54,High confidence,Putative ribosomal protein S27,86,6,2,2,10,3,0.6066666666666666,85.69891472868217,0.9108527131782944,0.8565891472868218,False,True,False,True,True,,False,,,0,,,,,,False,False,False,False,True,False,False,True,False,False,False,False,False,False,False,False,False,False,False,False,False,1,B7FN54,High confidence,2,15,80,15,True,True,-2.415037499278844,,,,,,,,,,,,Medtr2g029270,MtrunA17_Chr2g0291901,1,MtExpress V3 (20220901); A17 5.1.9 quantification; selected paired root/nodule projects,https://lipm-browsers.toulouse.inra.fr/expression-atlas-data/v3/20220901_MtExpressV3-Dataset.zip,MtrunA17_Chr2g0291901,9.0,90.8719730945887,82.64583001411421,-0.4609123277065396,2.0,0.0,2.0,-0.6326057566617096,0.0,5.0,0.0,5.0,Reliable single A17 locus; scored,MtExpress: 82.65 median nodule TMM; median project log2FC=-0.46; 2/9 projects positive,0.0,0.0,9.0,0.0,,14.0,80.0,17.5,0.8,Descriptive prioritization only; not a probability of Cu binding or NCC1 client status,Table S3 non-Table S4 comparison background; not assumed to be a true negative,2.0,0.0,True,80.0,0.0,True,1,B7FN54,1.584962500721156,True,True,1.584962500721156,0.0,False,6.426264754702098,2.807354922057604,1.584962500721156,6.976744186046512,2.3255813953488373,False,6.38622171443475,Unknown,,,,No formal structure-positive context,2.227290500189541,3.6825373438272955,-0.6423279994683848,23.64864864864865,0.7733333333333333,,2.174822232397058,3.5153012135358805,-0.5898597316759018,29.054054054054053,0.72,,2.3017282175041607,3.9304803844788054,-0.7167657167830046,3.3783783783783785,0.9733333333333334,,2.323169318813488,4.004303605364025,-0.738206818092332,4.72972972972973,0.96,,3.792828,3.0701175,4.6977663,-0.6759145124853259,-0.925433884471715,-0.44010785660153684,-2.2829920940638826,0.2264089572090158,0.175,,,,,,,False,Background training row,"Residual specificity is an exploratory deviation from the empirical Table S3 background expectation, not a probability of specific binding, Cu binding, or client status."
Background,MtrunR108HiC_006358.1,MtrunR108HiC_006358,A0A072V423,High confidence,Putative nepenthesin,418,13,3,7,23,3,0.8933333333333334,90.94850877192982,0.9210526315789472,0.9011164274322168,False,True,True,True,True,,False,,,0,,,,,,False,False,False,False,False,False,False,False,False,False,False,False,False,False,False,False,False,False,False,False,False,1,A0A072V423,High confidence,2,15,50,15,True,True,-2.415037499278844,,,,,,,,,,,,Medtr2g022320,MtrunA17_Chr2R0037870,1,MtExpress V3 (20220901); A17 5.1.9 quantification; selected paired root/nodule projects,https://lipm-browsers.toulouse.inra.fr/expression-atlas-data/v3/20220901_MtExpressV3-Dataset.zip,,,,,,,,,,,,,,No single reliable MtExpress locus; not scored,No reliable single A17 5.1.9 locus mapping; expression score withheld,0.0,0.0,9.0,0.0,,9.0,70.0,12.857142857142858,0.7,Descriptive prioritization only; not a probability of Cu binding or NCC1 client status,Table S3 non-Table S4 comparison background; not assumed to be a true negative,2.0,0.0,True,50.0,0.0,True,1,A0A072V423,1.584962500721156,True,True,1.584962500721156,0.0,False,8.707359132080883,3.807354922057604,2.0,3.110047846889952,0.7177033492822966,True,,Unknown,,,,No formal structure-positive context,2.0985604592508444,3.2828182630216416,-0.5135979585296884,35.810810810810814,0.6533333333333333,,2.175577825030495,3.517666662794378,-0.590615324309339,27.7027027027027,0.7333333333333333,,2.0981312277681687,3.281544225932027,-0.5131687270470127,38.513513513513516,0.6266666666666667,,2.1720577200474493,3.506657214924094,-0.5870952193262933,31.756756756756758,0.6933333333333334,,3.2125301,2.6478727,4.1109295,-0.48972462257748894,-0.7686230643690234,-0.28209293624764736,-2.0731942646743104,0.37577888600165993,0.317,,,,,,,False,Background training row,"Residual specificity is an exploratory deviation from the empirical Table S3 background expectation, not a probability of specific binding, Cu binding, or client status."
Background,MtrunR108HiC_006901.1,MtrunR108HiC_006901,Q2HU25,High confidence,Putative dihydrolipoyl dehydrogenase,568,8,9,23,40,3,0.8266666666666667,86.32981220657278,0.8392018779342724,0.8303990610328639,False,False,True,True,True,,True,M448-H505,H-M,3,4.615944540394739,0.2152373090650643,98.44,0.98,6.8091402772680825,True,True,False,True,True,True,True,True,True,True,False,True,True,True,False,False,False,False,True,False,False,1,Q2HU25,High confidence,9,3,162,62,True,True,1.3219280948873624,,,,,,,,,,,,Medtr2g034580,MtrunA17_Chr2g0294661,1,MtExpress V3 (20220901); A17 5.1.9 quantification; selected paired root/nodule projects,https://lipm-browsers.toulouse.inra.fr/expression-atlas-data/v3/20220901_MtExpressV3-Dataset.zip,MtrunA17_Chr2g0294661,9.0,14.0473822006874,15.0594284391114,0.0214489792188552,5.0,0.0,2.0,0.2382743067176798,1.0,3.0,1.0,4.0,Reliable single A17 locus; scored,MtExpress: 15.06 median nodule TMM; median project log2FC=0.02; 5/9 projects positive,0.0,8.854763806937168,9.0,28.15382805545362,,50.00859186239079,80.0,62.51073982798848,0.8,Descriptive prioritization only; not a probability of Cu binding or NCC1 client status,Table S3 non-Table S4 comparison background; not assumed to be a true negative,9.0,3.0,False,162.0,62.0,False,1,Q2HU25,1.3219280948873624,False,True,3.321928094887362,2.0,True,9.149747119504681,3.169925001442312,3.321928094887362,1.4084507042253522,1.584507042253521,False,4.005348642615997,Incompatible,Compartment-incompatible/indirect,Background benchmark,Background compartment-incompatible redox enzyme,Compartment-incompatible/indirect,2.9226479380093915,6.582365164785621,0.3992801568779707,75.0,0.26666666666666666,,2.9440012515749627,6.6954263132950675,0.37792684331239945,72.29729729729729,0.29333333333333333,,2.6249719998582273,5.168723576529812,0.6969560950291349,81.75675675675676,0.2,,3.1912067070100827,8.133746231641458,0.1307213878772795,62.83783783783784,0.38666666666666666,,7.430991,3.942976,8.74051,0.2462257852789027,0.03793098833523817,1.016548322701083,-1.3553657047220782,1.42676505438383,0.657,,,,,,,False,Background training row,"Residual specificity is an exploratory deviation from the empirical Table S3 background expectation, not a probability of specific binding, Cu binding, or client status."
Background,MtrunR108HiC_007290.1,MtrunR108HiC_007290,A0A072V6N9,Probable,Putative nucleosome assembly protein (NAP),275,2,6,3,11,3,0.7200000000000001,80.25534545454546,0.7078787878787879,0.6327272727272727,False,False,False,False,True,,False,,,0,,,,,,False,False,False,False,False,False,False,False,False,False,False,False,False,False,False,False,False,False,False,False,False,1,A0A072V6N9,Probable,2,15,36,15,True,True,-2.415037499278844,,,,,,,,,,,,Medtr2g039680,MtrunA17_Chr2g0299501,1,MtExpress V3 (20220901); A17 5.1.9 quantification; selected paired root/nodule projects,https://lipm-browsers.toulouse.inra.fr/expression-atlas-data/v3/20220901_MtExpressV3-Dataset.zip,MtrunA17_Chr2g0299501,9.0,189.824094449934,125.2937690958625,-0.6487581204172397,2.0,0.0,2.0,-0.7931417299658046,0.0,5.0,0.0,5.0,Reliable single A17 locus; scored,MtExpress: 125.29 median nodule TMM; median project log2FC=-0.65; 2/9 projects positive,0.0,0.0,6.0,0.0,,11.0,80.0,13.75,0.8,Descriptive prioritization only; not a probability of Cu binding or NCC1 client status,Table S3 non-Table S4 comparison background; not assumed to be a true negative,2.0,0.0,True,36.0,0.0,True,1,A0A072V6N9,1.584962500721156,True,True,1.584962500721156,0.0,False,8.103287808412022,1.584962500721156,2.807354922057604,0.7272727272727273,2.181818181818182,False,6.980639652999585,Unknown,,,,No formal structure-positive context,2.327741256414607,4.0201875268736575,-0.7427787556934509,3.3783783783783785,0.9733333333333334,,2.3191387293508745,3.990342135177962,-0.7341762286297184,4.72972972972973,0.96,,2.3351322172106443,4.045972057223565,-0.7501697164894883,0.6756756756756757,1.0,,2.2956186852491176,3.9096449094379713,-0.7106561845279615,10.135135135135135,0.9066666666666666,,3.977182,3.340869,4.767492,-0.7303666933477526,-0.9429815336168413,-0.5330212398470051,-2.2995648379479596,0.11220244393468488,0.097,,,,,,,False,Background training row,"Residual specificity is an exploratory deviation from the empirical Table S3 background expectation, not a probability of specific binding, Cu binding, or client status."
Background,MtrunR108HiC_008775.1,MtrunR108HiC_008775,A0A072V9Q0,Probable,Putative stem-specific protein TSJT1,253,6,8,7,21,3,0.85,87.47490118577075,0.8972332015810277,0.8511198945981554,False,False,True,True,True,,True,C73-M106,C-M,3,3.719024737750476,0.3166135290450729,93.38,2.17,9.919055204934176,True,True,True,True,True,True,True,True,True,True,False,True,True,True,False,False,True,False,False,False,False,1,A0A072V9Q0,Probable,2,15,19,15,True,True,-2.415037499278844,,,,,,,,,,,,Medtr2g079670,MtrunA17_Chr2g0317901,1,MtExpress V3 (20220901); A17 5.1.9 quantification; selected paired root/nodule projects,https://lipm-browsers.toulouse.inra.fr/expression-atlas-data/v3/20220901_MtExpressV3-Dataset.zip,MtrunA17_Chr2g0317901,9.0,118.138690345757,568.218911287737,2.2871591665137245,9.0,9.0,2.0,1.7100643013205046,2.0,5.0,4.0,9.0,Reliable single A17 locus; scored,MtExpress: 568.22 median nodule TMM; median project log2FC=2.29; 9/9 projects positive,0.0,0.0,6.0,28.10114437432017,,43.10114437432017,80.0,53.87643046790022,0.8,Descriptive prioritization only; not a probability of Cu binding or NCC1 client status,Table S3 non-Table S4 comparison background; not assumed to be a true negative,2.0,0.0,True,19.0,0.0,True,1,A0A072V9Q0,1.584962500721156,True,True,1.584962500721156,0.0,False,7.98299357469431,2.807354922057604,3.169925001442312,2.371541501976284,3.1620553359683794,False,9.152839783416724,Unknown,Native metal/catalytic-site alternative,Background benchmark,Plausible native catalytic-site mimic,Native metal/catalytic-site alternative,2.2429152205702616,3.7335259149726276,-0.6579527198491055,19.594594594594593,0.8133333333333334,,2.213079772049086,3.6366401778497126,-0.6281172713279299,20.945945945945947,0.8,,2.271914625525496,3.8296365537184895,-0.68695212480434,8.783783783783784,0.92,,2.255589217504103,3.7752928725362995,-0.6706267167829467,18.243243243243242,0.8266666666666667,,3.5661855,2.84697,4.514315,-0.6060268743932848,-0.8782192333639269,-0.35876007220155054,-2.27535487112752,0.28927428596187693,0.226,,,,,,,False,Background training row,"Residual specificity is an exploratory deviation from the empirical Table S3 background expectation, not a probability of specific binding, Cu binding, or client status."
Background,MtrunR108HiC_009132.1,MtrunR108HiC_009132,G7IRG5,Exact unique,"Putative Heat shock protein DnaJ, cysteine-rich",417,11,13,11,35,3,0.5233333333333333,79.16048760991207,0.8041566746602719,0.6818545163868905,True,True,True,True,True,,False,,,0,,,,,,False,False,False,False,False,False,False,True,False,False,False,True,False,False,False,False,False,False,False,False,False,1,G7IRG5,Exact unique,4,15,97,15,True,True,-1.6780719051126376,,,,,,,,,,,,Medtr2g087660,MtrunA17_Chr2g0322181,1,MtExpress V3 (20220901); A17 5.1.9 quantification; selected paired root/nodule projects,https://lipm-browsers.toulouse.inra.fr/expression-atlas-data/v3/20220901_MtExpressV3-Dataset.zip,MtrunA17_Chr2g0322181,9.0,124.6478502910545,122.073580039145,0.1796254004556239,7.0,1.0,2.0,0.5261452573123955,2.0,5.0,1.0,6.0,Reliable single A17 locus; scored,MtExpress: 122.07 median nodule TMM; median project log2FC=0.18; 7/9 projects positive,0.0,0.0,10.0,0.0,,16.0,80.0,20.0,0.8,Descriptive prioritization only; not a probability of Cu binding or NCC1 client status,Table S3 non-Table S4 comparison background; not assumed to be a true negative,4.0,0.0,True,97.0,0.0,True,1,G7IRG5,2.321928094887362,True,True,2.321928094887362,0.0,False,8.703903573444663,3.584962500721156,3.807354922057604,2.6378896882494005,3.117505995203837,False,6.94337728435623,Unknown,,,,No formal structure-positive context,2.2412687625316723,3.7281269178759855,0.0806593323556899,58.78378378378378,0.4266666666666667,,2.210108925835403,3.627102076208394,0.11181916905195921,60.13513513513514,0.41333333333333333,,2.181176899377159,3.5352337151549795,0.140751195510203,61.486486486486484,0.4,,2.2730993149301555,3.8336041067554767,0.04882877995720669,58.78378378378378,0.4266666666666667,,3.6594958,3.1691227,4.225677,0.1017541399236781,-0.06368975136317187,0.2621841242548091,-1.4627288080150551,0.9792222615287249,0.615,,,,,,,False,Background training row,"Residual specificity is an exploratory deviation from the empirical Table S3 background expectation, not a probability of specific binding, Cu binding, or client status."
Background,MtrunR108HiC_009849.1,MtrunR108HiC_009849,A0A072VCM1,Probable,Putative 6-phosphofructokinase,465,9,9,15,33,3,0.8833333333333333,89.52106810035842,0.899641577060932,0.8795698924731182,False,False,True,True,True,,True,H167-M198,H-M,3,3.9914612612425544,0.0889894558597856,95.12,1.525,9.650972631827848,True,True,True,True,True,True,True,True,True,True,False,True,True,True,False,False,False,False,True,False,False,1,A0A072VCM1,Probable,4,15,43,15,True,True,-1.6780719051126376,,,,,,,,,,,,Medtr2g100710,MtrunA17_Chr2g0330871,1,MtExpress V3 (20220901); A17 5.1.9 quantification; selected paired root/nodule projects,https://lipm-browsers.toulouse.inra.fr/expression-atlas-data/v3/20220901_MtExpressV3-Dataset.zip,MtrunA17_Chr2g0330871,9.0,19.6810345067285,186.766762524919,2.7937657900592248,9.0,8.0,2.0,5.0481583676984805,2.0,5.0,4.0,9.0,Reliable single A17 locus; scored,MtExpress: 186.77 median nodule TMM; median project log2FC=2.79; 9/9 projects positive,0.0,0.0,6.0,28.279527859698906,,43.2795278596989,80.0,54.09940982462363,0.8,Descriptive prioritization only; not a probability of Cu binding or NCC1 client status,Table S3 non-Table S4 comparison background; not assumed to be a true negative,4.0,0.0,True,43.0,0.0,True,1,A0A072VCM1,2.321928094887362,True,True,2.321928094887362,0.0,False,8.861086905995395,3.321928094887362,3.321928094887362,1.935483870967742,1.935483870967742,False,7.552797897152545,Unknown,Canonical/conserved enzyme-fold coincidence,Background benchmark,Background housekeeping enzyme fold coincidence,Canonical/conserved enzyme-fold coincidence,2.1192875303996295,3.344793260150973,0.2026405644877327,65.54054054054055,0.36,,2.162451507515227,3.476749233567264,0.1594765873721351,62.83783783783784,0.38666666666666666,,2.211918549110942,3.6329096551106383,0.1100095457764203,58.78378378378378,0.4266666666666667,,2.1096499595681464,3.31586566247831,0.2122781353192158,65.54054054054055,0.36,,3.4013019,2.8984385,4.0246644,0.1839978208776576,-0.007098997569455445,0.3590317836042505,-1.437604776208759,1.0392338439585243,0.629,,,,,,,False,Background training row,"Residual specificity is an exploratory deviation from the empirical Table S3 background expectation, not a probability of specific binding, Cu binding, or client status."
Background,MtrunR108HiC_009974.1,MtrunR108HiC_009974,Q2HVX2,Probable,Putative PLAT/LH2 domain superfamily protein,190,6,8,7,21,3,0.64,79.0173859649123,0.6789473684210526,0.5543859649122808,False,False,False,False,True,,False,,,0,,,,,,False,False,False,False,True,False,False,False,False,False,False,False,False,False,False,False,False,False,False,False,False,1,Q2HVX2,Probable,6,15,164,15,True,True,-1.1926450779423958,,,,,,,,,,,,Medtr2g103303,MtrunA17_Chr2g0332661,1,MtExpress V3 (20220901); A17 5.1.9 quantification; selected paired root/nodule projects,https://lipm-browsers.toulouse.inra.fr/expression-atlas-data/v3/20220901_MtExpressV3-Dataset.zip,MtrunA17_Chr2g0332661,9.0,0.4100258233258375,602.4372319741855,10.51445203934166,9.0,9.0,2.0,10.188822757936776,2.0,5.0,5.0,10.0,Reliable single A17 locus; scored,MtExpress: 602.44 median nodule TMM; median project log2FC=10.51; 9/9 projects positive,0.0,0.0,6.0,0.0,,16.0,80.0,20.0,0.8,Descriptive prioritization only; not a probability of Cu binding or NCC1 client status,Table S3 non-Table S4 comparison background; not assumed to be a true negative,6.0,0.0,True,164.0,0.0,True,1,Q2HVX2,2.807354922057604,True,True,2.807354922057604,0.0,False,7.569855608330948,2.807354922057604,3.169925001442312,3.1578947368421053,4.2105263157894735,False,9.237059903043233,Unknown,,,,No formal structure-positive context,2.30603755371959,3.9452297675995993,0.5013173683380141,76.35135135135135,0.25333333333333335,,2.1430564724747527,3.4169682819117417,0.6642984495828514,80.4054054054054,0.21333333333333335,,2.2617796525757297,3.7958271172219593,0.5455752694818745,76.35135135135135,0.25333333333333335,,2.3402056763899424,4.063748232677147,0.4671492456676618,77.70270270270271,0.24,,3.9583716,3.2468443,4.739293,0.49748849368236003,0.28648186421534955,0.7209636340155356,-1.1198194477250998,1.354319728274899,0.77,,,,,,,False,Background training row,"Residual specificity is an exploratory deviation from the empirical Table S3 background expectation, not a probability of specific binding, Cu binding, or client status."
Background,MtrunR108HiC_009978.1,MtrunR108HiC_009978,Q2HVW6,Exact unique,Putative PLAT/LH2 domain superfamily protein,167,6,3,4,13,3,0.7366666666666667,81.51614770459082,0.7005988023952097,0.6726546906187624,False,False,True,True,True,,False,,,0,,,,,,False,False,False,False,False,False,False,False,False,False,False,False,False,False,False,False,False,False,False,False,False,1,Q2HVW6,Exact unique,4,15,78,15,True,True,-1.6780719051126376,,,,,,,,,,,,Medtr2g103360,MtrunA17_Chr2g0332751,1,MtExpress V3 (20220901); A17 5.1.9 quantification; selected paired root/nodule projects,https://lipm-browsers.toulouse.inra.fr/expression-atlas-data/v3/20220901_MtExpressV3-Dataset.zip,MtrunA17_Chr2g0332751,9.0,0.10250645583146,85.92603660072089,9.02556728882758,9.0,9.0,2.0,8.689472160790102,2.0,5.0,5.0,10.0,Reliable single A17 locus; scored,MtExpress: 85.93 median nodule TMM; median project log2FC=9.03; 9/9 projects positive,0.0,0.0,10.0,0.0,,20.0,80.0,25.0,0.8,Descriptive prioritization only; not a probability of Cu binding or NCC1 client status,Table S3 non-Table S4 comparison background; not assumed to be a true negative,4.0,0.0,True,78.0,0.0,True,1,Q2HVW6,2.321928094887362,True,True,2.321928094887362,0.0,False,7.383704292474052,2.807354922057604,2.0,3.592814371257485,1.7964071856287425,False,6.441716461209577,Unknown,,,,No formal structure-positive context,2.267249499539148,3.8140445724095438,0.05467859534821429,57.432432432432435,0.44,,2.129808062100878,3.376592499130874,0.19212003278648426,65.54054054054055,0.36,,2.2857970528404827,3.8763343631212877,0.03613104204687945,57.432432432432435,0.44,,2.3055828478758627,3.943671385204998,0.01634524701149953,57.432432432432435,0.44,,3.7871776,3.1749983,4.525874,0.06275279428921765,-0.14427464101351672,0.26015242841206615,-1.5389024516560517,0.9378178911470675,0.612,,,,,,,False,Background training row,"Residual specificity is an exploratory deviation from the empirical Table S3 background expectation, not a probability of specific binding, Cu binding, or client status."
Background,MtrunR108HiC_010241.1,MtrunR108HiC_010241,G7J061,High confidence,Putative malonyl-[acyl-carrier protein] O-methyltransferase,335,5,13,7,25,3,0.7966666666666667,85.4412935323383,0.8786069651741294,0.8268656716417909,False,False,True,True,True,,False,,,0,,,,,,False,False,False,False,False,False,False,True,False,False,False,False,False,False,False,False,False,False,False,False,False,1,G7J061,High confidence,3,15,70,15,True,True,-2.0,,,,,,,,,,,,Medtr3g005730,MtrunA17_Chr3g0077641,1,MtExpress V3 (20220901); A17 5.1.9 quantification; selected paired root/nodule projects,https://lipm-browsers.toulouse.inra.fr/expression-atlas-data/v3/20220901_MtExpressV3-Dataset.zip,MtrunA17_Chr3g0077641,9.0,12.659701054869,11.096323843755464,-0.1905392325077195,2.0,0.0,2.0,-0.2572059738252752,0.0,3.0,0.0,3.0,Reliable single A17 locus; scored,MtExpress: 11.10 median nodule TMM; median project log2FC=-0.19; 2/9 projects positive,0.0,0.0,9.0,0.0,,12.0,80.0,15.0,0.8,Descriptive prioritization only; not a probability of Cu binding or NCC1 client status,Table S3 non-Table S4 comparison background; not assumed to be a true negative,3.0,0.0,True,70.0,0.0,True,1,G7J061,2.0,True,True,2.0,0.0,False,8.388017285345136,2.584962500721156,3.807354922057604,1.4925373134328357,3.880597014925373,False,3.59649676402376,Unknown,,,,No formal structure-positive context,2.213594826158546,3.638295792411464,-0.21359482615854608,49.32432432432432,0.52,,2.1328972182597647,3.3859738738390233,-0.13289721825976475,53.37837837837838,0.48,,2.201451661500552,3.5994190972223237,-0.20145166150055216,49.32432432432432,0.52,,2.183860574560841,3.5436779262150013,-0.18386057456084082,50.67567567567568,0.5066666666666667,,3.5588326,2.9617295,4.2736907,-0.18866431713104248,-0.3988129377365112,0.013869619369506791,-1.821401275092427,0.663637813293134,0.484,,,,,,,False,Background training row,"Residual specificity is an exploratory deviation from the empirical Table S3 background expectation, not a probability of specific binding, Cu binding, or client status."
Background,MtrunR108HiC_013003.1,MtrunR108HiC_013003,G7JBT5,High confidence,"Putative tetratricopeptide-like helical domain superfamily, clathrin, heavy chain, linker, core",1701,21,43,33,97,3,0.4000000000000001,76.42229668822262,0.7860082304526749,0.4070154810895551,False,True,True,True,True,,True,H136-M148,H-M,3,3.675804809834167,0.0904785880652871,91.44,1.385,11.232110034440808,True,True,True,True,True,True,True,True,True,True,True,True,True,False,False,False,False,False,True,False,False,1,G7JBT5,High confidence,2,15,32,15,True,True,-2.415037499278844,,,,,,,,,,,,Medtr3g070940,MtrunA17_Chr3g0113701,1,MtExpress V3 (20220901); A17 5.1.9 quantification; selected paired root/nodule projects,https://lipm-browsers.toulouse.inra.fr/expression-atlas-data/v3/20220901_MtExpressV3-Dataset.zip,MtrunA17_Chr3g0113701,9.0,453.61623238911454,260.4579617035784,-1.058378246809779,0.0,0.0,2.0,-0.9872099967879792,0.0,5.0,0.0,5.0,Reliable single A17 locus; scored,MtExpress: 260.46 median nodule TMM; median project log2FC=-1.06; 0/9 projects positive,0.0,0.0,9.0,28.105088673554825,,42.105088673554825,80.0,52.63136084194353,0.8,Descriptive prioritization only; not a probability of Cu binding or NCC1 client status,Table S3 non-Table S4 comparison background; not assumed to be a true negative,2.0,0.0,True,32.0,0.0,True,1,G7JBT5,1.584962500721156,True,True,1.584962500721156,0.0,False,10.732167425663386,4.459431618637297,5.459431618637297,1.2345679012345678,2.5279247501469726,False,8.030435192395439,Unknown,Scaffold/proteostasis context,Background benchmark,Background macromolecular scaffold coincidence,Scaffold/proteostasis context,2.0931309127101203,3.2667302764439654,-0.5081684119889642,37.16216216216216,0.64,,2.050744912522993,3.143198417444653,-0.465782411801837,34.45945945945946,0.6666666666666666,,2.2110902425535555,3.6302504874210193,-0.6261277418323994,30.405405405405407,0.7066666666666667,,2.0176070634089105,3.0491162501986153,-0.4326445626877544,35.810810810810814,0.6533333333333333,,2.77207,2.2783988,3.5871415,-0.33039383730298333,-0.6126328333318835,-0.12802882632619197,-1.909726546370142,0.5462748535663023,0.427,,,,,,,False,Background training row,"Residual specificity is an exploratory deviation from the empirical Table S3 background expectation, not a probability of specific binding, Cu binding, or client status."
Background,MtrunR108HiC_013337.1,MtrunR108HiC_013337,A0A072V103,Probable,Putative aldehyde dehydrogenase (NAD(+)),531,7,7,10,24,3,0.8866666666666667,92.71815442561206,0.9265536723163842,0.9240426867545511,False,False,False,False,True,,False,,,0,,,,,,False,False,False,False,False,False,False,False,False,False,False,False,False,False,False,False,False,False,False,False,False,3,A0A072TS23; A0A072V103; G7JPU6,Probable,4,15,54,15,True,True,-1.6780719051126376,,,,,,,,,,,,Medtr3g078170; Medtr4g107040; Medtr8g064170,MtrunA17_Chr3g0117861; MtrunA17_Chr4g0059221; MtrunA17_Chr8g0365221,3,MtExpress V3 (20220901); A17 5.1.9 quantification; selected paired root/nodule projects,https://lipm-browsers.toulouse.inra.fr/expression-atlas-data/v3/20220901_MtExpressV3-Dataset.zip,,,18.8646730924868,22.165329717031906,-0.56616036802368,,,,0.62441585315386,,,,,"Multiple reliable A17 loci; descriptive only, not scored",Multiple reliable A17 loci map to one R108 protein; expression score withheld,0.0,0.0,6.0,0.0,,6.0,70.0,8.571428571428571,0.7,Descriptive prioritization only; not a probability of Cu binding or NCC1 client status,Table S3 non-Table S4 comparison background; not assumed to be a true negative,4.0,0.0,True,54.0,0.0,True,3,A0A072TS23; A0A072V103; G7JPU6,2.321928094887362,True,True,2.321928094887362,0.0,False,9.052568050804153,3.0,3.0,1.3182674199623352,1.3182674199623352,False,4.533895311587991,Unknown,,,,No formal structure-positive context,2.22227235363253,3.6662783014055753,0.09965574125483201,61.486486486486484,0.4,,2.2408415503288985,3.7267270277962954,0.08108654455846365,58.78378378378378,0.4266666666666667,,2.1809618059024762,3.5345576010525717,0.14096628898488595,62.83783783783784,0.38666666666666666,,2.2005604109643797,3.5965786016959465,0.12136768392298247,61.486486486486484,0.4,,3.6067533,3.074223,4.2134433,0.11817772295437878,-0.06030839178599292,0.2954031756158931,-1.4596051120109796,0.9537079069663383,0.633,,,,,,,False,Background training row,"Residual specificity is an exploratory deviation from the empirical Table S3 background expectation, not a probability of specific binding, Cu binding, or client status."
Background,MtrunR108HiC_013902.1,MtrunR108HiC_013902,G7J507,Probable,Putative porphobilinogen synthase,413,7,13,7,27,3,0.8066666666666666,87.09569814366425,0.8547215496368038,0.8256658595641646,False,False,True,True,True,,False,,,0,,,,,,False,False,False,False,False,False,False,True,True,False,False,False,False,False,False,False,False,False,False,False,False,1,G7J507,Probable,2,15,40,15,True,True,-2.415037499278844,,,,,,,,,,,,Medtr3g088610,MtrunA17_Chr3g0124871,1,MtExpress V3 (20220901); A17 5.1.9 quantification; selected paired root/nodule projects,https://lipm-browsers.toulouse.inra.fr/expression-atlas-data/v3/20220901_MtExpressV3-Dataset.zip,MtrunA17_Chr3g0124871,9.0,33.16798828677135,57.31943183876565,1.0856420339295152,8.0,5.0,2.0,1.5339535143081648,2.0,5.0,3.0,8.0,Reliable single A17 locus; scored,MtExpress: 57.32 median nodule TMM; median project log2FC=1.09; 8/9 projects positive,0.0,0.0,6.0,0.0,,14.0,80.0,17.5,0.8,Descriptive prioritization only; not a probability of Cu binding or NCC1 client status,Table S3 non-Table S4 comparison background; not assumed to be a true negative,2.0,0.0,True,40.0,0.0,True,1,G7J507,1.584962500721156,True,True,1.584962500721156,0.0,False,8.689997971419446,3.0,3.807354922057604,1.694915254237288,3.14769975786925,False,5.865904759555848,Unknown,,,,No formal structure-positive context,2.2671304789446207,3.8136474359414647,-0.6821679782234646,11.486486486486486,0.8933333333333333,,2.290163509291253,3.8911154188339356,-0.7052010085700968,11.486486486486486,0.8933333333333333,,2.243962798114572,3.736964296668769,-0.6590002973934159,14.18918918918919,0.8666666666666667,,2.2261472994909197,3.678828341256435,-0.6411847987697636,25.0,0.76,,3.6670804,3.1526146,4.2376046,-0.6375577314794665,-0.8039446218908435,-0.46905749282246884,-2.2459107304306904,0.18077588741150044,0.206,,,,,,,False,Background training row,"Residual specificity is an exploratory deviation from the empirical Table S3 background expectation, not a probability of specific binding, Cu binding, or client status."
Background,MtrunR108HiC_014003.1,MtrunR108HiC_014003,A0A072VB79,High confidence,Putative alcohol dehydrogenase,380,13,10,12,35,3,0.9266666666666667,96.01466666666666,0.9921052631578948,0.9842105263157896,False,True,True,True,True,,True,C48-C178,C-C,3,3.687211005624712,0.2067986956484002,93.81,2.91,9.919055204934176,True,True,True,True,True,True,True,True,True,True,False,True,True,True,True,True,False,False,False,False,False,1,A0A072VB79,High confidence,3,15,78,15,True,True,-2.0,,,,,,,,,,,,Medtr3g089940,MtrunA17_Chr3g0125911,1,MtExpress V3 (20220901); A17 5.1.9 quantification; selected paired root/nodule projects,https://lipm-browsers.toulouse.inra.fr/expression-atlas-data/v3/20220901_MtExpressV3-Dataset.zip,MtrunA17_Chr3g0125911,9.0,78.81688074282769,326.49318433571204,2.36592189393252,8.0,6.0,2.0,2.4306574647956847,2.0,5.0,4.0,9.0,Reliable single A17 locus; scored,MtExpress: 326.49 median nodule TMM; median project log2FC=2.37; 8/9 projects positive,0.0,0.0,9.0,28.158477707653503,,46.1584777076535,80.0,57.69809713456688,0.8,Descriptive prioritization only; not a probability of Cu binding or NCC1 client status,Table S3 non-Table S4 comparison background; not assumed to be a true negative,3.0,0.0,True,78.0,0.0,True,1,A0A072VB79,2.0,True,True,2.0,0.0,False,8.569855608330949,3.807354922057604,3.4594316186372973,3.421052631578948,2.631578947368421,False,8.355321071913705,Unknown,Native metal/catalytic-site alternative,Background benchmark,Native metal/catalytic-site mimic,Native metal/catalytic-site alternative,2.1312877054016965,3.3810834813177104,-0.13128770540169654,56.08108108108108,0.4533333333333333,,2.0875712907302106,3.2503194906757633,-0.08757129073021064,54.729729729729726,0.4666666666666667,,2.241080781967942,3.7275108915942843,-0.24108078196794214,45.270270270270274,0.56,,2.147665586021122,3.43110215131932,-0.1476655860211218,52.027027027027025,0.49333333333333335,,3.38376,2.6924732,4.1789503,-0.13216876983642578,-0.372659707069397,0.1154125839471817,-1.752076234667288,0.7526576715393287,0.513,,,,,,,False,Background training row,"Residual specificity is an exploratory deviation from the empirical Table S3 background expectation, not a probability of specific binding, Cu binding, or client status."
Background,MtrunR108HiC_015206.1,MtrunR108HiC_015206,A0A072VD34,High confidence,Putative malate dehydrogenase (oxaloacetate-decarboxylating) (NADP(+)),578,6,8,11,25,3,0.8933333333333334,91.88813148788928,0.938869665513264,0.933679354094579,False,False,False,False,True,,False,,,0,,,,,,False,False,False,False,False,False,False,False,False,False,False,False,False,False,False,False,False,False,False,False,False,1,A0A072VD34,High confidence,2,15,44,15,True,True,-2.415037499278844,,,,,,,,,,,,Medtr3g110330,MtrunA17_Chr3g0140501,1,MtExpress V3 (20220901); A17 5.1.9 quantification; selected paired root/nodule projects,https://lipm-browsers.toulouse.inra.fr/expression-atlas-data/v3/20220901_MtExpressV3-Dataset.zip,MtrunA17_Chr3g0140501,9.0,4.61279051241568,1.973249274755595,-1.2413195048993058,1.0,0.0,2.0,-2.3687167206885418,0.0,1.0,0.0,1.0,Reliable single A17 locus; scored,MtExpress: 1.97 median nodule TMM; median project log2FC=-1.24; 1/9 projects positive,0.0,0.0,9.0,0.0,,10.0,80.0,12.5,0.8,Descriptive prioritization only; not a probability of Cu binding or NCC1 client status,Table S3 non-Table S4 comparison background; not assumed to be a true negative,2.0,0.0,True,44.0,0.0,True,1,A0A072VD34,1.584962500721156,True,True,1.584962500721156,0.0,False,9.174925682500678,2.807354922057604,3.169925001442312,1.0380622837370241,1.384083044982699,False,1.5720404226730247,Unknown,,,,No formal structure-positive context,2.1910761664138647,3.5664599062707003,-0.6061136656927086,26.35135135135135,0.7466666666666667,,2.211280290534231,3.630860476152182,-0.6263177898130747,22.2972972972973,0.7866666666666666,,2.167252103821144,3.491670516921771,-0.582289603099988,34.45945945945946,0.6666666666666666,,2.2741556243268435,3.8371444606899257,-0.6891931236056874,12.837837837837839,0.88,,3.432692,2.714778,4.3152432,-0.5632206066549426,-0.8251732631624347,-0.30831351718312555,-2.1277211844830504,0.3116311280995054,0.291,,,,,,,False,Background training row,"Residual specificity is an exploratory deviation from the empirical Table S3 background expectation, not a probability of specific binding, Cu binding, or client status."
Background,MtrunR108HiC_015553.1,MtrunR108HiC_015553,G7J7Q6,High confidence,Putative proteasome endopeptidase complex,402,3,12,7,22,3,0.6533333333333333,80.99880597014925,0.8416252072968491,0.7213930348258706,False,False,True,True,True,,False,,,0,,,,,,False,False,False,False,True,False,False,True,False,False,False,False,False,False,False,False,False,False,False,False,False,1,G7J7Q6,High confidence,4,15,96,15,True,True,-1.6780719051126376,,,,,,,,,,,,Medtr3g117230,MtrunA17_Chr3g0145011,1,MtExpress V3 (20220901); A17 5.1.9 quantification; selected paired root/nodule projects,https://lipm-browsers.toulouse.inra.fr/expression-atlas-data/v3/20220901_MtExpressV3-Dataset.zip,MtrunA17_Chr3g0145011,9.0,4.51028405658422,1.9732492747555952,-1.61399154933269,0.0,0.0,2.0,-1.6864917249144455,0.0,1.0,0.0,1.0,Reliable single A17 locus; scored,MtExpress: 1.97 median nodule TMM; median project log2FC=-1.61; 0/9 projects positive,0.0,0.0,9.0,0.0,,10.0,80.0,12.5,0.8,Descriptive prioritization only; not a probability of Cu binding or NCC1 client status,Table S3 non-Table S4 comparison background; not assumed to be a true negative,4.0,0.0,True,96.0,0.0,True,1,G7J7Q6,2.321928094887362,True,True,2.321928094887362,0.0,False,8.651051691178928,2.0,3.700439718141092,0.7462686567164178,2.9850746268656714,False,1.5720404226730247,Unknown,,,,No formal structure-positive context,2.164081544377053,3.4818101716352574,0.15784655051030905,62.83783783783784,0.38666666666666666,,2.1432254114039084,3.4174855371610713,0.17870268348345375,64.1891891891892,0.37333333333333335,,2.175809161211708,3.5183911288246232,0.1461189336756541,64.1891891891892,0.37333333333333335,,2.175557083628247,3.5176017134701976,0.14637101125911522,64.1891891891892,0.37333333333333335,,3.4985285,2.7295446,4.4686193,0.1524750700231654,-0.12924857828654224,0.42292863037549083,-1.490951269368159,1.0495357407116181,0.641,,,,,,,False,Background training row,"Residual specificity is an exploratory deviation from the empirical Table S3 background expectation, not a probability of specific binding, Cu binding, or client status."
Background,MtrunR108HiC_015602.1,MtrunR108HiC_015602,G7J8J8,Probable,Putative ribosomal protein L5 eukaryotic/L18 archaeal,341,3,5,8,16,3,0.6966666666666667,79.8349853372434,0.8054740957966763,0.7028347996089931,False,False,False,False,True,,False,,,0,,,,,,False,False,False,False,False,False,False,True,False,False,False,False,False,False,False,False,False,False,False,False,False,2,B7FJX5; G7J8J8,Probable,11,15,200,15,True,True,-0.4150374992788438,,,,,,,,,,,,Medtr3g118030; Medtr8g028125,MtrunA17_Chr3g0145691; MtrunA17_Chr8g0347691,2,MtExpress V3 (20220901); A17 5.1.9 quantification; selected paired root/nodule projects,https://lipm-browsers.toulouse.inra.fr/expression-atlas-data/v3/20220901_MtExpressV3-Dataset.zip,,,239.9461892521776,257.38785491150514,-0.1512126079873801,,,,-0.3089055277746224,,,,,"Multiple reliable A17 loci; descriptive only, not scored",Multiple reliable A17 loci map to one R108 protein; expression score withheld,0.0,0.0,6.0,0.0,,6.0,70.0,8.571428571428571,0.7,Descriptive prioritization only; not a probability of Cu binding or NCC1 client status,Table S3 non-Table S4 comparison background; not assumed to be a true negative,11.0,0.0,True,200.0,0.0,True,2,B7FJX5; G7J8J8,3.584962500721156,True,True,3.584962500721156,0.0,False,8.413627929024173,2.0,2.584962500721156,0.8797653958944283,1.466275659824047,False,8.013394449935339,Unknown,,,,No formal structure-positive context,2.301105053041179,3.9283511495438823,1.283857447679977,92.56756756756756,0.09333333333333334,,2.3718496852137365,4.176043296485759,1.2131128155074196,91.21621621621621,0.10666666666666667,,2.267392571498694,3.814522004523613,1.3175699292224619,91.21621621621621,0.10666666666666667,,2.2766699763970526,3.8455820641441,1.3082925243241035,92.56756756756756,0.09333333333333334,,4.0124593,3.351974,4.7968717,1.2594438926278944,1.049688036829173,1.463292487055003,-0.3814783286682302,2.0946711104410305,0.928,,,,,,,False,Background training row,"Residual specificity is an exploratory deviation from the empirical Table S3 background expectation, not a probability of specific binding, Cu binding, or client status."
Background,MtrunR108HiC_017780.1,MtrunR108HiC_017780,B7FH91,Exact unique,Putative ribosomal protein L11/L12,166,2,3,1,6,3,0.5800000000000001,68.52753012048193,0.4919678714859438,0.1465863453815261,False,False,False,False,True,,False,,,0,,,,,,False,False,False,False,False,False,False,False,False,False,False,False,False,False,False,False,False,False,False,False,False,1,B7FH91,Exact unique,2,15,34,15,True,True,-2.415037499278844,,,,,,,,,,,,Medtr4g059400,MtrunA17_Chr4g0029051,1,MtExpress V3 (20220901); A17 5.1.9 quantification; selected paired root/nodule projects,https://lipm-browsers.toulouse.inra.fr/expression-atlas-data/v3/20220901_MtExpressV3-Dataset.zip,MtrunA17_Chr4g0029051,9.0,296.01148023045903,235.211339177481,0.092468985862995,5.0,0.0,2.0,-0.1093486515894803,1.0,5.0,1.0,6.0,Reliable single A17 locus; scored,MtExpress: 235.21 median nodule TMM; median project log2FC=0.09; 5/9 projects positive,0.0,0.0,10.0,0.0,,16.0,80.0,20.0,0.8,Descriptive prioritization only; not a probability of Cu binding or NCC1 client status,Table S3 non-Table S4 comparison background; not assumed to be a true negative,2.0,0.0,True,34.0,0.0,True,1,B7FH91,1.584962500721156,True,True,1.584962500721156,0.0,False,7.3750394313469245,1.584962500721156,2.0,1.2048192771084338,1.8072289156626504,False,7.88393441184452,Unknown,,,,No formal structure-positive context,2.4915003830197957,4.623624955514701,-0.9065378822986396,0.6756756756756757,1.0,,2.4072094612296833,4.304473128274116,-0.8222469605085272,0.6756756756756757,1.0,,2.2721587964428416,3.83045402141086,-0.6871962957216855,7.4324324324324325,0.9333333333333333,,2.2912246779770324,3.894714383059788,-0.7062621772558764,11.486486486486486,0.8933333333333333,,4.0600924,3.2705536,5.044831,-0.7542012794912463,-1.010739366620839,-0.5094606264532213,-2.370665491281795,0.12467997424445529,0.096,,,,,,,False,Background training row,"Residual specificity is an exploratory deviation from the empirical Table S3 background expectation, not a probability of specific binding, Cu binding, or client status."
Background,MtrunR108HiC_018628.1,MtrunR108HiC_018628,G7JTX3,Exact unique,"Putative armadillo-like helical, 26S proteasome non-ATPase regulatory subunit RPN1",886,12,30,22,64,3,0.64,62.563318284424376,0.2881866064710308,0.0440180586907449,False,False,True,True,True,,False,,,0,,,,,,False,False,False,False,False,False,False,True,False,False,False,False,False,False,False,False,False,False,False,False,False,1,G7JTX3,Exact unique,7,15,105,15,True,True,-1.0,,,,,,,,,,,,Medtr4g078780,MtrunA17_Chr4g0040471,1,MtExpress V3 (20220901); A17 5.1.9 quantification; selected paired root/nodule projects,https://lipm-browsers.toulouse.inra.fr/expression-atlas-data/v3/20220901_MtExpressV3-Dataset.zip,MtrunA17_Chr4g0040471,9.0,204.65413906750848,270.1045111158958,-0.0731655877534009,3.0,0.0,2.0,-0.1185951995975997,1.0,5.0,0.0,5.0,Reliable single A17 locus; scored,MtExpress: 270.10 median nodule TMM; median project log2FC=-0.07; 3/9 projects positive,0.0,0.0,10.0,0.0,,15.0,80.0,18.75,0.8,Descriptive prioritization only; not a probability of Cu binding or NCC1 client status,Table S3 non-Table S4 comparison background; not assumed to be a true negative,7.0,0.0,True,105.0,0.0,True,1,G7JTX3,3.0,True,True,3.0,0.0,False,9.791162888555018,3.700439718141092,4.954196310386875,1.3544018058690745,3.3860045146726865,False,8.082705309259403,Unknown,,,,No formal structure-positive context,2.1820200043040057,3.537884861287443,0.8179799956959943,83.10810810810811,0.18666666666666668,,2.1914064704202487,3.5675055137184666,0.8085935295797513,83.10810810810811,0.18666666666666668,,2.1118596164644465,3.322480982405282,0.8881403835355535,83.10810810810811,0.18666666666666668,,2.3176117327772308,3.9850629848429246,0.6823882672227692,80.4054054054054,0.21333333333333335,,3.7045126,3.0195231,4.4580097,0.7659547328948975,0.5516250669956207,0.9929756879806518,-0.8041713682344486,1.6540422708667457,0.829,,,,,,,False,Background training row,"Residual specificity is an exploratory deviation from the empirical Table S3 background expectation, not a probability of specific binding, Cu binding, or client status."
Background,MtrunR108HiC_018909.1,MtrunR108HiC_018909,Q2MGQ2,Exact unique,Putative glycine cleavage system H-protein,155,2,3,5,10,3,0.8000000000000002,89.63025806451613,0.8430107526881722,0.8365591397849462,False,False,False,False,True,,False,,,0,,,,,,False,False,False,False,False,False,False,True,False,False,False,False,False,False,False,False,False,False,False,False,False,1,Q2MGQ2,Exact unique,8,15,143,15,True,True,-0.8300749985576876,,,,,,,,,,,,Medtr4g084110,MtrunA17_Chr4g0043711,1,MtExpress V3 (20220901); A17 5.1.9 quantification; selected paired root/nodule projects,https://lipm-browsers.toulouse.inra.fr/expression-atlas-data/v3/20220901_MtExpressV3-Dataset.zip,MtrunA17_Chr4g0043711,9.0,58.479933051847595,46.0253986683253,-0.5600683215703102,1.0,0.0,2.0,-0.5695873235855848,0.0,4.0,0.0,4.0,Reliable single A17 locus; scored,MtExpress: 46.03 median nodule TMM; median project log2FC=-0.56; 1/9 projects positive,0.0,0.0,10.0,0.0,,14.0,80.0,17.5,0.8,Descriptive prioritization only; not a probability of Cu binding or NCC1 client status,Table S3 non-Table S4 comparison background; not assumed to be a true negative,8.0,0.0,True,143.0,0.0,True,1,Q2MGQ2,3.169925001442312,True,True,3.169925001442312,0.0,False,7.2761244052742375,1.584962500721156,2.0,1.2903225806451613,1.935483870967742,False,5.555368269457265,Unknown,,,,No formal structure-positive context,2.2699099965459464,3.822930419774572,0.9000150048963658,84.45945945945945,0.17333333333333334,,2.2939070468700122,3.903823475706724,0.8760179545722999,85.8108108108108,0.16,,2.251093530370442,3.7604353957376038,0.9188314710718704,85.8108108108108,0.16,,2.224960968553914,3.6749825130475697,0.9449640328883984,85.8108108108108,0.16,,3.8752704,3.1994882,4.7483907,0.8844428332446803,0.6467668922542323,1.099711457073568,-0.7172197069233188,1.7321180647715997,0.848,,,,,,,False,Background training row,"Residual specificity is an exploratory deviation from the empirical Table S3 background expectation, not a probability of specific binding, Cu binding, or client status."
Background,MtrunR108HiC_018976.1,MtrunR108HiC_018976,G7JK13,Exact unique,Putative ribosomal protein S9,143,3,2,2,7,3,0.8099999999999999,92.014662004662,0.9860139860139862,0.972027972027972,False,False,False,False,True,,False,,,0,,,,,,False,False,False,False,False,False,False,True,False,False,False,False,False,False,False,False,False,False,False,False,False,1,G7JK13,Exact unique,3,15,43,15,True,True,-2.0,,,,,,,,,,,,Medtr4g085580,MtrunA17_Chr4g0044571,1,MtExpress V3 (20220901); A17 5.1.9 quantification; selected paired root/nodule projects,https://lipm-browsers.toulouse.inra.fr/expression-atlas-data/v3/20220901_MtExpressV3-Dataset.zip,MtrunA17_Chr4g0044571,9.0,86.84859470320396,64.48786205474335,-0.5260108150427394,1.0,0.0,2.0,-0.5585773333688002,0.0,5.0,0.0,5.0,Reliable single A17 locus; scored,MtExpress: 64.49 median nodule TMM; median project log2FC=-0.53; 1/9 projects positive,0.0,0.0,10.0,0.0,,15.0,80.0,18.75,0.8,Descriptive prioritization only; not a probability of Cu binding or NCC1 client status,Table S3 non-Table S4 comparison background; not assumed to be a true negative,3.0,0.0,True,43.0,0.0,True,1,G7JK13,2.0,True,True,2.0,0.0,False,7.159871336778389,2.0,1.584962500721156,2.097902097902098,1.3986013986013985,False,6.033155627855587,Unknown,,,,No formal structure-positive context,2.2700517804088522,3.8234044266081506,-0.27005178040885225,43.91891891891892,0.5733333333333334,,2.254224201274144,3.7707768318148194,-0.2542242012741438,47.972972972972975,0.5333333333333333,,2.262585387193026,3.7985062996353633,-0.26258538719302615,43.91891891891892,0.5733333333333334,,2.2874300802503265,3.8818571493156053,-0.28743008025032646,43.91891891891892,0.5733333333333334,,3.8681703,3.170384,4.7509437,-0.2833794355392456,-0.5237985074520111,-0.06018010973930363,-1.9054723576739228,0.5794778810157504,0.447,,,,,,,False,Background training row,"Residual specificity is an exploratory deviation from the empirical Table S3 background expectation, not a probability of specific binding, Cu binding, or client status."
Background,MtrunR108HiC_019387.1,MtrunR108HiC_019387,G7JU35,High confidence,Putative methylmalonate-semialdehyde dehydrogenase (CoA acylating),537,7,18,9,34,3,0.8666666666666667,90.33648044692738,0.9000620732464308,0.8857852265673495,False,False,True,True,True,,True,M269-M286,M-M,3,3.778749660932832,0.1431457511130589,93.81,2.41,5.629734035232912,True,True,True,True,True,True,True,True,True,True,False,True,True,False,False,False,False,False,False,True,False,1,G7JU35,High confidence,2,15,47,15,True,True,-2.415037499278844,,,,,,,,,,,,Medtr4g093170,MtrunA17_Chr4g0049641,1,MtExpress V3 (20220901); A17 5.1.9 quantification; selected paired root/nodule projects,https://lipm-browsers.toulouse.inra.fr/expression-atlas-data/v3/20220901_MtExpressV3-Dataset.zip,MtrunA17_Chr4g0049641,9.0,72.01978016309945,123.1354700417175,0.1290465170993897,5.0,1.0,2.0,0.1821995926948441,2.0,5.0,1.0,6.0,Reliable single A17 locus; scored,MtExpress: 123.14 median nodule TMM; median project log2FC=0.13; 5/9 projects positive,0.0,0.0,9.0,27.30061347371325,,42.30061347371325,80.0,52.87576684214156,0.8,Descriptive prioritization only; not a probability of Cu binding or NCC1 client status,Table S3 non-Table S4 comparison background; not assumed to be a true negative,2.0,0.0,True,47.0,0.0,True,1,G7JU35,1.584962500721156,True,True,1.584962500721156,0.0,False,9.068778277985412,3.0,4.247927513443585,1.303538175046555,3.35195530726257,False,6.955771594861602,Unknown,Canonical/conserved enzyme-fold coincidence,Background benchmark,Background housekeeping enzyme fold coincidence,Canonical/conserved enzyme-fold coincidence,2.1695518900314235,3.4988363554268034,-0.5845893893102674,30.405405405405407,0.7066666666666667,,2.1604634142034556,3.4705843370677103,-0.5755009134822995,30.405405405405407,0.7066666666666667,,2.2242476128225865,3.672671490193527,-0.6392851121014305,25.0,0.76,,2.068273788507682,3.193845716693666,-0.48331128778652577,34.45945945945946,0.6666666666666666,,3.3719597,2.8409407,4.0077524,-0.5433176620901232,-0.7392006143034106,-0.356497146099866,-2.199697492158598,0.2731329691774897,0.3,,,,,,,False,Background training row,"Residual specificity is an exploratory deviation from the empirical Table S3 background expectation, not a probability of specific binding, Cu binding, or client status."
Background,MtrunR108HiC_019788.1,MtrunR108HiC_019788,A0A072VAP6,Probable,Putative ribosomal protein L22/L17,173,2,2,6,10,3,0.79,89.19707129094411,0.8940269749518305,0.8747591522157996,False,False,True,True,True,,False,,,0,,,,,,False,False,False,False,False,False,False,False,False,False,False,False,False,False,False,False,False,False,False,False,False,1,A0A072VAP6,Probable,3,15,52,15,True,True,-2.0,,,,,,,,,,,,Medtr3g085490,MtrunA17_Chr3g0122641,1,MtExpress V3 (20220901); A17 5.1.9 quantification; selected paired root/nodule projects,https://lipm-browsers.toulouse.inra.fr/expression-atlas-data/v3/20220901_MtExpressV3-Dataset.zip,MtrunA17_Chr3g0122641,9.0,470.86340486180853,261.39146237022146,-0.1897350621966795,1.0,0.0,2.0,-0.3346660051543693,0.0,5.0,0.0,5.0,Reliable single A17 locus; scored,MtExpress: 261.39 median nodule TMM; median project log2FC=-0.19; 1/9 projects positive,0.0,0.0,6.0,0.0,,11.0,80.0,13.75,0.8,Descriptive prioritization only; not a probability of Cu binding or NCC1 client status,Table S3 non-Table S4 comparison background; not assumed to be a true negative,3.0,0.0,True,52.0,0.0,True,1,A0A072VAP6,2.0,True,True,2.0,0.0,False,7.434628227636725,1.584962500721156,1.584962500721156,1.1560693641618496,1.1560693641618496,False,8.03557696843298,Unknown,,,,No formal structure-positive context,2.3394668446268314,4.061155654129876,-0.3394668446268314,42.567567567567565,0.5866666666666667,,2.3872180714782196,4.231476101453054,-0.3872180714782196,41.21621621621622,0.6,,2.5214721537559455,4.741676921319671,-0.5214721537559455,37.16216216216216,0.64,,2.287798992906506,3.883105652375134,-0.2877989929065059,42.567567567567565,0.5866666666666667,,4.0925345,3.2657366,5.129104,-0.3483837842941284,-0.6156761288642884,-0.09279488921165467,-1.9256732807366237,0.5249571046845861,0.403,,,,,,,False,Background training row,"Residual specificity is an exploratory deviation from the empirical Table S3 background expectation, not a probability of specific binding, Cu binding, or client status."
Background,MtrunR108HiC_020273.1,MtrunR108HiC_020273,G7LC71,High confidence,"Putative proteasome component (PCI) domain, winged helix-like DNA-binding domain superfamily",451,9,14,6,29,3,0.73,81.62665188470068,0.8595713229859571,0.7827050997782705,False,False,False,False,True,,False,,,0,,,,,,False,True,False,False,True,False,False,False,False,False,False,False,False,False,False,False,False,True,False,False,False,1,G7LC71,High confidence,2,15,45,15,True,True,-2.415037499278844,,,,,,,,,,,,Medtr8g092390,MtrunA17_Chr8g0383531,1,MtExpress V3 (20220901); A17 5.1.9 quantification; selected paired root/nodule projects,https://lipm-browsers.toulouse.inra.fr/expression-atlas-data/v3/20220901_MtExpressV3-Dataset.zip,MtrunA17_Chr8g0383531,9.0,12.4393634280593,12.8234551180598,0.0284361853486752,5.0,0.0,2.0,-0.1499156245325148,0.0,3.0,1.0,4.0,Reliable single A17 locus; scored,MtExpress: 12.82 median nodule TMM; median project log2FC=0.03; 5/9 projects positive,0.0,0.0,9.0,0.0,,13.0,80.0,16.25,0.8,Descriptive prioritization only; not a probability of Cu binding or NCC1 client status,Table S3 non-Table S4 comparison background; not assumed to be a true negative,2.0,0.0,True,45.0,0.0,True,1,G7LC71,1.584962500721156,True,True,1.584962500721156,0.0,False,8.81698362325538,3.321928094887362,3.9068905956085187,1.9955654101995564,3.1042128603104215,False,3.7890463516184463,Unknown,,,,No formal structure-positive context,2.1798845695787548,3.5311729863005814,-0.5949220688575987,29.054054054054053,0.72,,2.1834946346120794,3.5425255673557796,-0.5985321338909233,26.35135135135135,0.7466666666666667,,2.2252743762107294,3.675998205505554,-0.6403118754895734,23.64864864864865,0.7733333333333333,,2.217950430088838,3.6523203132356414,-0.6329879293676819,27.7027027027027,0.7333333333333333,,3.4750428,2.9087024,4.139437,-0.5769388540685778,-0.7766479178369646,-0.3817272617519504,-2.1654634950642095,0.24445641172401902,0.259,,,,,,,False,Background training row,"Residual specificity is an exploratory deviation from the empirical Table S3 background expectation, not a probability of specific binding, Cu binding, or client status."
Background,MtrunR108HiC_020660.1,MtrunR108HiC_020660,A0A072TVN2,Exact unique,"Putative dynamin stalk domain, dynamin, GTPase region, GTPase effector domain, Dynamin superfamily",610,5,14,14,33,3,0.63,86.69423497267759,0.9087431693989072,0.8278688524590164,False,False,True,True,True,,False,,,0,,,,,,False,False,False,False,False,False,False,False,False,False,False,False,False,False,False,False,False,False,False,False,False,1,A0A072TVN2,Exact unique,2,15,60,15,True,True,-2.415037499278844,,,,,,,,,,,,Medtr8g099550,MtrunA17_Chr8g0388271,1,MtExpress V3 (20220901); A17 5.1.9 quantification; selected paired root/nodule projects,https://lipm-browsers.toulouse.inra.fr/expression-atlas-data/v3/20220901_MtExpressV3-Dataset.zip,MtrunA17_Chr8g0388271,9.0,171.5445538339475,100.9944856079454,-0.5958988184663054,1.0,0.0,2.0,-0.4813307870876002,0.0,5.0,0.0,5.0,Reliable single A17 locus; scored,MtExpress: 100.99 median nodule TMM; median project log2FC=-0.60; 1/9 projects positive,0.0,0.0,10.0,0.0,,15.0,80.0,18.75,0.8,Descriptive prioritization only; not a probability of Cu binding or NCC1 client status,Table S3 non-Table S4 comparison background; not assumed to be a true negative,2.0,0.0,True,60.0,0.0,True,1,A0A072TVN2,1.584962500721156,True,True,1.584962500721156,0.0,False,9.252665432450248,2.584962500721156,3.9068905956085187,0.819672131147541,2.2950819672131146,False,6.672347343921216,Unknown,,,,No formal structure-positive context,2.2674092515139224,3.8145776689310695,-0.6824467507927663,10.135135135135135,0.9066666666666666,,2.2650068858470673,3.8065671393432963,-0.6800443851259113,15.54054054054054,0.8533333333333334,,2.2158380729147145,3.645513489246137,-0.6308755721935584,26.35135135135135,0.7466666666666667,,2.2396479459064635,3.7228180179939416,-0.6546854451853075,20.945945945945947,0.8,,3.7793927,3.1936965,4.454191,-0.6718649729192858,-0.8624028666914111,-0.4832600339353686,-2.3237158692242565,0.18313794458884286,0.149,,,,,,,False,Background training row,"Residual specificity is an exploratory deviation from the empirical Table S3 background expectation, not a probability of specific binding, Cu binding, or client status."
Background,MtrunR108HiC_020772.1,MtrunR108HiC_020772,G7L7E1,High confidence,Putative profilin,131,2,5,4,11,3,0.88,94.13458015267176,0.9923664122137404,0.989821882951654,False,False,True,True,True,,False,,,0,,,,,,False,False,False,False,False,False,False,False,False,False,False,False,False,False,False,False,False,False,False,False,False,1,G7L7E1,High confidence,3,15,41,15,True,True,-2.0,,,,,,,,,,,,Medtr8g102330,MtrunA17_Chr8g0389731,1,MtExpress V3 (20220901); A17 5.1.9 quantification; selected paired root/nodule projects,https://lipm-browsers.toulouse.inra.fr/expression-atlas-data/v3/20220901_MtExpressV3-Dataset.zip,MtrunA17_Chr8g0389731,9.0,260.9814365468955,158.91063315271984,-0.8253140133959205,0.0,0.0,2.0,-0.6751053046862654,0.0,5.0,0.0,5.0,Reliable single A17 locus; scored,MtExpress: 158.91 median nodule TMM; median project log2FC=-0.83; 0/9 projects positive,0.0,0.0,9.0,0.0,,14.0,80.0,17.5,0.8,Descriptive prioritization only; not a probability of Cu binding or NCC1 client status,Table S3 non-Table S4 comparison background; not assumed to be a true negative,3.0,0.0,True,41.0,0.0,True,1,G7L7E1,2.0,True,True,2.0,0.0,False,7.03342300153745,1.584962500721156,2.584962500721156,1.5267175572519083,3.816793893129771,False,7.3211220628435125,Unknown,,,,No formal structure-positive context,2.36269974118559,4.143319376431453,-0.3626997411855899,41.21621621621622,0.6,,2.460379049876238,4.503613087350421,-0.4603790498762379,35.810810810810814,0.6533333333333333,,2.277356168771822,3.847887327719506,-0.277356168771822,42.567567567567565,0.5866666666666667,,2.276094652026761,3.843650106535133,-0.2760946520267611,45.270270270270274,0.56,,3.996376,3.287075,4.8844748,-0.32088208198547363,-0.556913685798645,-0.09999373555183412,-1.8809071159668955,0.5491233158965473,0.459,,,,,,,False,Background training row,"Residual specificity is an exploratory deviation from the empirical Table S3 background expectation, not a probability of specific binding, Cu binding, or client status."
Background,MtrunR108HiC_021006.1,MtrunR108HiC_021006,G7LD98,Exact unique,Putative transcription factor WD40-like family,325,7,3,8,18,3,0.8666666666666667,90.59313846153846,0.9251282051282051,0.9066666666666666,False,False,True,True,True,,False,,,0,,,,,,False,False,False,False,False,False,False,False,False,False,False,False,False,False,False,False,False,False,False,False,False,1,G7LD98,Exact unique,9,15,192,15,True,True,-0.6780719051126377,,,,,,,,,,,,Medtr8g106790,MtrunA17_Chr8g0392701,1,MtExpress V3 (20220901); A17 5.1.9 quantification; selected paired root/nodule projects,https://lipm-browsers.toulouse.inra.fr/expression-atlas-data/v3/20220901_MtExpressV3-Dataset.zip,MtrunA17_Chr8g0392701,9.0,334.016620034847,319.31158204015946,-0.2372564124732843,2.0,0.0,2.0,-0.5030818683264111,0.0,5.0,0.0,5.0,Reliable single A17 locus; scored,MtExpress: 319.31 median nodule TMM; median project log2FC=-0.24; 2/9 projects positive,0.0,0.0,10.0,0.0,,15.0,80.0,18.75,0.8,Descriptive prioritization only; not a probability of Cu binding or NCC1 client status,Table S3 non-Table S4 comparison background; not assumed to be a true negative,9.0,0.0,True,192.0,0.0,True,1,G7LD98,3.321928094887362,True,True,3.321928094887362,0.0,False,8.344295907915816,3.0,2.0,2.1538461538461537,0.9230769230769231,False,8.323332154761514,Unknown,,,,No formal structure-positive context,2.2973619321689833,3.9155809500242,1.0245661627183789,87.16216216216216,0.14666666666666667,,2.2728180872786123,3.8326619737255045,1.0491100076087498,87.16216216216216,0.14666666666666667,,2.2599207426655323,3.7896516821632966,1.0620073522218298,87.16216216216216,0.14666666666666667,,2.2814183604702896,3.861556743613793,1.0405097344170726,87.16216216216216,0.14666666666666667,,3.898847,3.2366023,4.702634,1.0294857731100184,0.810299759173022,1.2390204777952296,-0.5925613407232858,1.8945704751781471,0.883,,,,,,,False,Background training row,"Residual specificity is an exploratory deviation from the empirical Table S3 background expectation, not a probability of specific binding, Cu binding, or client status."
Background,MtrunR108HiC_021220.1,MtrunR108HiC_021220,G7K3P1,Exact unique,Putative ribosomal protein S3Ae,261,3,8,3,14,3,0.7033333333333333,81.76724137931035,0.8148148148148149,0.7994891443167305,False,False,False,False,True,,False,,,0,,,,,,False,False,False,False,False,False,False,True,False,False,False,False,False,False,False,False,False,False,False,False,False,1,G7K3P1,Exact unique,2,15,49,15,True,True,-2.415037499278844,,,,,,,,,,,,Medtr5g006440,MtrunA17_Chr5g0394611,1,MtExpress V3 (20220901); A17 5.1.9 quantification; selected paired root/nodule projects,https://lipm-browsers.toulouse.inra.fr/expression-atlas-data/v3/20220901_MtExpressV3-Dataset.zip,MtrunA17_Chr5g0394611,9.0,256.562742008597,232.691474227004,-0.0091955345764702,4.0,0.0,2.0,-0.3008900256709301,0.0,5.0,0.0,5.0,Reliable single A17 locus; scored,MtExpress: 232.69 median nodule TMM; median project log2FC=-0.01; 4/9 projects positive,0.0,0.0,10.0,0.0,,15.0,80.0,18.75,0.8,Descriptive prioritization only; not a probability of Cu binding or NCC1 client status,Table S3 non-Table S4 comparison background; not assumed to be a true negative,2.0,0.0,True,49.0,0.0,True,1,G7K3P1,1.584962500721156,True,True,1.584962500721156,0.0,False,8.027905996569885,2.0,3.169925001442312,1.1494252873563218,3.065134099616858,False,7.868461290969529,Unknown,,,,No formal structure-positive context,2.4053224942553717,4.297539699985689,-0.8203599935342156,2.027027027027027,0.9866666666666667,,2.294154178253068,3.904663564877823,-0.709191677531912,10.135135135135135,0.9066666666666666,,2.2953468527411136,3.908719921601672,-0.7103843520199575,6.081081081081081,0.9466666666666667,,2.3424520824662536,4.071639086396699,-0.7574895817450975,2.027027027027027,0.9866666666666667,,3.9772115,3.3141727,4.726123,-0.7303750379980212,-0.9325961156786089,-0.5241214974821216,-2.3375193219785815,0.13001393661151844,0.096,,,,,,,False,Background training row,"Residual specificity is an exploratory deviation from the empirical Table S3 background expectation, not a probability of specific binding, Cu binding, or client status."
Background,MtrunR108HiC_021614.1,MtrunR108HiC_021614,G7JXE1,Exact unique,Putative ribosomal protein L1,216,3,9,4,16,3,0.6733333333333333,77.5529012345679,0.8302469135802468,0.4537037037037037,False,False,False,False,True,,False,,,0,,,,,,False,False,False,False,True,False,False,True,False,False,False,False,False,False,False,False,False,False,False,False,False,1,G7JXE1,Exact unique,5,15,92,15,True,True,-1.415037499278844,,,,,,,,,,,,Medtr5g012930,MtrunA17_Chr5g0399471,1,MtExpress V3 (20220901); A17 5.1.9 quantification; selected paired root/nodule projects,https://lipm-browsers.toulouse.inra.fr/expression-atlas-data/v3/20220901_MtExpressV3-Dataset.zip,MtrunA17_Chr5g0399471,9.0,44.1290292354433,30.22441290111525,-0.6788344927066499,1.0,0.0,2.0,-0.5961768171387103,0.0,4.0,0.0,4.0,Reliable single A17 locus; scored,MtExpress: 30.22 median nodule TMM; median project log2FC=-0.68; 1/9 projects positive,0.0,0.0,10.0,0.0,,14.0,80.0,17.5,0.8,Descriptive prioritization only; not a probability of Cu binding or NCC1 client status,Table S3 non-Table S4 comparison background; not assumed to be a true negative,5.0,0.0,True,92.0,0.0,True,1,G7JXE1,2.584962500721156,True,True,2.584962500721156,0.0,False,7.754887502163468,2.0,3.321928094887362,1.3888888888888888,4.166666666666666,False,4.964602540616114,Unknown,,,,No formal structure-positive context,2.273977273511277,3.836546513575775,0.310985227209879,70.94594594594595,0.30666666666666664,,2.2001091153752625,3.595140951208756,0.38485338534589353,75.0,0.26666666666666666,,2.25405042076478,3.770202200258243,0.3309120799563763,69.5945945945946,0.32,,2.2027756775083005,3.6036420962414715,0.3821868232128556,75.0,0.26666666666666666,,3.7540674,3.1706872,4.4349775,0.33580006518953986,0.1426884011327619,0.5246773556768293,-1.2576253395681505,1.2119441828597264,0.71,,,,,,,False,Background training row,"Residual specificity is an exploratory deviation from the empirical Table S3 background expectation, not a probability of specific binding, Cu binding, or client status."
Background,MtrunR108HiC_021928.1,MtrunR108HiC_021928,G7KAR2,High confidence,Putative CAP domain-containing protein,184,6,3,3,12,3,0.7633333333333333,87.20945652173913,0.7971014492753623,0.7536231884057972,False,False,True,True,True,,False,,,0,,,,,,False,False,False,False,False,False,False,True,False,False,False,False,False,False,False,False,False,False,False,False,False,1,G7KAR2,High confidence,9,15,231,15,True,True,-0.6780719051126377,,,,,,,,,,,,Medtr5g018770,MtrunA17_Chr5g0403201,1,MtExpress V3 (20220901); A17 5.1.9 quantification; selected paired root/nodule projects,https://lipm-browsers.toulouse.inra.fr/expression-atlas-data/v3/20220901_MtExpressV3-Dataset.zip,MtrunA17_Chr5g0403201,9.0,4.92030987991005,38.7325512415821,2.8506660933309194,9.0,9.0,2.0,3.192235100835445,2.0,4.0,4.0,8.0,Reliable single A17 locus; scored,MtExpress: 38.73 median nodule TMM; median project log2FC=2.85; 9/9 projects positive,0.0,0.0,9.0,0.0,,17.0,80.0,21.25,0.8,Descriptive prioritization only; not a probability of Cu binding or NCC1 client status,Table S3 non-Table S4 comparison background; not assumed to be a true negative,9.0,0.0,True,231.0,0.0,True,1,G7KAR2,3.321928094887362,True,True,3.321928094887362,0.0,False,7.523561956057013,2.807354922057604,2.0,3.260869565217391,1.6304347826086956,False,5.312249527261466,Unknown,,,,No formal structure-positive context,2.138972615870347,3.4044827890876004,1.1829554790170151,89.86486486486487,0.12,,2.135461621806394,3.3937769151941843,1.186466473080968,88.51351351351352,0.13333333333333333,,2.2041825335347016,3.6081335655781652,1.1177455613526606,88.51351351351352,0.13333333333333333,,2.244221735632711,3.7378145718998566,1.077706359254651,88.51351351351352,0.13333333333333333,,3.7099462,3.1225967,4.422331,1.0862175932165248,0.8830149402853114,1.2783748200174434,-0.5058168591683104,1.9244886878869223,0.89,,,,,,,False,Background training row,"Residual specificity is an exploratory deviation from the empirical Table S3 background expectation, not a probability of specific binding, Cu binding, or client status."
Background,MtrunR108HiC_023773.1,MtrunR108HiC_023773,G7KA64,High confidence,"Putative xylan 1,4-beta-xylosidase",782,16,11,15,42,3,0.9266666666666667,92.94802642796247,0.9522591645353794,0.9347826086956522,False,False,True,True,True,,False,,,0,,,,,,False,False,False,False,False,False,False,True,True,False,False,False,False,False,False,False,False,False,False,False,False,1,G7KA64,High confidence,3,15,71,15,True,True,-2.0,,,,,,,,,,,,Medtr5g062430,MtrunA17_Chr5g0425471,1,MtExpress V3 (20220901); A17 5.1.9 quantification; selected paired root/nodule projects,https://lipm-browsers.toulouse.inra.fr/expression-atlas-data/v3/20220901_MtExpressV3-Dataset.zip,MtrunA17_Chr5g0425471,9.0,27.8546686552035,28.554967134830065,0.013621292983565,5.0,0.0,2.0,-0.0518009030021295,1.0,4.0,1.0,5.0,Reliable single A17 locus; scored,MtExpress: 28.55 median nodule TMM; median project log2FC=0.01; 5/9 projects positive,0.0,0.0,9.0,0.0,,14.0,80.0,17.5,0.8,Descriptive prioritization only; not a probability of Cu binding or NCC1 client status,Table S3 non-Table S4 comparison background; not assumed to be a true negative,3.0,0.0,True,71.0,0.0,True,1,G7KA64,2.0,True,True,2.0,0.0,False,9.611024797307353,4.087462841250339,3.584962500721156,2.0460358056265986,1.4066496163682864,False,4.885328711197904,Unknown,,,,No formal structure-positive context,2.1700526762351036,3.5003982560239892,-0.17005267623510356,53.37837837837838,0.48,,2.226083102465221,3.6786201474441667,-0.2260831024652208,50.67567567567568,0.5066666666666667,,2.1627112121395173,3.4775551815298327,-0.16271121213951734,54.729729729729726,0.4666666666666667,,2.1125291663084202,3.324487496647028,-0.11252916630842025,54.729729729729726,0.4666666666666667,,3.4530835,2.9478722,4.103208,-0.15480482578277588,-0.3514042615890503,0.01892470419406888,-1.7778858849347274,0.7126735387306465,0.514,,,,,,,False,Background training row,"Residual specificity is an exploratory deviation from the empirical Table S3 background expectation, not a probability of specific binding, Cu binding, or client status."
Background,MtrunR108HiC_024220.1,MtrunR108HiC_024220,G7JZP3,High confidence,Putative laccase,560,8,14,14,36,3,0.92,94.8399761904762,0.961904761904762,0.955952380952381,False,False,True,True,True,,False,,,0,,,,,,False,False,False,False,False,False,False,True,False,False,False,False,False,False,False,False,False,False,False,False,False,1,G7JZP3,High confidence,2,15,54,15,True,True,-2.415037499278844,,,,,,,,,,,,Medtr5g073210,MtrunA17_Chr5g0431581,1,MtExpress V3 (20220901); A17 5.1.9 quantification; selected paired root/nodule projects,https://lipm-browsers.toulouse.inra.fr/expression-atlas-data/v3/20220901_MtExpressV3-Dataset.zip,MtrunA17_Chr5g0431581,9.0,69.12443406491201,29.163086684050217,-0.6385526405481299,2.0,0.0,2.0,-0.5207787921660452,0.0,4.0,0.0,4.0,Reliable single A17 locus; scored,MtExpress: 29.16 median nodule TMM; median project log2FC=-0.64; 2/9 projects positive,0.0,0.0,9.0,0.0,,13.0,80.0,16.25,0.8,Descriptive prioritization only; not a probability of Cu binding or NCC1 client status,Table S3 non-Table S4 comparison background; not assumed to be a true negative,2.0,0.0,True,54.0,0.0,True,1,G7JZP3,1.584962500721156,True,True,1.584962500721156,0.0,False,9.129283016944967,3.169925001442312,3.9068905956085187,1.4285714285714286,2.5,False,4.914712166594474,Unknown,,,,No formal structure-positive context,2.230684463320257,3.693566055255622,-0.6457219625991009,20.945945945945947,0.8,,2.2006942626082426,3.5970050869384806,-0.6157317618870866,23.64864864864865,0.7733333333333333,,2.2041418944939606,3.60800376164536,-0.6191793937728045,31.756756756756758,0.6933333333333334,,2.2343212815994526,3.7054127584344263,-0.6493587808782966,22.2972972972973,0.7866666666666666,,3.5711112,3.0324268,4.2044096,-0.6075823172033434,-0.7947719200552111,-0.4266859932840472,-2.2360564417231554,0.2174016136477407,0.239,,,,,,,False,Background training row,"Residual specificity is an exploratory deviation from the empirical Table S3 background expectation, not a probability of specific binding, Cu binding, or client status."
Background,MtrunR108HiC_024294.1,MtrunR108HiC_024294,G7KFM2,High confidence,Putative peroxidase,326,9,6,6,21,3,0.88,93.67894683026584,0.9141104294478528,0.9141104294478528,False,False,True,True,True,,False,,,0,,,,,,False,False,False,False,False,False,False,False,False,False,False,False,False,False,False,False,False,False,False,False,False,1,G7KFM2,High confidence,3,15,65,15,True,True,-2.0,,,,,,,,,,,,Medtr5g074970,MtrunA17_Chr5g0432441,1,MtExpress V3 (20220901); A17 5.1.9 quantification; selected paired root/nodule projects,https://lipm-browsers.toulouse.inra.fr/expression-atlas-data/v3/20220901_MtExpressV3-Dataset.zip,MtrunA17_Chr5g0432441,9.0,56.4905902635265,50.66853109166705,-0.9796995718723592,1.0,0.0,2.0,-1.015694602470165,0.0,5.0,0.0,5.0,Reliable single A17 locus; scored,MtExpress: 50.67 median nodule TMM; median project log2FC=-0.98; 1/9 projects positive,0.0,0.0,9.0,0.0,,14.0,80.0,17.5,0.8,Descriptive prioritization only; not a probability of Cu binding or NCC1 client status,Table S3 non-Table S4 comparison background; not assumed to be a true negative,3.0,0.0,True,65.0,0.0,True,1,G7KFM2,2.0,True,True,2.0,0.0,False,8.348728154231077,3.321928094887362,2.807354922057604,2.7607361963190185,1.8404907975460123,False,5.691213964195116,Unknown,,,,No formal structure-positive context,2.2215334812153356,3.663889091285557,-0.22153348121533556,47.972972972972975,0.5333333333333333,,2.2363268434095667,3.711958534443812,-0.23632684340956667,49.32432432432432,0.52,,2.189786703921479,3.562380285869475,-0.18978670392147912,52.027027027027025,0.49333333333333335,,2.2239580574555378,3.6717337581691654,-0.22395805745553776,47.972972972972975,0.5333333333333333,,3.6406884,3.160574,4.199068,-0.21433866024017334,-0.3782529592514038,-0.056782579421997104,-1.8564449511456358,0.6071668559018456,0.504,,,,,,,False,Background training row,"Residual specificity is an exploratory deviation from the empirical Table S3 background expectation, not a probability of specific binding, Cu binding, or client status."
Background,MtrunR108HiC_024872.1,MtrunR108HiC_024872,G7KCQ5,High confidence,Putative ubiquitinyl hydrolase 1,1119,11,21,36,68,3,0.5,83.18481977956509,0.8665475126601132,0.8010128090557044,False,False,True,True,True,,True,C209-H456,C-H,3,3.9450134347046273,0.0187908980198767,85.5,2.9450000000000003,8.618108597113253,True,True,True,True,True,True,True,True,True,True,True,True,True,True,False,True,False,False,False,False,False,1,G7KCQ5,High confidence,4,15,87,15,True,True,-1.6780719051126376,,,,,,,,,,,,Medtr5g086700,MtrunA17_Chr5g0439971,1,MtExpress V3 (20220901); A17 5.1.9 quantification; selected paired root/nodule projects,https://lipm-browsers.toulouse.inra.fr/expression-atlas-data/v3/20220901_MtExpressV3-Dataset.zip,MtrunA17_Chr5g0439971,9.0,115.237347619903,113.050705530721,0.0066344397116298,5.0,0.0,2.0,0.0135977285909345,1.0,5.0,1.0,6.0,Reliable single A17 locus; scored,MtExpress: 113.05 median nodule TMM; median project log2FC=0.01; 5/9 projects positive,0.0,0.0,9.0,26.790288386089316,,41.790288386089316,80.0,52.23786048261165,0.8,Descriptive prioritization only; not a probability of Cu binding or NCC1 client status,Table S3 non-Table S4 comparison background; not assumed to be a true negative,4.0,0.0,True,87.0,0.0,True,1,G7KCQ5,2.321928094887362,True,True,2.321928094887362,0.0,False,10.127994320976393,3.584962500721156,4.459431618637297,0.9830205540661305,1.876675603217158,False,6.833531561129063,Unknown,Native metal/catalytic-site alternative,Background benchmark,Native catalytic-site mimic,Native metal/catalytic-site alternative,2.0429521599488023,3.1208791630513817,0.2789759349385599,66.89189189189189,0.3466666666666667,,2.1766265492272905,3.5209518399258393,0.1453015456600717,61.486486486486484,0.4,,2.101411431710234,3.2912900946089367,0.22051666317712826,66.89189189189189,0.3466666666666667,,1.897708223938595,2.7262080387051584,0.42421987094876723,76.35135135135135,0.25333333333333335,,3.2989573,2.56246,4.03751,0.21794123556576794,-0.010782558656110108,0.48905433323346204,-1.4003225530358079,1.1256802631892666,0.66,,,,,,,False,Background training row,"Residual specificity is an exploratory deviation from the empirical Table S3 background expectation, not a probability of specific binding, Cu binding, or client status."
Background,MtrunR108HiC_026091.1,MtrunR108HiC_026091,G7KMP4,High confidence,Putative acetyl-CoA carboxylase,278,6,6,2,14,3,0.3633333333333333,66.65231414868104,0.4760191846522781,0.4340527577937649,False,True,True,True,True,,False,,,0,,,,,,False,False,False,False,False,False,False,False,False,False,False,False,False,False,False,False,False,False,False,False,False,1,G7KMP4,High confidence,2,15,37,15,True,True,-2.415037499278844,,,,,,,,,,,,Medtr6g015020,MtrunA17_Chr6g0454551,1,MtExpress V3 (20220901); A17 5.1.9 quantification; selected paired root/nodule projects,https://lipm-browsers.toulouse.inra.fr/expression-atlas-data/v3/20220901_MtExpressV3-Dataset.zip,MtrunA17_Chr6g0454551,9.0,34.03132328439785,9.94312621565156,-1.2860344167177695,0.0,0.0,2.0,-1.1757287458579098,0.0,2.0,0.0,2.0,Reliable single A17 locus; scored,MtExpress: 9.94 median nodule TMM; median project log2FC=-1.29; 0/9 projects positive,0.0,0.0,9.0,0.0,,11.0,80.0,13.75,0.8,Descriptive prioritization only; not a probability of Cu binding or NCC1 client status,Table S3 non-Table S4 comparison background; not assumed to be a true negative,2.0,0.0,True,37.0,0.0,True,1,G7KMP4,1.584962500721156,True,True,1.584962500721156,0.0,False,8.118941072723507,2.807354922057604,2.807354922057604,2.158273381294964,2.158273381294964,False,3.451953038824579,Unknown,,,,No formal structure-positive context,2.219822507802191,3.658361200747775,-0.6348600070810351,25.0,0.76,,2.16032108401938,3.4701433099016556,-0.575358583298224,31.756756756756758,0.6933333333333334,,2.253452098043558,3.768224284951385,-0.6684895973224019,11.486486486486486,0.8933333333333333,,2.20518769737402,3.6113452929801664,-0.6202251966528638,29.054054054054053,0.72,,3.5513153,2.96247,4.2573752,-0.6013210876882678,-0.8093799515665179,-0.4014375343025332,-2.2609978552018353,0.24029779187901565,0.221,,,,,,,False,Background training row,"Residual specificity is an exploratory deviation from the empirical Table S3 background expectation, not a probability of specific binding, Cu binding, or client status."
Background,MtrunR108HiC_026693.1,MtrunR108HiC_026693,I3TAS1,Probable,Putative glutathione-disulfide reductase,638,7,12,14,33,3,0.7433333333333333,79.06669801462904,0.7319749216300941,0.728317659352142,False,False,True,True,True,,False,,,0,,,,,,False,False,False,False,False,False,False,True,False,False,False,True,False,False,False,False,False,False,False,False,False,1,I3TAS1,Probable,2,15,22,15,True,True,-2.415037499278844,,,,,,,,,,,,Medtr6g033515,MtrunA17_Chr6g0462411,1,MtExpress V3 (20220901); A17 5.1.9 quantification; selected paired root/nodule projects,https://lipm-browsers.toulouse.inra.fr/expression-atlas-data/v3/20220901_MtExpressV3-Dataset.zip,MtrunA17_Chr6g0462411,9.0,140.60636285426352,112.14910999845516,-0.0205443921747896,4.0,0.0,2.0,0.2428017538621603,1.0,5.0,0.0,5.0,Reliable single A17 locus; scored,MtExpress: 112.15 median nodule TMM; median project log2FC=-0.02; 4/9 projects positive,0.0,0.0,6.0,0.0,,11.0,80.0,13.75,0.8,Descriptive prioritization only; not a probability of Cu binding or NCC1 client status,Table S3 non-Table S4 comparison background; not assumed to be a true negative,2.0,0.0,True,22.0,0.0,True,1,I3TAS1,1.584962500721156,True,True,1.584962500721156,0.0,False,9.31741261376487,3.0,3.700439718141092,1.09717868338558,1.8808777429467085,False,6.822081426559248,Unknown,,,,No formal structure-positive context,2.300281833496638,3.92553977390733,-0.7153193327754819,6.081081081081081,0.9466666666666667,,2.2864151964866597,3.878424147077676,-0.7014526957655036,12.837837837837839,0.88,,2.244080440621096,3.7373505814058925,-0.6591179398999398,12.837837837837839,0.88,,2.3123262314095925,3.966832971097742,-0.7273637306884364,6.081081081081081,0.9466666666666667,,3.7334352,3.194066,4.3672104,-0.6579249962270861,-0.8392098351419573,-0.4833871348798877,-2.246437556707018,0.1633876848990445,0.176,,,,,,,False,Background training row,"Residual specificity is an exploratory deviation from the empirical Table S3 background expectation, not a probability of specific binding, Cu binding, or client status."
Background,MtrunR108HiC_027237.1,MtrunR108HiC_027237,G7KL44,High confidence,Putative ribosomal protein S3,235,3,7,2,12,3,0.7333333333333334,85.95836879432625,0.8964539007092198,0.8581560283687942,False,False,False,False,True,,False,,,0,,,,,,False,False,False,False,False,False,False,True,False,False,False,False,False,False,False,False,False,False,False,False,False,1,G7KL44,High confidence,3,15,37,15,True,True,-2.0,,,,,,,,,,,,,,0,MtExpress V3 (20220901); A17 5.1.9 quantification; selected paired root/nodule projects,https://lipm-browsers.toulouse.inra.fr/expression-atlas-data/v3/20220901_MtExpressV3-Dataset.zip,,,,,,,,,,,,,,No single reliable MtExpress locus; not scored,No reliable single A17 5.1.9 locus mapping; expression score withheld,0.0,0.0,9.0,0.0,,9.0,70.0,12.857142857142858,0.7,Descriptive prioritization only; not a probability of Cu binding or NCC1 client status,Table S3 non-Table S4 comparison background; not assumed to be a true negative,3.0,0.0,True,37.0,0.0,True,1,G7KL44,2.0,True,True,2.0,0.0,False,7.876516946564999,2.0,3.0,1.276595744680851,2.9787234042553195,True,,Unknown,,,,No formal structure-positive context,2.2028159240048977,3.603770524665425,-0.20281592400489767,52.027027027027025,0.49333333333333335,,2.008528130721995,3.023715022716946,-0.008528130721995097,56.08108108108108,0.4533333333333333,,2.218988851369935,3.6556701601196115,-0.21898885136993496,47.972972972972975,0.5333333333333333,,2.1432449383266126,3.41754532837124,-0.14324493832661256,53.37837837837838,0.48,,3.403163,2.796419,4.3119397,-0.1385401487350464,-0.409238862991333,0.0753608018159866,-1.7751853701774596,0.7319490973976871,0.507,,,,,,,False,Background training row,"Residual specificity is an exploratory deviation from the empirical Table S3 background expectation, not a probability of specific binding, Cu binding, or client status."
Background,MtrunR108HiC_027437.1,MtrunR108HiC_027437,A0A072TK75,High confidence,Putative tripeptidyl-peptidase II,1333,22,20,24,66,3,0.8333333333333334,87.1933408352088,0.9114778694673668,0.8627156789197299,False,False,True,True,True,,True,C619-C668,C-C,3,3.6016898811530127,0.1863108792380172,95.0,1.845,21.1785232754,True,True,True,True,True,True,True,True,True,True,True,True,True,True,True,False,False,False,False,False,False,1,A0A072TK75,High confidence,4,15,46,15,True,True,-1.6780719051126376,,,,,,,,,,,,Medtr0025s0060,MtrunA17_Chr6g0472241,1,MtExpress V3 (20220901); A17 5.1.9 quantification; selected paired root/nodule projects,https://lipm-browsers.toulouse.inra.fr/expression-atlas-data/v3/20220901_MtExpressV3-Dataset.zip,MtrunA17_Chr6g0472241,9.0,212.23961679903695,201.20220854077095,-0.4429672871900401,2.0,0.0,2.0,-0.7044702532658951,0.0,5.0,0.0,5.0,Reliable single A17 locus; scored,MtExpress: 201.20 median nodule TMM; median project log2FC=-0.44; 2/9 projects positive,0.0,0.0,9.0,29.333333333333332,,43.33333333333333,80.0,54.166666666666664,0.8,Descriptive prioritization only; not a probability of Cu binding or NCC1 client status,Table S3 non-Table S4 comparison background; not assumed to be a true negative,4.0,0.0,True,46.0,0.0,True,1,A0A072TK75,2.321928094887362,True,True,2.321928094887362,0.0,False,10.380461065088973,4.523561956057013,4.392317422778761,1.6504126031507877,1.5003750937734432,False,7.659654944846597,Unknown,Canonical/conserved enzyme-fold coincidence,Background benchmark,Background protease structural-domain coincidence,Canonical/conserved enzyme-fold coincidence,2.1424353625015264,3.415067095238041,0.17949273238583574,64.1891891891892,0.37333333333333335,,1.9375502539391711,2.830546551339658,0.38437784094819105,73.64864864864865,0.28,,2.1371702736220324,3.398983755275469,0.1847578212653298,65.54054054054055,0.36,,2.0622947909206273,3.17650102155645,0.2596333039667349,66.89189189189189,0.3466666666666667,,3.232798,2.618969,3.9795866,0.24031634237729138,0.00590222980938978,0.4663492580886942,-1.3825227411440617,1.126516538113983,0.665,,,,,,,False,Background training row,"Residual specificity is an exploratory deviation from the empirical Table S3 background expectation, not a probability of specific binding, Cu binding, or client status."
Background,MtrunR108HiC_028419.1,MtrunR108HiC_028419,A0A072UMF9,High confidence,Putative armadillo-like helical protein,587,11,14,11,36,3,0.8233333333333333,92.28628052243045,0.9710391822827938,0.9500283929585462,False,False,True,True,True,,True,C111-H150,C-H,3,4.204321586177725,0.0576898617878738,97.94,1.215,10.360252623222692,True,True,False,True,True,True,True,True,True,True,True,True,True,True,False,True,False,False,False,False,False,1,A0A072UMF9,High confidence,2,15,48,15,True,True,-2.415037499278844,,,,,,,,,,,,Medtr6g084690,MtrunA17_Chr6g0484701,1,MtExpress V3 (20220901); A17 5.1.9 quantification; selected paired root/nodule projects,https://lipm-browsers.toulouse.inra.fr/expression-atlas-data/v3/20220901_MtExpressV3-Dataset.zip,MtrunA17_Chr6g0484701,9.0,108.700100905708,105.812289032024,-0.4058026153218002,3.0,0.0,2.0,-0.26473054153645,0.0,5.0,0.0,5.0,Reliable single A17 locus; scored,MtExpress: 105.81 median nodule TMM; median project log2FC=-0.41; 3/9 projects positive,0.0,0.0,9.0,28.79738385797787,,42.79738385797787,80.0,53.49672982247233,0.8,Descriptive prioritization only; not a probability of Cu binding or NCC1 client status,Table S3 non-Table S4 comparison background; not assumed to be a true negative,2.0,0.0,True,48.0,0.0,True,1,A0A072UMF9,1.584962500721156,True,True,1.584962500721156,0.0,False,9.197216693110052,3.584962500721156,3.9068905956085187,1.8739352640545146,2.385008517887564,False,6.738933832171134,Unknown,Scaffold/proteostasis context,Background benchmark,Background macromolecular scaffold coincidence,Scaffold/proteostasis context,2.10547069861704,3.3033813687315323,-0.5205081978958841,34.45945945945946,0.6666666666666666,,1.975757345195798,2.933346669281546,-0.39079484447464186,39.86486486486486,0.6133333333333333,,2.1860669409532396,3.550632055613942,-0.6011044402320835,33.108108108108105,0.68,,1.9764622013469006,2.935268850263007,-0.3914997006257446,38.513513513513516,0.6266666666666667,,2.834068,2.5879714,3.2355933,-0.35391341289883904,-0.4976016088426714,-0.2582059158981448,-1.9651299173985668,0.4592527476953242,0.432,,,,,,,False,Background training row,"Residual specificity is an exploratory deviation from the empirical Table S3 background expectation, not a probability of specific binding, Cu binding, or client status."
Background,MtrunR108HiC_028635.1,MtrunR108HiC_028635,G7KHY6,High confidence,Putative 6-phosphofructokinase,505,9,9,14,32,3,0.8533333333333334,86.6177689768977,0.8627062706270627,0.8336633663366336,False,False,True,True,True,,False,,,0,,,,,,False,False,False,False,False,False,False,True,True,False,False,False,False,False,False,False,False,False,False,False,False,1,G7KHY6,High confidence,4,15,55,15,True,True,-1.6780719051126376,,,,,,,,,,,,Medtr6g090130,MtrunA17_Chr6g0487421,1,MtExpress V3 (20220901); A17 5.1.9 quantification; selected paired root/nodule projects,https://lipm-browsers.toulouse.inra.fr/expression-atlas-data/v3/20220901_MtExpressV3-Dataset.zip,MtrunA17_Chr6g0487421,9.0,116.5923804595395,200.963906657576,0.6072870495794547,9.0,2.0,2.0,0.6329251557130005,2.0,5.0,2.0,7.0,Reliable single A17 locus; scored,MtExpress: 200.96 median nodule TMM; median project log2FC=0.61; 9/9 projects positive,0.0,0.0,9.0,0.0,,16.0,80.0,20.0,0.8,Descriptive prioritization only; not a probability of Cu binding or NCC1 client status,Table S3 non-Table S4 comparison background; not assumed to be a true negative,4.0,0.0,True,55.0,0.0,True,1,G7KHY6,2.321928094887362,True,True,2.321928094887362,0.0,False,8.980139577639157,3.321928094887362,3.321928094887362,1.782178217821782,1.782178217821782,False,7.657953679094564,Unknown,,,,No formal structure-positive context,2.2371824056348264,3.7147536985048077,0.08474568925253578,60.13513513513514,0.41333333333333333,,2.300365367930197,3.925824979079203,0.02156272695716499,57.432432432432435,0.44,,2.1974761341964184,3.5867622672303083,0.12445196069094377,60.13513513513514,0.41333333333333333,,2.2658300795164887,3.809310522101856,0.056098015370873444,60.13513513513514,0.41333333333333333,,3.7675953,3.2415142,4.357888,0.0686662903066737,-0.0997362324956792,0.23734861519299566,-1.5857300900764704,0.9140613763273133,0.586,,,,,,,False,Background training row,"Residual specificity is an exploratory deviation from the empirical Table S3 background expectation, not a probability of specific binding, Cu binding, or client status."
Background,MtrunR108HiC_029714.1,MtrunR108HiC_029714,G7L695,High confidence,Putative proteasome endopeptidase complex,271,6,7,10,23,3,0.7566666666666667,87.45030750307502,0.8856088560885609,0.7982779827798279,False,False,True,True,True,,True,M96-H124,H-M,3,4.0453876204883015,0.188946601680743,95.44,1.705,22.54472338062985,True,True,False,True,True,True,True,True,True,True,True,True,True,True,False,False,False,False,True,False,False,1,G7L695,High confidence,2,15,44,15,True,True,-2.415037499278844,,,,,,,,,,,,Medtr7g032930,MtrunA17_Chr7g0226711,1,MtExpress V3 (20220901); A17 5.1.9 quantification; selected paired root/nodule projects,https://lipm-browsers.toulouse.inra.fr/expression-atlas-data/v3/20220901_MtExpressV3-Dataset.zip,MtrunA17_Chr7g0226711,9.0,77.38673629768115,78.41743871106644,-0.2714596635648902,4.0,0.0,2.0,-0.4935863456176195,0.0,5.0,0.0,5.0,Reliable single A17 locus; scored,MtExpress: 78.42 median nodule TMM; median project log2FC=-0.27; 4/9 projects positive,0.0,0.0,9.0,29.392,,43.392,80.0,54.239999999999995,0.8,Descriptive prioritization only; not a probability of Cu binding or NCC1 client status,Table S3 non-Table S4 comparison background; not assumed to be a true negative,2.0,0.0,True,44.0,0.0,True,1,G7L695,1.584962500721156,True,True,1.584962500721156,0.0,False,8.08214904135387,2.807354922057604,3.0,2.214022140221402,2.5830258302583027,False,6.311383928194615,Unknown,Scaffold/proteostasis context,Background benchmark,Background proteolytic machinery coincidence,Scaffold/proteostasis context,2.0119245460848596,3.033198875064631,-0.4269620453637035,39.86486486486486,0.6133333333333333,,1.964919466753503,2.9039091153784478,-0.37995696603234697,42.567567567567565,0.5866666666666667,,2.2268412584591015,3.681079472527909,-0.6418787577379454,20.945945945945947,0.8,,2.0030857252790333,3.008564603094614,-0.4181232245578772,37.16216216216216,0.64,,2.9154198,2.6145709,3.4835186,-0.38420455297833733,-0.5796687646806842,-0.2688618644178515,-1.9504780583621308,0.40983961634808924,0.411,,,,,,,False,Background training row,"Residual specificity is an exploratory deviation from the empirical Table S3 background expectation, not a probability of specific binding, Cu binding, or client status."
Background,MtrunR108HiC_030356.1,MtrunR108HiC_030356,A0A072TZB9,Exact unique,Putative ribosomal protein S6e,248,4,3,2,9,3,0.63,89.58051075268817,0.9838709677419356,0.9206989247311826,False,False,True,True,True,,False,,,0,,,,,,False,False,False,False,False,False,False,False,False,False,False,False,False,False,False,False,False,False,False,False,False,1,A0A072TZB9,Exact unique,2,15,25,15,True,True,-2.415037499278844,,,,,,,,,,,,Medtr7g053160,MtrunA17_Chr7g0234621,1,MtExpress V3 (20220901); A17 5.1.9 quantification; selected paired root/nodule projects,https://lipm-browsers.toulouse.inra.fr/expression-atlas-data/v3/20220901_MtExpressV3-Dataset.zip,MtrunA17_Chr7g0234621,9.0,48.2036608547438,48.85998406481865,-0.0186960937099094,4.0,0.0,2.0,-0.3497539767299398,0.0,4.0,0.0,4.0,Reliable single A17 locus; scored,MtExpress: 48.86 median nodule TMM; median project log2FC=-0.02; 4/9 projects positive,0.0,0.0,10.0,0.0,,14.0,80.0,17.5,0.8,Descriptive prioritization only; not a probability of Cu binding or NCC1 client status,Table S3 non-Table S4 comparison background; not assumed to be a true negative,2.0,0.0,True,25.0,0.0,True,1,A0A072TZB9,1.584962500721156,True,True,1.584962500721156,0.0,False,7.954196310386875,2.321928094887362,2.0,1.6129032258064515,1.2096774193548387,False,5.639810516633527,Unknown,,,,No formal structure-positive context,2.2600470726757416,3.790071107767039,-0.6750845719545855,12.837837837837839,0.88,,2.3260759004113187,4.014395882973584,-0.7411133996901627,3.3783783783783785,0.9733333333333334,,2.2420976180561554,3.7308440964699754,-0.6571351173349993,15.54054054054054,0.8533333333333334,,2.2293303690482946,3.6891628036638293,-0.6443678683271385,23.64864864864865,0.7733333333333333,,3.7945771,3.2093143,4.5262394,-0.6764409407079821,-0.8813356920183306,-0.48862286648160275,-2.2779575865869646,0.1835824521877196,0.167,,,,,,,False,Background training row,"Residual specificity is an exploratory deviation from the empirical Table S3 background expectation, not a probability of specific binding, Cu binding, or client status."
Background,MtrunR108HiC_030373.1,MtrunR108HiC_030373,B7FMW0,Exact unique,Putative ribosomal protein S8e,217,2,3,4,9,3,0.7433333333333333,83.7227035330261,0.8632872503840247,0.8218125960061444,False,False,False,False,True,,False,,,0,,,,,,False,False,False,False,False,False,False,True,False,False,False,False,False,False,False,False,False,False,False,False,False,2,B7FMW0; I3T3T7,Exact unique; High confidence,8,1,193,24,True,True,2.169925001442312,,,,,,,,,,,,Medtr7g053450; Medtr8g012325,MtrunA17_Chr7g0234781; MtrunA17_Chr8g0339111,2,MtExpress V3 (20220901); A17 5.1.9 quantification; selected paired root/nodule projects,https://lipm-browsers.toulouse.inra.fr/expression-atlas-data/v3/20220901_MtExpressV3-Dataset.zip,,,216.23357583759775,215.031828589351,-0.1759517002204753,,,,-0.3640586728677077,,,,,"Multiple reliable A17 loci; descriptive only, not scored",Multiple reliable A17 loci map to one R108 protein; expression score withheld,0.0,10.0,10.0,0.0,,20.0,70.0,28.571428571428573,0.7,Descriptive prioritization only; not a probability of Cu binding or NCC1 client status,Table S3 non-Table S4 comparison background; not assumed to be a true negative,8.0,1.0,False,193.0,24.0,False,2,B7FMW0; I3T3T7,2.169925001442312,False,True,3.169925001442312,1.0,True,7.7615512324444795,1.584962500721156,2.0,0.9216589861751152,1.3824884792626728,False,7.755100074224412,Unknown,,,,No formal structure-positive context,2.5060500355496687,4.680626446244737,0.6638749658926435,80.4054054054054,0.21333333333333335,,2.7756079537891423,5.847645205198381,0.3943170476531699,76.35135135135135,0.25333333333333335,,2.5744257737090583,4.956338618860051,0.5954992277332538,79.05405405405405,0.22666666666666666,,2.442814937743121,4.437015487656802,0.727110063699191,83.10810810810811,0.18666666666666668,,5.8818407,4.1569934,7.752982,0.38713052588689223,0.040150466740011125,0.803394845306753,-1.2033786688369654,1.3866160163501657,0.727,,,,,,,False,Background training row,"Residual specificity is an exploratory deviation from the empirical Table S3 background expectation, not a probability of specific binding, Cu binding, or client status."
Background,MtrunR108HiC_031303.1,MtrunR108HiC_031303,G7L3L0,Exact unique,Putative ribosomal protein L2,259,4,4,13,21,3,0.71,85.01711711711712,0.8507078507078507,0.7413127413127413,False,False,True,True,True,,False,,,0,,,,,,False,True,False,False,False,False,False,True,False,False,False,False,False,False,False,False,False,True,False,False,False,1,G7L3L0,Exact unique,8,15,104,15,True,True,-0.8300749985576876,,,,,,,,,,,,Medtr7g076940,MtrunA17_Chr7g0247311,1,MtExpress V3 (20220901); A17 5.1.9 quantification; selected paired root/nodule projects,https://lipm-browsers.toulouse.inra.fr/expression-atlas-data/v3/20220901_MtExpressV3-Dataset.zip,MtrunA17_Chr7g0247311,9.0,221.846624346017,244.080633388456,-0.1227849515586205,3.0,0.0,2.0,-0.4024249564758597,0.0,5.0,0.0,5.0,Reliable single A17 locus; scored,MtExpress: 244.08 median nodule TMM; median project log2FC=-0.12; 3/9 projects positive,0.0,0.0,10.0,0.0,,15.0,80.0,18.75,0.8,Descriptive prioritization only; not a probability of Cu binding or NCC1 client status,Table S3 non-Table S4 comparison background; not assumed to be a true negative,8.0,0.0,True,104.0,0.0,True,1,G7L3L0,3.169925001442312,True,True,3.169925001442312,0.0,False,8.016808287686555,2.321928094887362,2.321928094887362,1.5444015444015444,1.5444015444015444,False,7.937112674720654,Unknown,,,,No formal structure-positive context,2.263414509173047,3.80126481088904,0.9065104922692653,85.8108108108108,0.16,,2.311718938585717,3.964742655976356,0.8582060628565951,84.45945945945945,0.17333333333333334,,2.2671635816308826,3.8137578865110093,0.9027614198114295,84.45945945945945,0.17333333333333334,,2.2779721125350205,3.849957525090927,0.8919528889072916,84.45945945945945,0.17333333333333334,,3.9567428,3.3044872,4.7367387,0.8605325492023219,0.6496943565009822,1.0640835018752803,-0.7379355134904001,1.735317160186056,0.857,,,,,,,False,Background training row,"Residual specificity is an exploratory deviation from the empirical Table S3 background expectation, not a probability of specific binding, Cu binding, or client status."
Background,MtrunR108HiC_031516.1,MtrunR108HiC_031516,G7KSI7,Exact unique,Putative P-type H(+)-exporting transporter,487,2,14,7,23,3,0.8333333333333334,86.12249828884325,0.919917864476386,0.8863791923340179,False,False,True,True,True,,False,,,0,,,,,,False,False,False,False,True,False,False,True,False,False,False,False,False,False,False,False,False,False,False,False,False,1,G7KSI7,Exact unique,2,15,42,15,True,True,-2.415037499278844,,,,,,,,,,,,Medtr7g081010,MtrunA17_Chr7g0250051,1,MtExpress V3 (20220901); A17 5.1.9 quantification; selected paired root/nodule projects,https://lipm-browsers.toulouse.inra.fr/expression-atlas-data/v3/20220901_MtExpressV3-Dataset.zip,MtrunA17_Chr7g0250051,9.0,97.59985619001674,85.06508487819245,-0.1239229206137189,4.0,0.0,2.0,-0.010319962136235,1.0,5.0,0.0,5.0,Reliable single A17 locus; scored,MtExpress: 85.07 median nodule TMM; median project log2FC=-0.12; 4/9 projects positive,0.0,0.0,10.0,0.0,,15.0,80.0,18.75,0.8,Descriptive prioritization only; not a probability of Cu binding or NCC1 client status,Table S3 non-Table S4 comparison background; not assumed to be a true negative,2.0,0.0,True,42.0,0.0,True,1,G7KSI7,1.584962500721156,True,True,1.584962500721156,0.0,False,8.927777962082342,1.584962500721156,3.9068905956085187,0.41067761806981523,2.8747433264887063,False,6.427356174679019,Unknown,,,,No formal structure-positive context,2.294575680375377,3.906096735486111,-0.7096131796542209,7.4324324324324325,0.9333333333333333,,2.3052739268301234,3.9426129212925947,-0.7203114261089674,8.783783783783784,0.92,,2.2687134859355975,3.8189321422901443,-0.6837509852144414,10.135135135135135,0.9066666666666666,,2.25913026588157,3.7870280705863353,-0.6741677651604139,16.89189189189189,0.84,,3.8992147,3.2391844,4.6607456,-0.7075879438818102,-0.9160295589864855,-0.4988242193163043,-2.3690420175286215,0.16990112436632798,0.126,,,,,,,False,Background training row,"Residual specificity is an exploratory deviation from the empirical Table S3 background expectation, not a probability of specific binding, Cu binding, or client status."
Background,MtrunR108HiC_031545.1,MtrunR108HiC_031545,G7KTF6,High confidence,Putative tripeptidyl-peptidase II,785,10,10,17,37,3,0.8833333333333333,88.60653078556264,0.9142250530785564,0.8636942675159235,False,False,True,True,True,,False,,,0,,,,,,False,False,False,False,False,False,False,True,False,False,False,False,False,False,False,False,False,False,False,False,False,1,G7KTF6,High confidence,5,15,149,15,True,True,-1.415037499278844,,,,,,,,,,,,Medtr7g081500,MtrunA17_Chr7g0250391,1,MtExpress V3 (20220901); A17 5.1.9 quantification; selected paired root/nodule projects,https://lipm-browsers.toulouse.inra.fr/expression-atlas-data/v3/20220901_MtExpressV3-Dataset.zip,MtrunA17_Chr7g0250391,9.0,117.261747616119,59.8532120406216,-0.9705247033321048,1.0,0.0,2.0,-1.3927933452576506,0.0,5.0,0.0,5.0,Reliable single A17 locus; scored,MtExpress: 59.85 median nodule TMM; median project log2FC=-0.97; 1/9 projects positive,0.0,0.0,9.0,0.0,,14.0,80.0,17.5,0.8,Descriptive prioritization only; not a probability of Cu binding or NCC1 client status,Table S3 non-Table S4 comparison background; not assumed to be a true negative,5.0,0.0,True,149.0,0.0,True,1,G7KTF6,2.584962500721156,True,True,2.584962500721156,0.0,False,9.61654884377899,3.4594316186372973,3.4594316186372973,1.2738853503184715,1.2738853503184715,False,5.927261510213789,Unknown,,,,No formal structure-positive context,2.200570164716411,3.5966096782839703,0.384392336004745,73.64864864864865,0.28,,2.2714546828753246,3.828097072596278,0.3135078178458315,68.24324324324324,0.3333333333333333,,2.184253606205191,3.544915923457049,0.40070889451596514,75.0,0.26666666666666666,,2.2242126749808575,3.6725583331675375,0.36074982574029857,72.29729729729729,0.29333333333333333,,3.6200366,3.1170144,4.2174234,0.3770582810937757,0.2016250685750837,0.5433639363347883,-1.2626178050728718,1.1986815874227965,0.707,,,,,,,False,Background training row,"Residual specificity is an exploratory deviation from the empirical Table S3 background expectation, not a probability of specific binding, Cu binding, or client status."
Background,MtrunR108HiC_032071.1,MtrunR108HiC_032071,G7KSM1,High confidence,Putative carbonic anhydrase,270,5,3,7,15,3,0.8366666666666666,87.91545679012346,0.8506172839506173,0.8345679012345678,False,False,True,True,True,,False,,,0,,,,,,False,False,False,False,False,False,False,True,False,False,False,False,False,False,False,False,False,False,False,False,False,1,G7KSM1,High confidence,13,15,179,15,True,True,-0.1926450779423958,,,,,,,,,,,,Medtr7g090950,MtrunA17_Chr7g0257091,1,MtExpress V3 (20220901); A17 5.1.9 quantification; selected paired root/nodule projects,https://lipm-browsers.toulouse.inra.fr/expression-atlas-data/v3/20220901_MtExpressV3-Dataset.zip,MtrunA17_Chr7g0257091,9.0,0.102506455831459,100.09755411942,9.113746866652416,9.0,9.0,2.0,11.55327895435756,2.0,5.0,5.0,10.0,Reliable single A17 locus; scored,MtExpress: 100.10 median nodule TMM; median project log2FC=9.11; 9/9 projects positive,0.0,0.0,9.0,0.0,,19.0,80.0,23.75,0.8,Descriptive prioritization only; not a probability of Cu binding or NCC1 client status,Table S3 non-Table S4 comparison background; not assumed to be a true negative,13.0,0.0,True,179.0,0.0,True,1,G7KSM1,3.807354922057604,True,True,3.807354922057604,0.0,False,8.076815597050832,2.584962500721156,2.0,1.8518518518518516,1.1111111111111112,False,6.6596042839249705,Unknown,,,,No formal structure-positive context,2.2697261746357333,3.8223159421621604,1.5376287474218708,95.27027027027027,0.06666666666666667,,2.254206556148445,3.7707184823787294,1.5531483659091592,97.97297297297297,0.04,,2.2356089669631607,3.7096144752280766,1.5717459550944435,96.62162162162163,0.05333333333333334,,2.2594402270988003,3.7880566680463446,1.5479146949588038,97.97297297297297,0.04,,3.838521,3.244451,4.5575175,1.5327886292948478,1.3329144427790398,1.721776957274889,-0.06632179871407025,2.3659340218398883,0.968,,,,,,,False,Background training row,"Residual specificity is an exploratory deviation from the empirical Table S3 background expectation, not a probability of specific binding, Cu binding, or client status."
Background,MtrunR108HiC_032575.1,MtrunR108HiC_032575,G7L0K9,High confidence,"Putative proteasome component (PCI) domain, eukaryotic translation initiation factor 3 subunit A",959,8,23,19,50,3,0.5433333333333333,73.76028849496004,0.686478971150504,0.5526590198123045,False,False,True,True,True,,False,,,0,,,,,,False,False,False,False,False,False,False,True,False,False,False,True,False,False,False,False,False,False,False,False,False,1,G7L0K9,High confidence,5,15,55,15,True,True,-1.415037499278844,,,,,,,,,,,,Medtr7g099920,MtrunA17_Chr7g0262991,1,MtExpress V3 (20220901); A17 5.1.9 quantification; selected paired root/nodule projects,https://lipm-browsers.toulouse.inra.fr/expression-atlas-data/v3/20220901_MtExpressV3-Dataset.zip,MtrunA17_Chr7g0262991,9.0,177.20803551863548,202.037994928392,0.1290721044114144,6.0,0.0,2.0,-0.1265805775329602,1.0,5.0,1.0,6.0,Reliable single A17 locus; scored,MtExpress: 202.04 median nodule TMM; median project log2FC=0.13; 6/9 projects positive,0.0,0.0,9.0,0.0,,15.0,80.0,18.75,0.8,Descriptive prioritization only; not a probability of Cu binding or NCC1 client status,Table S3 non-Table S4 comparison background; not assumed to be a true negative,5.0,0.0,True,55.0,0.0,True,1,G7L0K9,2.584962500721156,True,True,2.584962500721156,0.0,False,9.905387005018131,3.169925001442312,4.584962500721156,0.8342022940563086,2.398331595411887,False,7.665605917015807,Unknown,,,,No formal structure-positive context,2.211028389275211,3.6300519769771746,0.3739341114459451,72.29729729729729,0.29333333333333333,,2.291955144467504,3.8971933062172406,0.29300735625365215,66.89189189189189,0.3466666666666667,,2.2566965936526002,3.778959673407855,0.32826590706855585,68.24324324324324,0.3333333333333333,,2.3023877047155286,3.9327347292754764,0.2825747960056275,69.5945945945946,0.32,,3.7592897,3.089882,4.4957943,0.3342162505685682,0.1266343788205976,0.5529032424985761,-1.2167283335005608,1.2024439639266984,0.717,,,,,,,False,Background training row,"Residual specificity is an exploratory deviation from the empirical Table S3 background expectation, not a probability of specific binding, Cu binding, or client status."
Background,MtrunR108HiC_033004.1,MtrunR108HiC_033004,I3SKT5,High confidence,Putative ribosomal protein S5/S7,226,2,6,6,14,3,0.73,81.12135693215339,0.8333333333333334,0.7684365781710915,False,False,False,False,True,,False,,,0,,,,,,False,False,False,False,False,False,False,False,False,False,False,False,False,False,False,False,False,False,False,False,False,1,I3SKT5,High confidence,7,15,278,15,True,True,-1.0,,,,,,,,,,,,Medtr7g107380,MtrunA17_Chr7g0268431,1,MtExpress V3 (20220901); A17 5.1.9 quantification; selected paired root/nodule projects,https://lipm-browsers.toulouse.inra.fr/expression-atlas-data/v3/20220901_MtExpressV3-Dataset.zip,MtrunA17_Chr7g0268431,9.0,208.24652906535,197.59303311078705,-0.0426398171564503,3.0,0.0,2.0,-0.30545080718273,0.0,5.0,0.0,5.0,Reliable single A17 locus; scored,MtExpress: 197.59 median nodule TMM; median project log2FC=-0.04; 3/9 projects positive,0.0,0.0,9.0,0.0,,14.0,80.0,17.5,0.8,Descriptive prioritization only; not a probability of Cu binding or NCC1 client status,Table S3 non-Table S4 comparison background; not assumed to be a true negative,7.0,0.0,True,278.0,0.0,True,1,I3SKT5,3.0,True,True,3.0,0.0,False,7.820178962415188,1.584962500721156,2.807354922057604,0.8849557522123894,2.6548672566371683,False,7.63367120200245,Unknown,,,,No formal structure-positive context,2.3365894227949053,4.051071356236419,0.6634105772050947,79.05405405405405,0.22666666666666666,,2.3210319158201673,3.9968950445056537,0.6789680841798327,81.75675675675676,0.2,,2.3456043689242545,4.0827327254228525,0.6543956310757455,80.4054054054054,0.21333333333333335,,2.2747569320325893,3.8391609772696116,0.7252430679674107,81.75675675675676,0.2,,4.015556,3.331767,4.870992,0.6735904216766357,0.4463957488536835,0.8850444197654724,-0.9387854248376469,1.5256552445687108,0.801,,,,,,,False,Background training row,"Residual specificity is an exploratory deviation from the empirical Table S3 background expectation, not a probability of specific binding, Cu binding, or client status."
Background,MtrunR108HiC_033006.1,MtrunR108HiC_033006,G8A187,Exact unique,Putative ribosomal protein S2,297,3,9,4,16,3,0.66,76.11101010101011,0.6879910213243546,0.6565656565656566,False,False,True,True,True,,False,,,0,,,,,,False,False,False,False,False,False,False,True,False,False,False,False,False,False,False,False,False,False,False,False,False,1,G8A187,Exact unique,10,15,161,15,True,True,-0.5405683813627028,,,,,,,,,,,,Medtr7g107400,MtrunA17_Chr7g0268451,1,MtExpress V3 (20220901); A17 5.1.9 quantification; selected paired root/nodule projects,https://lipm-browsers.toulouse.inra.fr/expression-atlas-data/v3/20220901_MtExpressV3-Dataset.zip,MtrunA17_Chr7g0268451,9.0,104.603481651631,97.5348927236336,-0.1948789287746004,4.0,0.0,2.0,-0.4610748994026408,0.0,5.0,0.0,5.0,Reliable single A17 locus; scored,MtExpress: 97.53 median nodule TMM; median project log2FC=-0.19; 4/9 projects positive,0.0,0.0,10.0,0.0,,15.0,80.0,18.75,0.8,Descriptive prioritization only; not a probability of Cu binding or NCC1 client status,Table S3 non-Table S4 comparison background; not assumed to be a true negative,10.0,0.0,True,161.0,0.0,True,1,G8A187,3.4594316186372973,True,True,3.4594316186372973,0.0,False,8.214319120800766,2.0,3.321928094887362,1.0101010101010102,3.0303030303030303,False,6.622562790474552,Unknown,,,,No formal structure-positive context,2.277851723778974,3.84955282695592,1.1815798948583232,88.51351351351352,0.13333333333333333,,2.2534735524408527,3.768295194004202,1.2059580661964446,89.86486486486487,0.12,,2.24069169511604,3.726236080036288,1.2187399235212575,89.86486486486487,0.12,,2.2927421833591874,3.899865619488195,1.1666894352781099,89.86486486486487,0.12,,3.8734045,3.267963,4.526005,1.1745016278688647,0.9931948604051806,1.3658839346830585,-0.4458891196989664,2.046204820093986,0.898,,,,,,,False,Background training row,"Residual specificity is an exploratory deviation from the empirical Table S3 background expectation, not a probability of specific binding, Cu binding, or client status."
Background,MtrunR108HiC_033170.1,MtrunR108HiC_033170,G7KUJ1,Exact unique,S-adenosylmethionine synthase,394,8,7,12,27,3,0.9266666666666667,95.12657360406092,0.9864636209813874,0.9661590524534688,False,True,True,True,True,,False,,,0,,,,,,False,False,False,False,True,False,False,False,False,False,False,True,False,False,False,False,False,False,False,False,False,1,G7KUJ1,Exact unique,15,2,258,36,True,True,2.415037499278844,,,,,,,,,,,,Medtr7g110310,MtrunA17_Chr7g0270531,1,MtExpress V3 (20220901); A17 5.1.9 quantification; selected paired root/nodule projects,https://lipm-browsers.toulouse.inra.fr/expression-atlas-data/v3/20220901_MtExpressV3-Dataset.zip,MtrunA17_Chr7g0270531,9.0,964.3038566204964,1844.376415874532,0.7763396083511402,7.0,3.0,2.0,1.525352586031075,2.0,5.0,2.0,7.0,Reliable single A17 locus; scored,MtExpress: 1844.38 median nodule TMM; median project log2FC=0.78; 7/9 projects positive,0.0,10.0,10.0,0.0,,27.0,80.0,33.75,0.8,Descriptive prioritization only; not a probability of Cu binding or NCC1 client status,Table S3 non-Table S4 comparison background; not assumed to be a true negative,15.0,2.0,False,258.0,36.0,False,1,G7KUJ1,2.415037499278844,False,True,4.0,1.584962500721156,True,8.622051819456376,3.169925001442312,3.0,2.030456852791878,1.7766497461928936,False,10.849699408766899,Unknown,,,,No formal structure-positive context,2.4573954676785696,4.492243037561675,1.5426045323214304,96.62162162162163,0.05333333333333334,,2.653949002453053,5.293877077857194,1.3460509975469468,96.62162162162163,0.05333333333333334,,2.4649988912700787,4.521265170420722,1.5350011087299213,95.27027027027027,0.06666666666666667,,2.471544263149365,4.546371541411117,1.5284557368506348,96.62162162162163,0.05333333333333334,,6.4216824,4.069132,8.9189625,1.1082537174224854,0.6898108661174774,1.6582613646984101,-0.48594861549747603,2.163408521971582,0.884,,,,,,,False,Background training row,"Residual specificity is an exploratory deviation from the empirical Table S3 background expectation, not a probability of specific binding, Cu binding, or client status."
Background,MtrunR108HiC_033231.1,MtrunR108HiC_033231,G7KWE8,High confidence,Putative phytepsin,504,15,14,9,38,3,0.82,81.83138888888887,0.7566137566137566,0.7123015873015873,False,True,True,True,True,,False,,,0,,,,,,False,False,False,False,False,False,False,False,False,False,False,False,False,False,False,False,False,False,False,False,False,1,G7KWE8,High confidence,2,15,69,15,True,True,-2.415037499278844,,,,,,,,,,,,Medtr7g111530,MtrunA17_Chr7g0271351,1,MtExpress V3 (20220901); A17 5.1.9 quantification; selected paired root/nodule projects,https://lipm-browsers.toulouse.inra.fr/expression-atlas-data/v3/20220901_MtExpressV3-Dataset.zip,MtrunA17_Chr7g0271351,9.0,551.389657635468,461.49226466969697,-0.313387167648699,0.0,0.0,2.0,-0.2855443038716294,0.0,5.0,0.0,5.0,Reliable single A17 locus; scored,MtExpress: 461.49 median nodule TMM; median project log2FC=-0.31; 0/9 projects positive,0.0,0.0,9.0,0.0,,14.0,80.0,17.5,0.8,Descriptive prioritization only; not a probability of Cu binding or NCC1 client status,Table S3 non-Table S4 comparison background; not assumed to be a true negative,2.0,0.0,True,69.0,0.0,True,1,G7KWE8,1.584962500721156,True,True,1.584962500721156,0.0,False,8.977279923499916,4.0,3.9068905956085187,2.976190476190476,2.7777777777777777,False,8.8532854260718,Unknown,,,,No formal structure-positive context,2.257890043552909,3.7829146385842147,-0.6729275428317529,14.18918918918919,0.8666666666666667,,2.2157003364821315,3.6450699957188863,-0.6307378357609754,19.594594594594593,0.8133333333333334,,2.2318350733620744,3.6973108649371067,-0.6468725726409184,19.594594594594593,0.8133333333333334,,2.402475185782358,4.287094765761397,-0.8175126850612018,0.6756756756756757,1.0,,3.7332206,3.1387315,4.4551253,-0.6578597887457018,-0.8626496239603167,-0.4642260654867297,-2.3036540024520207,0.2028834842122554,0.172,,,,,,,False,Background training row,"Residual specificity is an exploratory deviation from the empirical Table S3 background expectation, not a probability of specific binding, Cu binding, or client status."
Background,MtrunR108HiC_033339.1,MtrunR108HiC_033339,G7KYN5,Exact unique,"Putative T-complex protein 1, beta subunit",527,8,19,9,36,3,0.8133333333333334,86.57079063883617,0.9380139152435168,0.8475648323845667,False,False,True,True,True,,True,M127-M431,M-M,3,4.883984541335076,0.0750261283341604,96.0,1.565,5.89781660833924,True,True,False,True,True,True,True,True,True,True,False,True,True,True,False,False,False,False,False,True,False,1,G7KYN5,Exact unique,2,15,35,15,True,True,-2.415037499278844,,,,,,,,,,,,Medtr7g113470,MtrunA17_Chr7g0272821,1,MtExpress V3 (20220901); A17 5.1.9 quantification; selected paired root/nodule projects,https://lipm-browsers.toulouse.inra.fr/expression-atlas-data/v3/20220901_MtExpressV3-Dataset.zip,MtrunA17_Chr7g0272821,9.0,127.068207099533,103.70301369038,-0.2931836481248453,2.0,0.0,2.0,-0.2712946445010495,0.0,5.0,0.0,5.0,Reliable single A17 locus; scored,MtExpress: 103.70 median nodule TMM; median project log2FC=-0.29; 2/9 projects positive,0.0,0.0,10.0,27.64622998833452,,42.64622998833452,80.0,53.307787485418146,0.8,Descriptive prioritization only; not a probability of Cu binding or NCC1 client status,Table S3 non-Table S4 comparison background; not assumed to be a true negative,2.0,0.0,True,35.0,0.0,True,1,G7KYN5,1.584962500721156,True,True,1.584962500721156,0.0,False,9.041659151637214,3.169925001442312,4.321928094887363,1.5180265654648957,3.6053130929791273,False,6.710159158056751,Unknown,Scaffold/proteostasis context,Background benchmark,Background chaperonin-fold coincidence,Scaffold/proteostasis context,2.114895149264856,3.331585364071376,-0.5299326485436997,33.108108108108105,0.68,,1.9774720877932046,2.938024502599366,-0.3925095870720485,38.513513513513516,0.6266666666666667,,2.2147480950921903,3.6420050593715505,-0.6297855943710342,29.054054054054053,0.72,,1.7889984523259954,2.455749042389483,-0.20403595160483934,49.32432432432432,0.52,,2.869696,2.5906622,3.2765446,-0.3672576411665087,-0.5114829882085925,-0.2592874630392199,-1.9325897347561056,0.45336812175280344,0.389,,,,,,,False,Background training row,"Residual specificity is an exploratory deviation from the empirical Table S3 background expectation, not a probability of specific binding, Cu binding, or client status."
Background,MtrunR108HiC_034467.1,MtrunR108HiC_034467,G7LIY9,High confidence,Putative linoleate 9S-lipoxygenase,802,4,16,22,42,3,0.9133333333333334,89.02819201995014,0.8890274314214465,0.8470490440565253,False,False,True,True,True,,False,,,0,,,,,,False,False,False,False,False,False,False,False,False,False,False,False,False,False,False,False,False,False,False,False,False,1,G7LIY9,High confidence,5,15,90,15,True,True,-1.415037499278844,,,,,,,,,,,,Medtr8g018650,MtrunA17_Chr8g0343001,1,MtExpress V3 (20220901); A17 5.1.9 quantification; selected paired root/nodule projects,https://lipm-browsers.toulouse.inra.fr/expression-atlas-data/v3/20220901_MtExpressV3-Dataset.zip,MtrunA17_Chr8g0343001,9.0,143.199366160976,14.9155606283519,-4.763132246075509,1.0,0.0,2.0,-1.702550243231705,0.0,3.0,0.0,3.0,Reliable single A17 locus; scored,MtExpress: 14.92 median nodule TMM; median project log2FC=-4.76; 1/9 projects positive,0.0,0.0,9.0,0.0,,12.0,80.0,15.0,0.8,Descriptive prioritization only; not a probability of Cu binding or NCC1 client status,Table S3 non-Table S4 comparison background; not assumed to be a true negative,5.0,0.0,True,90.0,0.0,True,1,G7LIY9,2.584962500721156,True,True,2.584962500721156,0.0,False,9.64745842645492,2.321928094887362,4.087462841250339,0.4987531172069825,1.99501246882793,False,3.9923660719364436,Unknown,,,,No formal structure-positive context,2.0651547032300797,3.1847884788001943,0.5198077974910764,77.70270270270271,0.24,,2.2600897651072573,3.7902128583121995,0.32487273561389873,70.94594594594595,0.30666666666666664,,2.1965775438345214,3.583906267224333,0.38838495688663466,73.64864864864865,0.28,,2.2028548333746913,3.603894689662387,0.38210766734646473,73.64864864864865,0.28,,3.6126475,2.9632444,4.446459,0.37936736503237434,0.13964405813807196,0.5982805744706983,-1.2640437524919632,1.224583423891336,0.714,,,,,,,False,Background training row,"Residual specificity is an exploratory deviation from the empirical Table S3 background expectation, not a probability of specific binding, Cu binding, or client status."
Background,MtrunR108HiC_035471.1,MtrunR108HiC_035471,G7L8G2,High confidence,Putative Bet v I/Major latex protein,156,3,2,9,14,3,0.8833333333333333,94.30905982905982,0.9615384615384616,0.9508547008547008,False,False,True,True,True,,False,,,0,,,,,,False,False,False,False,False,False,False,True,False,False,False,False,False,False,False,False,False,False,False,False,False,1,G7L8G2,High confidence,2,15,17,15,True,True,-2.415037499278844,,,,,,,,,,,,Medtr8g045640,MtrunA17_Chr8g0355791,1,MtExpress V3 (20220901); A17 5.1.9 quantification; selected paired root/nodule projects,https://lipm-browsers.toulouse.inra.fr/expression-atlas-data/v3/20220901_MtExpressV3-Dataset.zip,MtrunA17_Chr8g0355791,9.0,356.0632472760265,10.4554534818972,-5.874333204226871,0.0,0.0,2.0,-7.57704890779582,0.0,3.0,0.0,3.0,Reliable single A17 locus; scored,MtExpress: 10.46 median nodule TMM; median project log2FC=-5.87; 0/9 projects positive,0.0,0.0,9.0,0.0,,12.0,80.0,15.0,0.8,Descriptive prioritization only; not a probability of Cu binding or NCC1 client status,Table S3 non-Table S4 comparison background; not assumed to be a true negative,2.0,0.0,True,17.0,0.0,True,1,G7L8G2,1.584962500721156,True,True,1.584962500721156,0.0,False,7.285402218862249,2.0,1.584962500721156,1.9230769230769231,1.282051282051282,False,3.517962665981681,Unknown,,,,No formal structure-positive context,2.273479966323936,3.8348796090884445,-0.6885174656027799,8.783783783783784,0.92,,2.3078513020341234,3.9514507931155594,-0.7228888013129673,7.4324324324324325,0.9333333333333333,,2.300745349625034,3.9271225296930776,-0.7157828489038778,4.72972972972973,0.96,,2.2990246115343176,3.9212493319262123,-0.7140621108131615,8.783783783783784,0.92,,3.6879153,2.9617543,4.6290402,-0.6439839466512804,-0.9079265221059923,-0.4011769636572009,-2.253581143080043,0.2210090336530706,0.197,,,,,,,False,Background training row,"Residual specificity is an exploratory deviation from the empirical Table S3 background expectation, not a probability of specific binding, Cu binding, or client status."
Background,MtrunR108HiC_035640.1,MtrunR108HiC_035640,B7FL29,Exact unique,Putative ribosomal protein S4e,265,2,5,8,15,3,0.8366666666666666,91.62420125786164,0.9836477987421384,0.959748427672956,False,False,True,True,True,,False,,,0,,,,,,False,False,False,False,False,False,False,False,False,False,False,False,False,False,False,False,False,False,False,False,False,1,B7FL29,Exact unique,2,15,58,15,True,True,-2.415037499278844,,,,,,,,,,,,,,0,MtExpress V3 (20220901); A17 5.1.9 quantification; selected paired root/nodule projects,https://lipm-browsers.toulouse.inra.fr/expression-atlas-data/v3/20220901_MtExpressV3-Dataset.zip,,,,,,,,,,,,,,No single reliable MtExpress locus; not scored,No reliable single A17 5.1.9 locus mapping; expression score withheld,0.0,0.0,10.0,0.0,,10.0,70.0,14.285714285714286,0.7,Descriptive prioritization only; not a probability of Cu binding or NCC1 client status,Table S3 non-Table S4 comparison background; not assumed to be a true negative,2.0,0.0,True,58.0,0.0,True,1,B7FL29,1.584962500721156,True,True,1.584962500721156,0.0,False,8.049848549450562,1.584962500721156,2.584962500721156,0.7547169811320755,1.8867924528301887,True,,Unknown,,,,No formal structure-positive context,2.227999031278625,3.684837579162739,-0.643036530557469,22.2972972972973,0.7866666666666666,,2.235537704084438,3.7093818464418815,-0.6505752033632821,16.89189189189189,0.84,,2.226819892149069,3.681010146265714,-0.6418573914279131,22.2972972972973,0.7866666666666666,,2.1764941668754636,3.520537014365418,-0.5915316661543075,30.405405405405407,0.7066666666666667,,3.4662466,2.8272269,4.4676824,-0.5741002424657946,-0.8659669443071489,-0.35133697232610045,-2.236911071986545,0.2963724235299305,0.252,,,,,,,False,Background training row,"Residual specificity is an exploratory deviation from the empirical Table S3 background expectation, not a probability of specific binding, Cu binding, or client status."
Background,MtrunR108HiC_036690.1,MtrunR108HiC_036690,A0A072U3I7,Probable,"Putative RNA recognition motif domain, nucleotide-binding alpha-beta plait domain superfamily",290,3,10,2,15,3,0.3966666666666666,72.67770114942529,0.6126436781609196,0.5724137931034483,False,False,True,True,True,,False,,,0,,,,,,False,False,False,False,False,False,False,True,False,False,False,False,False,False,False,False,False,False,False,False,False,1,A0A072U3I7,Probable,2,15,30,15,True,True,-2.415037499278844,,,,,,,,,,,,Medtr8g073580,MtrunA17_Chr8g0370451,1,MtExpress V3 (20220901); A17 5.1.9 quantification; selected paired root/nodule projects,https://lipm-browsers.toulouse.inra.fr/expression-atlas-data/v3/20220901_MtExpressV3-Dataset.zip,MtrunA17_Chr8g0370451,9.0,26.8310648138845,31.033829502974324,0.2157239119666796,6.0,1.0,2.0,0.2727146787228847,2.0,4.0,1.0,5.0,Reliable single A17 locus; scored,MtExpress: 31.03 median nodule TMM; median project log2FC=0.22; 6/9 projects positive,0.0,0.0,6.0,0.0,,11.0,80.0,13.75,0.8,Descriptive prioritization only; not a probability of Cu binding or NCC1 client status,Table S3 non-Table S4 comparison background; not assumed to be a true negative,2.0,0.0,True,30.0,0.0,True,1,A0A072U3I7,1.584962500721156,True,True,1.584962500721156,0.0,False,8.179909090014934,2.0,3.4594316186372973,1.0344827586206897,3.4482758620689653,False,5.001524371136204,Unknown,,,,No formal structure-positive context,2.2545905660122108,3.77198849907748,-0.6696280652910547,15.54054054054054,0.8533333333333334,,2.347770339787299,4.090369349212728,-0.7628078390661428,2.027027027027027,0.9866666666666667,,2.236635249246543,3.7129659204892036,-0.651672748525387,16.89189189189189,0.84,,2.2617676591906837,3.7957872488086624,-0.6768051584695276,15.54054054054054,0.8533333333333334,,3.749732,3.168511,4.438099,-0.6628835066259509,-0.8581399365366107,-0.4745696111620074,-2.2340891115905093,0.1929863295919181,0.185,,,,,,,False,Background training row,"Residual specificity is an exploratory deviation from the empirical Table S3 background expectation, not a probability of specific binding, Cu binding, or client status."
Background,MtrunR108HiC_036838.1,MtrunR108HiC_036838,B7FGL2,Exact unique,Putative ribosomal protein S17/S11,160,5,3,5,13,3,0.7466666666666667,81.92108333333333,0.7833333333333332,0.7270833333333333,False,False,True,True,True,,False,,,0,,,,,,False,False,False,False,False,False,False,True,False,False,False,False,False,False,False,False,False,False,False,False,False,1,B7FGL2,Exact unique,5,15,68,15,True,True,-1.415037499278844,,,,,,,,,,,,Medtr8g076830,MtrunA17_Chr8g0372611,1,MtExpress V3 (20220901); A17 5.1.9 quantification; selected paired root/nodule projects,https://lipm-browsers.toulouse.inra.fr/expression-atlas-data/v3/20220901_MtExpressV3-Dataset.zip,MtrunA17_Chr8g0372611,9.0,162.75462524639948,135.5004906626851,-0.3166563653642207,1.0,0.0,2.0,-0.5004746243144949,0.0,5.0,0.0,5.0,Reliable single A17 locus; scored,MtExpress: 135.50 median nodule TMM; median project log2FC=-0.32; 1/9 projects positive,0.0,0.0,10.0,0.0,,15.0,80.0,18.75,0.8,Descriptive prioritization only; not a probability of Cu binding or NCC1 client status,Table S3 non-Table S4 comparison background; not assumed to be a true negative,5.0,0.0,True,68.0,0.0,True,1,B7FGL2,2.584962500721156,True,True,2.584962500721156,0.0,False,7.321928094887363,2.584962500721156,2.0,3.125,1.875,False,7.092762326819854,Unknown,,,,No formal structure-positive context,2.281296976623979,3.8611477246490233,0.3036655240971773,68.24324324324324,0.3333333333333333,,2.165922299941281,3.487532228002615,0.41904020077987525,77.70270270270271,0.24,,2.2433344386539993,3.7349015820023403,0.3416280620671568,70.94594594594595,0.30666666666666664,,2.3133053973023108,3.97020513504747,0.2716571034188453,68.24324324324324,0.3333333333333333,,3.8552265,3.207924,4.6624475,0.30542375007265754,0.08353682318323799,0.5118538157045239,-1.3575606077646356,1.1706293985159175,0.679,,,,,,,False,Background training row,"Residual specificity is an exploratory deviation from the empirical Table S3 background expectation, not a probability of specific binding, Cu binding, or client status."
Background,MtrunR108HiC_037088.1,MtrunR108HiC_037088,G7JCT7,Exact unique,Putative protein kinase CMGC-CK2 family,388,5,9,13,27,3,0.8366666666666666,87.27995704467355,0.8548109965635738,0.8479381443298969,False,False,True,True,True,,False,,,0,,,,,,False,False,False,False,False,False,False,True,True,False,False,False,False,False,False,False,False,False,False,False,False,1,G7JCT7,Exact unique,5,15,75,15,True,True,-1.415037499278844,,,,,,,,,,,,,,0,MtExpress V3 (20220901); A17 5.1.9 quantification; selected paired root/nodule projects,https://lipm-browsers.toulouse.inra.fr/expression-atlas-data/v3/20220901_MtExpressV3-Dataset.zip,,,,,,,,,,,,,,No single reliable MtExpress locus; not scored,No reliable single A17 5.1.9 locus mapping; expression score withheld,0.0,0.0,10.0,0.0,,10.0,70.0,14.285714285714286,0.7,Descriptive prioritization only; not a probability of Cu binding or NCC1 client status,Table S3 non-Table S4 comparison background; not assumed to be a true negative,5.0,0.0,True,75.0,0.0,True,1,G7JCT7,2.584962500721156,True,True,2.584962500721156,0.0,False,8.599912842187127,2.584962500721156,3.321928094887362,1.2886597938144329,2.3195876288659796,True,,Unknown,,,,No formal structure-positive context,1.910824209302662,2.7602386014610554,0.6741382914184941,81.75675675675676,0.2,,2.001140193667506,3.003162537650665,0.5838223070536501,79.05405405405405,0.22666666666666666,,2.0113589908383718,3.0316181184338262,0.5736035098827843,77.70270270270271,0.24,,2.0422004252509502,3.1187324855979277,0.5427620754702058,79.05405405405405,0.22666666666666666,,3.3402977,2.7353983,4.186757,0.4671684638559217,0.21012969771021553,0.6837004885970945,-1.16236170775613,1.3306016765650477,0.765,,,,,,,False,Background training row,"Residual specificity is an exploratory deviation from the empirical Table S3 background expectation, not a probability of specific binding, Cu binding, or client status."
Background,MtrunR108HiC_038581.1,MtrunR108HiC_038581,G7JUC8,High confidence,Putative peroxidase,323,8,5,6,19,3,0.8933333333333334,93.97842105263156,0.9318885448916407,0.9318885448916407,False,False,True,True,True,,False,,,0,,,,,,False,False,False,False,False,False,False,True,False,False,False,False,False,False,False,False,False,False,False,False,False,1,G7JUC8,High confidence,4,1,78,37,True,True,1.3219280948873624,,,,,,,,,,,,Medtr4g127670,MtrunA17_Chr4g0072091,1,MtExpress V3 (20220901); A17 5.1.9 quantification; selected paired root/nodule projects,https://lipm-browsers.toulouse.inra.fr/expression-atlas-data/v3/20220901_MtExpressV3-Dataset.zip,MtrunA17_Chr4g0072091,9.0,50.2369276593887,17.3897845793698,-1.05212273107613,3.0,1.0,2.0,-2.160914241359555,0.0,3.0,0.0,3.0,Reliable single A17 locus; scored,MtExpress: 17.39 median nodule TMM; median project log2FC=-1.05; 3/9 projects positive,0.0,8.854763806937168,9.0,0.0,,20.854763806937168,80.0,26.068454758671457,0.8,Descriptive prioritization only; not a probability of Cu binding or NCC1 client status,Table S3 non-Table S4 comparison background; not assumed to be a true negative,4.0,1.0,False,78.0,37.0,False,1,G7JUC8,1.3219280948873624,False,True,2.321928094887362,1.0,True,8.335390354693924,3.169925001442312,2.584962500721156,2.476780185758514,1.5479876160990713,False,4.200832674795169,Unknown,,,,No formal structure-positive context,2.7519335938573235,5.736193559924744,-0.4300054989699613,38.513513513513516,0.6266666666666667,,2.747913706664592,5.717450134093988,-0.4259856117772296,37.16216216216216,0.64,,2.7893570537804653,5.913216245062421,-0.4674289588931031,39.86486486486486,0.6133333333333333,,3.000742685591387,7.004119383608343,-0.6788145907040248,14.18918918918919,0.8666666666666667,,5.192218,3.7748456,6.865456,-0.3085281142953771,-0.6536022791627782,0.06647395994626104,-1.920680830296388,0.6292279423875239,0.453,,,,,,,False,Background training row,"Residual specificity is an exploratory deviation from the empirical Table S3 background expectation, not a probability of specific binding, Cu binding, or client status."
Background,MtrunR108HiC_038688.1,MtrunR108HiC_038688,A0A072UU27,Exact unique,Putative H(+)-transporting two-sector ATPase,327,3,10,0,13,3,0.7233333333333333,81.13676860346584,0.8134556574923547,0.746177370030581,False,False,False,False,True,,False,,,0,,,,,,False,False,False,False,True,False,False,False,False,False,False,False,False,False,False,False,False,False,False,False,False,1,A0A072UU27,Exact unique,2,15,44,15,True,True,-2.415037499278844,,,,,,,,,,,,Medtr4g129790,MtrunA17_Chr4g0073341,1,MtExpress V3 (20220901); A17 5.1.9 quantification; selected paired root/nodule projects,https://lipm-browsers.toulouse.inra.fr/expression-atlas-data/v3/20220901_MtExpressV3-Dataset.zip,MtrunA17_Chr4g0073341,9.0,198.789334703568,248.241882962934,-0.0200097911729191,4.0,0.0,2.0,0.0319765616929998,1.0,5.0,0.0,5.0,Reliable single A17 locus; scored,MtExpress: 248.24 median nodule TMM; median project log2FC=-0.02; 4/9 projects positive,0.0,0.0,10.0,0.0,,15.0,80.0,18.75,0.8,Descriptive prioritization only; not a probability of Cu binding or NCC1 client status,Table S3 non-Table S4 comparison background; not assumed to be a true negative,2.0,0.0,True,44.0,0.0,True,1,A0A072UU27,1.584962500721156,True,True,1.584962500721156,0.0,False,8.353146825498083,2.0,3.4594316186372973,0.9174311926605505,3.058103975535168,False,7.961402711048925,Unknown,,,,No formal structure-positive context,2.3272635000359654,4.0185253394655485,-0.7423009993148093,4.72972972972973,0.96,,2.268602890608631,3.8185627427056117,-0.6836403898874748,14.18918918918919,0.8666666666666667,,2.3143365489115184,3.9737588084486797,-0.7293740481903623,2.027027027027027,0.9866666666666667,,2.3266656266950996,4.016446022077774,-0.7417031259739435,3.3783783783783785,0.9733333333333334,,3.9745169,3.3025942,4.7224503,-0.7295938595235949,-0.9316706105173236,-0.5202442272604113,-2.323982585360803,0.13286760985886126,0.094,,,,,,,False,Background training row,"Residual specificity is an exploratory deviation from the empirical Table S3 background expectation, not a probability of specific binding, Cu binding, or client status."
Background,MtrunR108HiC_038986.1,MtrunR108HiC_038986,A0A072UTU2,High confidence,"Putative elongation factor 1B gamma, glutathione S-transferase, Thioredoxin-like superfamily",419,4,10,4,18,3,0.5566666666666668,85.70747016706446,0.8766905330151152,0.8416865552903738,False,False,False,False,True,,False,,,0,,,,,,False,False,False,False,False,False,False,True,True,False,False,False,False,False,False,False,False,False,False,False,False,1,A0A072UTU2,High confidence,15,15,253,15,True,True,0.0,,,,,,,,,,,,Medtr4g134770,MtrunA17_Chr0c12g0493651,1,MtExpress V3 (20220901); A17 5.1.9 quantification; selected paired root/nodule projects,https://lipm-browsers.toulouse.inra.fr/expression-atlas-data/v3/20220901_MtExpressV3-Dataset.zip,MtrunA17_Chr0c12g0493651,9.0,99.67656010532036,99.04939998192944,-0.0347564966996341,3.0,0.0,2.0,-0.2907640947467698,0.0,5.0,0.0,5.0,Reliable single A17 locus; scored,MtExpress: 99.05 median nodule TMM; median project log2FC=-0.03; 3/9 projects positive,0.0,0.0,9.0,0.0,,14.0,80.0,17.5,0.8,Descriptive prioritization only; not a probability of Cu binding or NCC1 client status,Table S3 non-Table S4 comparison background; not assumed to be a true negative,15.0,0.0,True,253.0,0.0,True,1,A0A072UTU2,4.0,True,True,4.0,0.0,False,8.710806433699352,2.321928094887362,3.4594316186372973,0.9546539379474941,2.386634844868735,False,6.644568704887539,Unknown,,,,No formal structure-positive context,2.2416922535361445,3.7295150235197374,1.7583077464638555,99.32432432432432,0.02666666666666667,,2.2518168020247433,3.7628225607992016,1.7481831979752567,99.32432432432432,0.02666666666666667,,2.2295233294815815,3.6897900210406283,1.7704766705184185,99.32432432432432,0.02666666666666667,,2.2409339505091057,3.7270297698196186,1.7590660494908943,99.32432432432432,0.02666666666666667,,3.8319497,3.2672672,4.449627,1.7273945808410645,1.5538425326347352,1.9066874980926514,0.11146221810830034,2.5778237629242473,0.99,,,,,,,False,Background training row,"Residual specificity is an exploratory deviation from the empirical Table S3 background expectation, not a probability of specific binding, Cu binding, or client status."
Candidate,MtrunR108HiC_001767.1,MtrunR108HiC_001767,A0A072VT43,High confidence,Putative protein-synthesizing GTPase,843,16,34,14,64,3,0.7799999999999999,88.59790035587189,0.9482008699090548,0.8797943851324636,False,False,True,True,True,,True,H27-C136,C-H,2,4.341105964735396,0.0415693607725611,81.875,2.5475,7.793342350775509,True,True,False,True,True,True,True,True,True,True,False,True,True,True,False,True,False,True,False,False,True,1,A0A072VT43,High confidence,38,1,719,15,True,True,4.285402218862249,Cytoplasm|Nucleus,NCC1-compartment compatible,OTHER,0.0,0.0,inside:1-843,Exact R108 SignalP/DeepTMHMM: no signal peptide or TM segment,Exact R108 pair lies in same InterProScan domain,No major cross-source conflict detected,"CDD:cd01681:aeEF2_snRNP_like_IV:559-730 | PFAM:IPR000795:T_Tr_GTP-bd_dom:18-227 | CDD:cd16261:EF2_snRNP_III:487-559 | GENE3D:G3DSA:3.30.70.870:Elongation Factor G (Translational Gtpase), domain 3:486-563 | PFAM:IPR000640:EFG_V-like:724-811 | CDD:cd04096:eEF2_snRNP_like_C:727-805 | FUNFAM:G3DSA:3.40.50.300:FF:000058:Translation elongation factor 2:3-237 | GENE3D:G3DSA:2.40.30.10:Translation factors:343-484 | GENE3D:G3DSA:3.30.70.240::723-843 | FUNFAM:G3DSA:2.40.30.10:FF:000010:Translation elongation factor 2:343-484 | NCBIFAM:IPR005225:Small_GTP-bd:20-176 | SUPERFAMILY:IPR027417:P-loop_NTPase:4-341 | PFAM:IPR041095:EFG_II:487-549 | FUNFAM:G3DSA:3.30.230.10:FF:000006:Translation elongation factor 2:569-722 | PROSITE_PROFILES:IPR000795:T_Tr_GTP-bd_dom:17-344 | FUNFAM:G3DSA:3.30.70.870:FF:000002:Translation elongation factor 2:486-563 | PFAM:IPR005517:Transl_elong_EFG/EF2_IV:610-722 | PRINTS:IPR000795:T_Tr_GTP-bd_dom:65-73 | PRINTS:IPR000795:T_Tr_GTP-bd_dom:153-162 | PRINTS:IPR000795:T_Tr_GTP-bd_dom:101-111 | PRINTS:IPR000795:T_Tr_GTP-bd_dom:117-128 | PRINTS:IPR000795:T_Tr_GTP-bd_dom:21-34 | SUPERFAMILY:IPR035647:EFG_III/V:484-560 | SMART:IPR005517:Transl_elong_EFG/EF2_IV:605-722 | PFAM:IPR004161:EFTu-like_2:394-462 | SMART:IPR000640:EFG_V-like:724-813 | PROSITE_PATTERNS:IPR031157:G_TR_CS:58-73 | GENE3D:IPR014721:Ribsml_uS5_D2-typ_fold_subgr:570-722 | CDD:cd16268:EF2_II:375-470 | PANTHER:PTHR42908:TRANSLATION ELONGATION FACTOR-RELATED:7-842 | SUPERFAMILY:IPR035647:EFG_III/V:727-838 | CDD:cd01885:EF2:20-230 | SUPERFAMILY:IPR020568:Ribosomal_Su5_D2-typ_SF:562-726 | SUPERFAMILY:IPR009000:Transl_B-barrel_sf:342-476 | FUNFAM:G3DSA:3.30.70.240:FF:000003:Translation elongation factor 2:723-843 | GENE3D:IPR027417:P-loop_NTPase:3-237",Tier 2: plausible but generic/abundant or lacking extra ligand,Medtr1g048000,MtrunA17_Chr1g0170011,1,MtExpress V3 (20220901); A17 5.1.9 quantification; selected paired root/nodule projects,https://lipm-browsers.toulouse.inra.fr/expression-atlas-data/v3/20220901_MtExpressV3-Dataset.zip,MtrunA17_Chr1g0170011,9.0,1128.82764078809,921.4673056600166,-0.3432940676034217,3.0,0.0,2.0,-0.3386821854596453,0.0,5.0,0.0,5.0,Reliable single A17 locus; scored,MtExpress: 921.47 median nodule TMM; median project log2FC=-0.34; 3/9 projects positive,15.0,10.0,9.0,22.142001803488434,20.0,81.14200180348843,100.0,81.14200180348843,1.0,Descriptive prioritization only; not a probability of Cu binding or NCC1 client status,"Table S4-intersection candidate; structural geometry is compatible, not proof of Cu binding/client status",38.0,1.0,False,719.0,15.0,False,1,A0A072VT43,4.285402218862249,False,True,5.285402218862249,1.0,True,9.719388820942083,4.087462841250339,5.129283016944966,1.8979833926453145,4.033214709371293,False,9.84935396945939,Compatible,Canonical/conserved enzyme-fold coincidence,Secondary interaction candidate (transfer unproven),Conserved housekeeping fold; interaction-enriched but transfer-unproven,Canonical/conserved enzyme-fold coincidence,2.5971286721856384,5.050811629473076,2.6882735466766103,100.0,0.013333333333333334,0.2088888888888889,2.590979072871284,5.025074468700054,2.6944231459909647,100.0,0.013333333333333334,0.2088888888888889,2.6905695082377465,5.455681970863071,2.594832710624502,100.0,0.013333333333333334,0.2506666666666667,2.7852433377156967,5.893531903753372,2.500158881146552,100.0,0.013333333333333334,0.2088888888888889,4.961086,3.3272228,6.810916,2.70982710556574,2.319910351796819,3.1719606919724477,1.0338053155658549,3.726276458215729,1.0,1.0,1.0,1.0,1.0,1.0,0.0,True,R1: robust high residual (exploratory),"Residual specificity is an exploratory deviation from the empirical Table S3 background expectation, not a probability of specific binding, Cu binding, or client status."
Candidate,MtrunR108HiC_008307.1,MtrunR108HiC_008307,G7IH13,Exact unique,Putative protein-synthesizing GTPase,843,17,36,14,67,3,0.7633333333333333,87.78831158560696,0.9414788453934362,0.8679319889284303,False,False,True,True,True,,True,H27-C136,C-H,3,4.355399637231926,0.1013199887081484,79.19,2.98,8.96590908380442,True,True,False,True,True,True,False,True,True,True,False,True,True,True,False,True,False,True,False,False,True,1,G7IH13,Exact unique,25,1,468,15,True,True,3.700439718141092,Cytoplasm|Nucleus,NCC1-compartment compatible,OTHER,0.0,0.0,inside:1-843,Exact R108 SignalP/DeepTMHMM: no signal peptide or TM segment,Exact R108 pair lies in same InterProScan domain,No major cross-source conflict detected,"GENE3D:G3DSA:3.30.70.240::723-843 | CDD:cd01681:aeEF2_snRNP_like_IV:559-730 | CDD:cd16261:EF2_snRNP_III:487-559 | SMART:IPR000640:EFG_V-like:724-813 | FUNFAM:G3DSA:3.30.70.870:FF:000002:Translation elongation factor 2:486-563 | SMART:IPR005517:Transl_elong_EFG/EF2_IV:605-722 | CDD:cd04096:eEF2_snRNP_like_C:727-805 | SUPERFAMILY:IPR009000:Transl_B-barrel_sf:342-476 | PFAM:IPR005517:Transl_elong_EFG/EF2_IV:610-722 | FUNFAM:G3DSA:3.40.50.300:FF:000058:Translation elongation factor 2:3-237 | FUNFAM:G3DSA:3.30.70.240:FF:000003:Translation elongation factor 2:723-843 | PFAM:IPR004161:EFTu-like_2:394-462 | SUPERFAMILY:IPR027417:P-loop_NTPase:4-341 | PFAM:IPR000795:T_Tr_GTP-bd_dom:18-227 | SUPERFAMILY:IPR035647:EFG_III/V:727-838 | PRINTS:IPR000795:T_Tr_GTP-bd_dom:21-34 | PRINTS:IPR000795:T_Tr_GTP-bd_dom:65-73 | PRINTS:IPR000795:T_Tr_GTP-bd_dom:101-111 | PRINTS:IPR000795:T_Tr_GTP-bd_dom:117-128 | PRINTS:IPR000795:T_Tr_GTP-bd_dom:153-162 | SUPERFAMILY:IPR035647:EFG_III/V:484-560 | PANTHER:PTHR42908:TRANSLATION ELONGATION FACTOR-RELATED:7-842 | FUNFAM:G3DSA:2.40.30.10:FF:000010:Translation elongation factor 2:343-484 | SUPERFAMILY:IPR020568:Ribosomal_Su5_D2-typ_SF:562-726 | NCBIFAM:IPR005225:Small_GTP-bd:20-176 | PFAM:IPR000640:EFG_V-like:724-811 | PROSITE_PATTERNS:IPR031157:G_TR_CS:58-73 | GENE3D:IPR014721:Ribsml_uS5_D2-typ_fold_subgr:570-722 | CDD:cd16268:EF2_II:375-470 | CDD:cd01885:EF2:20-230 | FUNFAM:G3DSA:3.30.230.10:FF:000006:Translation elongation factor 2:569-722 | GENE3D:IPR027417:P-loop_NTPase:3-237 | GENE3D:G3DSA:2.40.30.10:Translation factors:343-484 | GENE3D:G3DSA:3.30.70.870:Elongation Factor G (Translational Gtpase), domain 3:486-563 | PROSITE_PROFILES:IPR000795:T_Tr_GTP-bd_dom:17-344 | PFAM:IPR041095:EFG_II:487-549",Tier 2: plausible but generic/abundant or lacking extra ligand,Medtr2g069050,MtrunA17_Chr2g0311731,1,MtExpress V3 (20220901); A17 5.1.9 quantification; selected paired root/nodule projects,https://lipm-browsers.toulouse.inra.fr/expression-atlas-data/v3/20220901_MtExpressV3-Dataset.zip,MtrunA17_Chr2g0311731,9.0,9.58425111378561,11.4419499862052,-0.2461364121609599,1.0,0.0,2.0,-0.8117988745375853,0.0,3.0,0.0,3.0,Reliable single A17 locus; scored,MtExpress: 11.44 median nodule TMM; median project log2FC=-0.25; 1/9 projects positive,15.0,10.0,10.0,26.018515150094217,20.0,84.01851515009422,100.0,84.0185151500942,1.0,Descriptive prioritization only; not a probability of Cu binding or NCC1 client status,"Table S4-intersection candidate; structural geometry is compatible, not proof of Cu binding/client status",25.0,1.0,False,468.0,15.0,False,1,G7IH13,3.700439718141092,False,True,4.700439718141092,1.0,True,9.719388820942083,4.169925001442312,5.20945336562895,2.0166073546856467,4.270462633451958,False,3.637140706960534,Compatible,Canonical/conserved enzyme-fold coincidence,Secondary interaction candidate (transfer unproven),Conserved housekeeping fold; interaction-enriched but transfer-unproven,Canonical/conserved enzyme-fold coincidence,2.4644139377255048,4.519026978095283,2.236025780415587,100.0,0.013333333333333334,0.2088888888888889,2.4505836160624623,4.4663719012219,2.2498561020786294,100.0,0.013333333333333334,0.2088888888888889,2.5847079981155474,4.9989416467724705,2.1157317200255443,100.0,0.013333333333333334,0.2506666666666667,2.5517882938977277,4.863606519548983,2.148651424243364,100.0,0.013333333333333334,0.2088888888888889,4.400274,3.0677671,6.208671,2.2674073246855864,1.8507065860171446,2.6762024847407466,0.629888882761375,3.2849672303379895,1.0,2.0,2.0,4.0,2.0,2.0,2.0,True,R1: robust high residual (exploratory),"Residual specificity is an exploratory deviation from the empirical Table S3 background expectation, not a probability of specific binding, Cu binding, or client status."
Candidate,MtrunR108HiC_026991.1,MtrunR108HiC_026991,G7K2Y8,Probable,Putative post-transcriptional gene silencing PAZ-Argonaute family,903,20,21,19,60,3,0.83,84.71298265042451,0.8726467331118494,0.8375784422296051,False,False,True,True,True,,False,,,0,,,,,,False,True,False,False,True,False,False,True,False,False,False,False,False,False,False,False,False,True,False,False,True,2,A0A072VA82; G7K2Y8,Low confidence; Probable,20,15,335,15,True,True,0.3923174227787603,Cytoplasm|Nucleus,NCC1-compartment compatible,OTHER,0.0,0.0,inside:1-903,Exact R108 SignalP/DeepTMHMM: no signal peptide or TM segment,Exact R108 pair lies in same InterProScan domain,No major cross-source conflict detected,GENE3D:G3DSA:2.170.260.10:paz domain:267-394 | PFAM:IPR014811:ArgoL1:225-271 | PROSITE_PROFILES:IPR003165:Piwi:559-866 | FUNFAM:G3DSA:2.170.260.10:FF:000008:Protein argonaute 7:268-394 | FUNFAM:G3DSA:3.30.420.10:FF:000091:Protein argonaute 3:626-903 | PFAM:IPR003100:PAZ_dom:277-406 | PFAM:IPR032472:ArgoL2:416-462 | SUPERFAMILY:IPR036085:PAZ_dom_sf:268-430 | CDD:cd02846:PAZ_argonaute_like:273-389 | GENE3D:IPR036397:RNaseH_sf:626-903 | SUPERFAMILY:IPR012337:RNaseH-like_sf:543-864 | CDD:IPR045246:Piwi_ago-like:434-865 | GENE3D:G3DSA:3.40.50.2300::454-618 | SMART:IPR014811:ArgoL1:221-273 | SMART:IPR003165:Piwi:559-866 | MOBIDB_LITE:mobidb-lite:disorder_prediction:1-20 | PFAM:IPR032474:Argonaute_N:51-211 | PFAM:IPR032473:Argonaute_Mid_dom:469-522 | PFAM:IPR003165:Piwi:559-866 | PROSITE_PROFILES:IPR003100:PAZ_dom:275-390 | PANTHER:PTHR22891:EUKARYOTIC TRANSLATION INITIATION FACTOR 2C:27-872,Tier 2: plausible but generic/abundant or lacking extra ligand,Medtr5g087870,MtrunA17_Chr5g0440631,1,MtExpress V3 (20220901); A17 5.1.9 quantification; selected paired root/nodule projects,https://lipm-browsers.toulouse.inra.fr/expression-atlas-data/v3/20220901_MtExpressV3-Dataset.zip,MtrunA17_Chr5g0440631,9.0,202.001169484135,199.8604246605505,0.3769244548912303,6.0,0.0,2.0,0.404485884650255,2.0,5.0,1.0,6.0,Reliable single A17 locus; scored,MtExpress: 199.86 median nodule TMM; median project log2FC=0.38; 6/9 projects positive,15.0,2.627887348402435,6.0,0.0,20.0,49.62788734840244,100.0,49.62788734840244,1.0,Descriptive prioritization only; not a probability of Cu binding or NCC1 client status,"Table S4-intersection candidate; structural geometry is compatible, not proof of Cu binding/client status",20.0,0.0,True,335.0,0.0,True,2,A0A072VA82; G7K2Y8,4.392317422778761,True,True,4.392317422778761,0.0,False,9.818582177480858,4.392317422778761,4.459431618637297,2.2148394241417497,2.3255813953488373,False,7.650049529006222,Compatible,,,,No formal structure-positive context,2.2045620692544006,3.6093460057070805,2.18775535352436,100.0,0.013333333333333334,0.2088888888888889,2.236990230828149,3.7141257095593296,2.1553271919506116,100.0,0.013333333333333334,0.2088888888888889,2.1396205309500846,3.4064612887971855,2.252696891828676,100.0,0.013333333333333334,0.2506666666666667,2.3230191382253738,4.003782698227375,2.069298284553387,100.0,0.013333333333333334,0.2088888888888889,3.5737982,2.979108,4.295594,2.1989246691776865,1.9875249470783822,2.3998723681284537,0.5244095997584772,3.0802211215592594,1.0,3.0,3.0,3.0,4.0,3.0,1.0,True,R1: robust high residual (exploratory),"Residual specificity is an exploratory deviation from the empirical Table S3 background expectation, not a probability of specific binding, Cu binding, or client status."
Candidate,MtrunR108HiC_000928.1,MtrunR108HiC_000928,A0A072VE66,High confidence,Putative glutamate synthase (NADH),2194,37,61,46,144,0,,,,,False,True,True,True,False,Technical missing: repeated GPU memory exhaustion; not counted as geometry-negative,False,,,0,,,,,,,,,,,,,,,,,,,,,,,,,,True,1,A0A072VE66,High confidence,17,15,353,15,True,True,0.1699250014423123,,,,,,,,,,,,,,0,MtExpress V3 (20220901); A17 5.1.9 quantification; selected paired root/nodule projects,https://lipm-browsers.toulouse.inra.fr/expression-atlas-data/v3/20220901_MtExpressV3-Dataset.zip,,,,,,,,,,,,,,No single reliable MtExpress locus; not scored,No reliable single A17 5.1.9 locus mapping; expression score withheld,15.0,1.1382205722720038,9.0,,,25.138220572272004,40.0,62.84555143068,0.4,Descriptive prioritization only; not a probability of Cu binding or NCC1 client status,"Table S4-intersection candidate; structural geometry is compatible, not proof of Cu binding/client status",17.0,0.0,True,353.0,0.0,True,1,A0A072VE66,4.169925001442312,True,True,4.169925001442312,0.0,False,11.099347810403193,5.247927513443585,5.954196310386875,1.6864175022789425,2.780309936189608,True,,Unknown,,,,No formal structure-positive context,1.9894499738137366,2.9708558079238157,2.1804750276285754,100.0,0.013333333333333334,0.2088888888888889,2.0575549163810187,3.1628019330182333,2.1123700850612934,100.0,0.013333333333333334,0.2088888888888889,1.9130097619374375,2.765939340154305,2.256915239504875,100.0,0.013333333333333334,0.2506666666666667,2.0309211561384135,3.0866569873138507,2.1390038453038986,100.0,0.013333333333333334,0.2088888888888889,2.9464476,2.0281837,4.158672,2.1893704803584804,1.8029252799152125,2.571472299277662,0.5567300366030203,3.143927378009766,0.999,4.0,4.0,2.0,3.0,3.5,2.0,True,R1: robust high residual (exploratory),"Residual specificity is an exploratory deviation from the empirical Table S3 background expectation, not a probability of specific binding, Cu binding, or client status."
Candidate,MtrunR108HiC_002763.1,MtrunR108HiC_002763,A0A072VKP7,Exact unique,Putative vesicle-fusing ATPase,810,14,18,11,43,3,0.52,80.20601234567901,0.8176954732510288,0.6967078189300411,False,False,True,True,True,,False,,,0,,,,,,False,False,False,False,True,False,False,True,True,False,False,False,False,False,False,False,False,False,False,False,True,1,A0A072VKP7,Exact unique,17,15,292,15,True,True,0.1699250014423123,Cytoplasm|Nucleus,NCC1-compartment compatible,OTHER,0.0,0.0,inside:1-810,Exact R108 SignalP/DeepTMHMM: no signal peptide or TM segment,Exact R108 pair lies in same InterProScan domain,No major cross-source conflict detected,FUNFAM:G3DSA:3.40.50.300:FF:000048:Transitional endoplasmic reticulum ATPase:468-651 | SUPERFAMILY:IPR027417:P-loop_NTPase:476-765 | CDD:cd19519:RecA-like_CDC48_r1-like:209-374 | GENE3D:G3DSA:1.10.8.60::376-467 | GENE3D:G3DSA:6.10.20.150::655-764 | CDD:cd19528:RecA-like_CDC48_r2-like:489-649 | SUPERFAMILY:IPR027417:P-loop_NTPase:204-466 | NCBIFAM:IPR005938:AAA_ATPase_CDC48:31-768 | SUPERFAMILY:IPR009010:Asp_de-COase-like_dom_sf:26-110 | GENE3D:G3DSA:2.40.40.20::7-112 | SMART:IPR004201:Cdc48_dom2:130-196 | MOBIDB_LITE:mobidb-lite:disorder_prediction:8-20 | FUNFAM:G3DSA:1.10.8.60:FF:000004:Cell division control 48:376-467 | GENE3D:G3DSA:3.10.330.10::113-209 | FUNFAM:G3DSA:3.10.330.10:FF:000001:Cell division control 48:113-209 | PFAM:IPR003959:ATPase_AAA_core:245-374 | PFAM:IPR003959:ATPase_AAA_core:518-651 | GENE3D:IPR027417:P-loop_NTPase:468-651 | PROSITE_PATTERNS:IPR003960:ATPase_AAA_CS:345-363 | SMART:IPR003338:CDC4_N-term_subdom:30-113 | FUNFAM:G3DSA:3.40.50.300:FF:000012:Transitional endoplasmic reticulum ATPase:206-374 | MOBIDB_LITE:mobidb-lite:disorder_prediction:1-20 | MOBIDB_LITE:mobidb-lite:disorder_prediction:722-732 | MOBIDB_LITE:mobidb-lite:disorder_prediction:787-810 | FUNFAM:G3DSA:2.40.40.20:FF:000003:Transitional endoplasmic reticulum ATPase:7-112 | PFAM:IPR003338:CDC4_N-term_subdom:30-111 | GENE3D:IPR027417:P-loop_NTPase:210-374 | PFAM:IPR004201:Cdc48_dom2:131-195 | MOBIDB_LITE:mobidb-lite:disorder_prediction:787-802 | PROSITE_PATTERNS:IPR003960:ATPase_AAA_CS:621-639 | PIRSR:PIRSR001174-2:PIRSR001174-2:517-546 | PIRSR:PIRSR001174-2:PIRSR001174-2:245-311 | PFAM:IPR041569:AAA_lid_3:673-712 | PFAM:IPR041569:AAA_lid_3:397-438 | PANTHER:IPR050168:AAA_ATPase_domain:36-769 | SMART:IPR003593:AAA+_ATPase:241-377 | SMART:IPR003593:AAA+_ATPase:514-653 | MOBIDB_LITE:mobidb-lite:disorder_prediction:712-732 | SUPERFAMILY:IPR029067:CDC48_domain_2-like_sf:112-204,Tier 2: plausible but generic/abundant or lacking extra ligand,Medtr1g063380,MtrunA17_Chr1g0180791,1,MtExpress V3 (20220901); A17 5.1.9 quantification; selected paired root/nodule projects,https://lipm-browsers.toulouse.inra.fr/expression-atlas-data/v3/20220901_MtExpressV3-Dataset.zip,MtrunA17_Chr1g0180791,9.0,324.308823015171,480.3335150370265,-0.0127603633925836,4.0,0.0,2.0,-0.0507160995235551,1.0,5.0,0.0,5.0,Reliable single A17 locus; scored,MtExpress: 480.33 median nodule TMM; median project log2FC=-0.01; 4/9 projects positive,15.0,1.1382205722720038,10.0,0.0,20.0,51.138220572272,100.0,51.138220572272,1.0,Descriptive prioritization only; not a probability of Cu binding or NCC1 client status,"Table S4-intersection candidate; structural geometry is compatible, not proof of Cu binding/client status",17.0,0.0,True,292.0,0.0,True,1,A0A072VKP7,4.169925001442312,True,True,4.169925001442312,0.0,False,9.661778097771988,3.9068905956085187,4.247927513443585,1.728395061728395,2.2222222222222223,False,8.910893070784368,Compatible,,,,No formal structure-positive context,2.2527863363320373,3.7660243960533917,1.9171386651102749,100.0,0.013333333333333334,0.2088888888888889,2.287816260700341,3.8831640992151897,1.882108740741971,100.0,0.013333333333333334,0.2088888888888889,2.189234942120581,3.5606357274073313,1.9806900593217311,100.0,0.013333333333333334,0.2506666666666667,2.3706613402081835,4.171781555460326,1.7992636612341286,100.0,0.013333333333333334,0.2088888888888889,3.7346616,3.0879593,4.525697,1.9266637833713283,1.7037685962318172,2.1385441752074947,0.30441025588024867,2.7736681027124583,1.0,5.0,5.0,5.0,5.0,5.0,0.0,True,R1: robust high residual (exploratory),"Residual specificity is an exploratory deviation from the empirical Table S3 background expectation, not a probability of specific binding, Cu binding, or client status."
Candidate,MtrunR108HiC_012482.1,MtrunR108HiC_012482,G7JZK0,Probable,Putative asparagine synthase (glutamine-hydrolyzing),586,9,11,22,42,3,0.8866666666666667,90.50757679180886,0.9124004550625712,0.8850967007963595,False,False,True,True,True,,True,M478-M501,M-M,3,4.923002031281318,0.1004259057684784,97.56,1.64,8.3105597662962,True,True,False,True,True,True,True,True,True,True,False,True,True,True,False,False,False,True,False,True,True,1,G7JZK0,Probable,25,3,375,59,True,True,2.700439718141092,Cytoplasm,NCC1-compartment compatible,OTHER,0.0,0.0,inside:1-586,Phobius-only signal-peptide hit; not supported by exact R108 SignalP/DeepTMHMM,Exact R108 pair lies in same InterProScan domain,No major cross-source conflict detected,CDD:IPR033738:AsnB_N:2-192 | PHOBIUS:SIGNAL_PEPTIDE:Signal Peptide:1-16 | PHOBIUS:SIGNAL_PEPTIDE_N_REGION:Signal peptide N-region:1-1 | PIRSR:PIRSR001589-3:PIRSR001589-3:1-554 | FUNFAM:G3DSA:3.60.20.10:FF:000024:Asparagine synthetase [glutamine-hydrolyzing]:2-192 | PFAM:IPR001962:Asn_synthase:211-362 | PIRSR:PIRSR000485-1:PIRSR000485-1:1-45 | FUNFAM:G3DSA:3.40.50.620:FF:000055:Asparagine synthetase [glutamine-hydrolyzing]:195-515 | PIRSF:IPR006426:Asn_synth_AEB:1-494 | PANTHER:IPR050795:Asn_Synthetase:1-556 | GENE3D:IPR029055:Ntn_hydrolases_N:2-192 | PHOBIUS:SIGNAL_PEPTIDE_C_REGION:Signal peptide C-region:11-16 | PHOBIUS:SIGNAL_PEPTIDE_H_REGION:Signal peptide H-region:2-10 | CDD:IPR001962:Asn_synthase:225-458 | PFAM:PF13522:GATase_6:1-168 | NCBIFAM:NF006949:PRK09431.1:1-555 | SUPERFAMILY:IPR029055:Ntn_hydrolases_N:1-195 | PHOBIUS:NON_CYTOPLASMIC_DOMAIN:Non cytoplasmic domain:17-586 | PIRSR:PIRSR001589-2:PIRSR001589-2:1-554 | NCBIFAM:IPR006426:Asn_synth_AEB:2-368 | GENE3D:IPR014729:Rossmann-like_a/b/a_fold:195-514 | PROSITE_PROFILES:IPR017932:GATase_2_dom:2-185 | SUPERFAMILY:SSF52402:Adenine nucleotide alpha hydrolases-like:211-481 | PIRSR:PIRSR001589-1:PIRSR001589-1:1-554,Tier 1: focused mechanistic review,Medtr5g071360,MtrunA17_Chr5g0430381,1,MtExpress V3 (20220901); A17 5.1.9 quantification; selected paired root/nodule projects,https://lipm-browsers.toulouse.inra.fr/expression-atlas-data/v3/20220901_MtExpressV3-Dataset.zip,MtrunA17_Chr5g0430381,9.0,635.655243411403,2468.86932128463,2.960482275233798,8.0,8.0,2.0,3.83409151400889,2.0,5.0,4.0,9.0,Reliable single A17 locus; scored,MtExpress: 2468.87 median nodule TMM; median project log2FC=2.96; 8/9 projects positive,15.0,10.0,6.0,28.33677861992591,20.0,88.33677861992591,100.0,88.33677861992592,1.0,Descriptive prioritization only; not a probability of Cu binding or NCC1 client status,"Table S4-intersection candidate; structural geometry is compatible, not proof of Cu binding/client status",25.0,3.0,False,375.0,59.0,False,1,G7JZK0,2.700439718141092,False,True,4.700439718141092,2.0,True,9.194756854422248,3.321928094887362,3.584962500721156,1.5358361774744027,1.877133105802048,False,11.270218996706049,Compatible,Canonical/conserved enzyme-fold coincidence,Negative-calibration/native-site benchmark,Conserved enzyme-fold site; failed interaction robustness,Canonical/conserved enzyme-fold coincidence,2.8687325255450333,6.304231676105707,1.8317071925960584,100.0,0.013333333333333334,0.2088888888888889,2.878560090529075,6.354157582785044,1.8218796276120166,100.0,0.013333333333333334,0.2088888888888889,3.0087779317706063,7.048823569674205,1.6916617863704855,98.64864864864865,0.02666666666666667,0.31333333333333335,3.137923842299522,7.802564188545297,1.5625158758415698,98.64864864864865,0.02666666666666667,0.35809523809523813,6.233988,3.7237582,9.094249,1.8456484345336088,1.3649783042807706,2.4605045346160064,0.1949438162444594,2.977808828705736,0.986,6.0,6.0,7.0,7.0,6.5,1.0,True,R1: robust high residual (exploratory),"Residual specificity is an exploratory deviation from the empirical Table S3 background expectation, not a probability of specific binding, Cu binding, or client status."
Candidate,MtrunR108HiC_025431.1,MtrunR108HiC_025431,G7K4R2,High confidence,Putative Heat shock protein Hsp90 family,699,5,21,8,34,3,0.71,81.8171196948021,0.7968526466380544,0.7215069146399619,False,False,False,False,True,,False,,,0,,,,,,False,False,False,False,False,False,False,True,False,False,False,True,False,False,False,False,False,False,False,False,True,1,G7K4R2,High confidence,13,15,277,15,True,True,-0.1926450779423958,,,,,,,,,,,,,,0,MtExpress V3 (20220901); A17 5.1.9 quantification; selected paired root/nodule projects,https://lipm-browsers.toulouse.inra.fr/expression-atlas-data/v3/20220901_MtExpressV3-Dataset.zip,,,,,,,,,,,,,,No single reliable MtExpress locus; not scored,No reliable single A17 5.1.9 locus mapping; expression score withheld,15.0,0.0,9.0,0.0,,24.0,70.0,34.285714285714285,0.7,Descriptive prioritization only; not a probability of Cu binding or NCC1 client status,"Table S4-intersection candidate; structural geometry is compatible, not proof of Cu binding/client status",13.0,0.0,True,277.0,0.0,True,1,G7K4R2,3.807354922057604,True,True,3.807354922057604,0.0,False,9.449148645375436,2.584962500721156,4.459431618637297,0.7153075822603719,3.004291845493562,True,,Unknown,,,,No formal structure-positive context,2.1118483624349382,3.322447264164481,1.695506559622666,98.64864864864865,0.02666666666666667,0.31333333333333335,2.1232274109040143,3.356674746494525,1.6841275111535898,98.64864864864865,0.02666666666666667,0.27851851851851855,2.080199180855562,3.228655937155561,1.7271557412020422,98.64864864864865,0.02666666666666667,0.31333333333333335,2.0336540968403116,3.0944058019149034,1.7737008252172926,100.0,0.013333333333333334,0.2088888888888889,3.296054,2.6185057,4.1634183,1.7043427178873771,1.439028609754061,1.9519609133019202,0.13025038197392594,2.633223296290737,0.989,7.0,7.0,6.0,6.0,6.5,1.0,True,R1: robust high residual (exploratory),"Residual specificity is an exploratory deviation from the empirical Table S3 background expectation, not a probability of specific binding, Cu binding, or client status."
Candidate,MtrunR108HiC_008618.1,MtrunR108HiC_008618,G7IH71,Exact unique,Putative phosphoenolpyruvate carboxylase,966,8,26,20,54,3,0.8933333333333334,89.82314009661836,0.9306418219461698,0.8809523809523809,False,False,True,True,True,,False,,,0,,,,,,False,False,False,False,False,False,False,True,True,False,False,False,False,False,False,False,False,False,False,False,True,1,G7IH71,Exact unique,24,3,474,72,True,True,2.643856189774725,Cytoplasm,NCC1-compartment compatible,OTHER,0.0,0.0,inside:1-966,Exact R108 SignalP/DeepTMHMM: no signal peptide or TM segment,Exact R108 pair lies in same InterProScan domain,No major cross-source conflict detected,PRINTS:IPR021135:PEP_COase:166-179 | PRINTS:IPR021135:PEP_COase:219-235 | PRINTS:IPR021135:PEP_COase:279-294 | PRINTS:IPR021135:PEP_COase:441-461 | PRINTS:IPR021135:PEP_COase:590-610 | PRINTS:IPR021135:PEP_COase:632-661 | PRINTS:IPR021135:PEP_COase:764-790 | COILS:Coil:Coil:103-123 | PROSITE_PATTERNS:IPR033129:PEPCASE_His_AS:592-604 | PANTHER:IPR021135:PEP_COase:3-966 | FUNFAM:G3DSA:1.20.1440.90:FF:000001:Phosphoenolpyruvate carboxylase 1:307-444 | NCBIFAM:NF000584:PRK00009.1:35-966 | SUPERFAMILY:IPR015813:Pyrv/PenolPyrv_kinase-like_dom:32-966 | GENE3D:G3DSA:1.20.1440.90:Phosphoenolpyruvate/pyruvate domain:307-444 | HAMAP:IPR022805:PEP_COase_bac/pln-type:22-966 | PFAM:IPR021135:PEP_COase:33-966 | PROSITE_PATTERNS:IPR018129:PEP_COase_Lys_AS:167-178,Tier 2: plausible but generic/abundant or lacking extra ligand,Medtr2g076670,MtrunA17_Chr2g0315891,1,MtExpress V3 (20220901); A17 5.1.9 quantification; selected paired root/nodule projects,https://lipm-browsers.toulouse.inra.fr/expression-atlas-data/v3/20220901_MtExpressV3-Dataset.zip,MtrunA17_Chr2g0315891,9.0,242.6584075670225,1621.062719132655,1.5672540832126547,9.0,8.0,2.0,2.0403121972080744,2.0,5.0,3.0,8.0,Reliable single A17 locus; scored,MtExpress: 1621.06 median nodule TMM; median project log2FC=1.57; 9/9 projects positive,15.0,10.0,10.0,0.0,20.0,63.0,100.0,63.0,1.0,Descriptive prioritization only; not a probability of Cu binding or NCC1 client status,"Table S4-intersection candidate; structural geometry is compatible, not proof of Cu binding/client status",24.0,3.0,False,474.0,72.0,False,1,G7IH71,2.643856189774725,False,True,4.643856189774724,2.0,True,9.915879378835774,3.169925001442312,4.754887502163468,0.8281573498964804,2.691511387163561,False,10.663613888947406,Compatible,,,,No formal structure-positive context,2.970392273954009,6.837493133484825,1.6734639158207152,98.64864864864865,0.02666666666666667,0.31333333333333335,2.9959792566201697,6.97773530439655,1.6478769331545546,98.64864864864865,0.02666666666666667,0.27851851851851855,2.986135144955373,6.923485175906455,1.6577210448193513,98.64864864864865,0.02666666666666667,0.31333333333333335,3.360602037358892,9.271692668737877,1.2832541524158323,91.89189189189189,0.09333333333333334,0.7712820512820513,6.740361,4.108842,9.800337,1.6914552669994558,1.2108517270557608,2.290859798716756,0.08294053483187434,2.80462875967106,0.981,8.0,8.0,8.0,10.0,8.0,2.0,True,R1: robust high residual (exploratory),"Residual specificity is an exploratory deviation from the empirical Table S3 background expectation, not a probability of specific binding, Cu binding, or client status."
Candidate,MtrunR108HiC_007551.1,MtrunR108HiC_007551,A0A072V8Q4,High confidence,Putative methionine adenosyltransferase,396,8,7,12,27,3,0.9266666666666667,94.8904797979798,0.9797979797979798,0.9646464646464644,False,True,True,True,True,,False,,,0,,,,,,False,False,False,False,True,False,False,False,False,False,False,True,False,False,False,False,False,False,False,False,True,1,A0A072V8Q4,High confidence,21,2,426,36,True,True,2.8744691179161412,Cytoplasm,NCC1-compartment compatible,OTHER,0.0,0.0,inside:1-396,Exact R108 SignalP/DeepTMHMM: no signal peptide or TM segment,Exact R108 pair lies in same InterProScan domain,No major cross-source conflict detected,GENE3D:G3DSA:3.30.300.10::119-383 | HAMAP:IPR002133:S-AdoMet_synthetase:4-395 | SUPERFAMILY:IPR022636:S-AdoMet_synthetase_sfam:117-241 | FUNFAM:G3DSA:3.30.300.10:FF:000011:S-adenosylmethionine synthase:119-138 | FUNFAM:G3DSA:3.30.300.10:FF:000003:S-adenosylmethionine synthase:139-243 | PROSITE_PATTERNS:IPR022631:ADOMET_SYNTHASE_CS:268-276 | FUNFAM:G3DSA:3.30.300.10:FF:000021:S-adenosylmethionine synthetase 1:13-118 | PFAM:IPR022630:S-AdoMet_synt_C:242-383 | CDD:cd18079:S-AdoMet_synt:7-386 | PANTHER:IPR002133:S-AdoMet_synthetase:4-389 | FUNFAM:G3DSA:3.30.300.10:FF:000004:S-adenosylmethionine synthase:264-383 | PROSITE_PATTERNS:IPR022631:ADOMET_SYNTHASE_CS:121-131 | GENE3D:G3DSA:3.30.300.10::13-282 | PFAM:IPR022629:S-AdoMet_synt_central:119-240 | PFAM:IPR022628:S-AdoMet_synt_N:6-103 | NCBIFAM:IPR002133:S-AdoMet_synthetase:7-389 | PIRSF:IPR002133:S-AdoMet_synthetase:3-388 | SUPERFAMILY:IPR022636:S-AdoMet_synthetase_sfam:242-388 | SUPERFAMILY:IPR022636:S-AdoMet_synthetase_sfam:5-111 | GENE3D:G3DSA:3.30.300.10::6-245,Tier 2: plausible but generic/abundant or lacking extra ligand,Medtr2g046710,MtrunA17_Chr2g0302931,1,MtExpress V3 (20220901); A17 5.1.9 quantification; selected paired root/nodule projects,https://lipm-browsers.toulouse.inra.fr/expression-atlas-data/v3/20220901_MtExpressV3-Dataset.zip,MtrunA17_Chr2g0302931,9.0,1685.60380766459,1302.685175918035,-0.2545126305398497,2.0,0.0,2.0,-0.1171902125844752,1.0,5.0,0.0,5.0,Reliable single A17 locus; scored,MtExpress: 1302.69 median nodule TMM; median project log2FC=-0.25; 2/9 projects positive,15.0,10.0,9.0,0.0,20.0,59.0,100.0,59.0,1.0,Descriptive prioritization only; not a probability of Cu binding or NCC1 client status,"Table S4-intersection candidate; structural geometry is compatible, not proof of Cu binding/client status",21.0,2.0,False,426.0,36.0,False,1,A0A072V8Q4,2.8744691179161412,False,True,4.459431618637297,1.584962500721156,True,8.62935662007961,3.169925001442312,3.0,2.0202020202020203,1.7676767676767675,False,10.34837980302043,Compatible,,,,No formal structure-positive context,2.89415519571956,6.4340850613618645,1.5652764229177372,97.29729729729729,0.04,0.4177777777777778,2.901061968235162,6.469760401853306,1.5583696504021352,98.64864864864865,0.02666666666666667,0.27851851851851855,2.917894840277781,6.5574254383560655,1.5415367783595162,95.94594594594595,0.05333333333333334,0.5570370370370371,3.227032550406115,8.363400388533844,1.2323990682311825,90.54054054054055,0.10666666666666667,0.7712820512820513,6.386051,4.0706325,8.775621,1.5746284427110888,1.1702433051531054,2.117265922016356,-0.13532565356484696,2.664076967951324,0.964,9.0,9.0,9.0,13.0,9.0,4.0,False,R2: elevated but exploratory residual,"Residual specificity is an exploratory deviation from the empirical Table S3 background expectation, not a probability of specific binding, Cu binding, or client status."
Candidate,MtrunR108HiC_005524.1,MtrunR108HiC_005524,Q1SL16,High confidence,"Putative elongation factor 1B gamma, glutathione S-transferase, Thioredoxin-like superfamily",418,3,11,7,21,3,0.5633333333333334,85.14842105263158,0.879585326953748,0.8309409888357258,False,False,False,False,True,,False,,,0,,,,,,False,False,False,False,False,False,False,True,True,False,False,False,False,False,False,False,False,False,False,False,True,1,Q1SL16,High confidence,13,15,235,15,True,True,-0.1926450779423958,,,,,,,,,,,,Medtr2g005570,MtrunA17_Chr2g0276951,1,MtExpress V3 (20220901); A17 5.1.9 quantification; selected paired root/nodule projects,https://lipm-browsers.toulouse.inra.fr/expression-atlas-data/v3/20220901_MtExpressV3-Dataset.zip,MtrunA17_Chr2g0276951,9.0,362.22040005199904,220.0460215694955,-0.3479999666272952,2.0,0.0,2.0,-0.2424100227130701,0.0,5.0,0.0,5.0,Reliable single A17 locus; scored,MtExpress: 220.05 median nodule TMM; median project log2FC=-0.35; 2/9 projects positive,15.0,0.0,9.0,0.0,,29.0,80.0,36.25,0.8,Descriptive prioritization only; not a probability of Cu binding or NCC1 client status,"Table S4-intersection candidate; structural geometry is compatible, not proof of Cu binding/client status",13.0,0.0,True,235.0,0.0,True,1,Q1SL16,3.807354922057604,True,True,3.807354922057604,0.0,False,8.707359132080883,2.0,3.584962500721156,0.7177033492822966,2.631578947368421,False,7.788202958386492,Unknown,,,,No formal structure-positive context,2.314200286121371,3.973289058273963,1.493154635936233,94.5945945945946,0.06666666666666667,0.5696969696969697,2.3150091802332953,3.9760782771372893,1.492345741824309,97.29729729729729,0.04,0.31333333333333335,2.2836198587114303,3.868980959014044,1.523735063346174,94.5945945945946,0.06666666666666667,0.5696969696969697,2.330051273015353,4.028232197007103,1.477303649042251,94.5945945945946,0.06666666666666667,0.6962962962962963,3.9668412,3.2961292,4.6735754,1.4950263450159782,1.303096724511599,1.7043175230040304,-0.048670143323098436,2.3453660132940404,0.968,10.0,11.0,10.0,8.0,10.0,3.0,False,R2: elevated but exploratory residual,"Residual specificity is an exploratory deviation from the empirical Table S3 background expectation, not a probability of specific binding, Cu binding, or client status."
Candidate,MtrunR108HiC_016267.1,MtrunR108HiC_016267,G7JRA0;G7JRA2,High confidence,Putative purine-nucleoside phosphorylase,449,10,21,10,41,3,0.8766666666666666,89.1147216035635,0.9339272457312546,0.9057164068299928,False,False,True,True,True,,False,,,0,,,,,,False,False,False,False,False,False,False,True,False,False,False,False,False,False,False,False,False,False,False,False,True,2,G7JRA0; G7JRA2,High confidence,12,15,255,15,True,True,-0.2995602818589078,Cytoplasm,NCC1-compartment compatible,OTHER,0.0,0.0,inside:1-449,Exact R108 SignalP/DeepTMHMM: no signal peptide or TM segment,Exact R108 pair lies in same InterProScan domain,Major conflict: R108 product name disagrees with UniProt/InterPro,FUNFAM:G3DSA:3.30.1330.20:FF:000002:Tubulin beta chain:264-373 | SUPERFAMILY:IPR036525:Tubulin/FtsZ_GTPase_sf:1-243 | SMART:IPR018316:Tubulin/FtsZ_2-layer-sand-dom:246-383 | MOBIDB_LITE:mobidb-lite:disorder_prediction:429-442 | MOBIDB_LITE:mobidb-lite:disorder_prediction:421-449 | PFAM:IPR003008:Tubulin_FtsZ_GTPase:3-211 | GENE3D:IPR023123:Tubulin_C:374-430 | FUNFAM:G3DSA:1.10.287.600:FF:000002:Tubulin beta chain:374-434 | CDD:cd02187:beta_tubulin:2-426 | PRINTS:IPR000217:Tubulin:93-104 | PRINTS:IPR000217:Tubulin:132-150 | PRINTS:IPR000217:Tubulin:106-130 | PRINTS:IPR000217:Tubulin:51-70 | PRINTS:IPR000217:Tubulin:151-172 | PRINTS:IPR000217:Tubulin:190-210 | PRINTS:IPR000217:Tubulin:370-398 | PRINTS:IPR000217:Tubulin:10-30 | PRINTS:IPR000217:Tubulin:176-189 | PANTHER:IPR000217:Tubulin:3-426 | FUNFAM:G3DSA:3.40.50.1440:FF:000005:Tubulin beta chain:1-262 | PROSITE_PATTERNS:IPR017975:Tubulin_CS:140-146 | GENE3D:IPR036525:Tubulin/FtsZ_GTPase_sf:1-262 | GENE3D:IPR037103:Tubulin/FtsZ-like_C:263-373 | PFAM:IPR018316:Tubulin/FtsZ_2-layer-sand-dom:261-382 | SMART:IPR003008:Tubulin_FtsZ_GTPase:47-244 | COILS:Coil:Coil:408-448 | SUPERFAMILY:IPR008280:Tub_FtsZ_C:244-429 | PROSITE_PATTERNS:IPR013838:Beta-tubulin_BS:1-4 | PRINTS:IPR002453:Beta_tubulin:108-126 | PRINTS:IPR002453:Beta_tubulin:245-258 | PRINTS:IPR002453:Beta_tubulin:41-58 | PRINTS:IPR002453:Beta_tubulin:347-370 | PRINTS:IPR002453:Beta_tubulin:212-224 | PRINTS:IPR002453:Beta_tubulin:230-239 | PRINTS:IPR002453:Beta_tubulin:88-99 | PRINTS:IPR002453:Beta_tubulin:412-430 | PRINTS:IPR002453:Beta_tubulin:377-388 | PRINTS:IPR002453:Beta_tubulin:152-164 | PRINTS:IPR002453:Beta_tubulin:329-343 | PRINTS:IPR002453:Beta_tubulin:265-281 | PRINTS:IPR002453:Beta_tubulin:311-329,Tier 3: annotation conflict/background risk,Medtr4g019090; Medtr4g019110,MtrunA17_Chr4g0008361; MtrunA17_Chr4g0008401,2,MtExpress V3 (20220901); A17 5.1.9 quantification; selected paired root/nodule projects,https://lipm-browsers.toulouse.inra.fr/expression-atlas-data/v3/20220901_MtExpressV3-Dataset.zip,,,169.14321197302544,118.2924244028905,0.2838775671712845,,,,0.3687271817961826,,,,,"Multiple reliable A17 loci; descriptive only, not scored",Multiple reliable A17 loci map to one R108 protein; expression score withheld,15.0,0.0,9.0,0.0,20.0,44.0,90.0,48.888888888888886,0.9,Descriptive prioritization only; not a probability of Cu binding or NCC1 client status,"Table S4-intersection candidate; structural geometry is compatible, not proof of Cu binding/client status",12.0,0.0,True,255.0,0.0,True,2,G7JRA0; G7JRA2,3.700439718141092,True,True,3.700439718141092,0.0,False,8.810571634741146,3.4594316186372973,4.459431618637297,2.2271714922048997,4.67706013363029,False,6.898358618194261,Compatible,,,,No formal structure-positive context,2.2261589907903807,3.67886625765828,1.4742807273507115,94.5945945945946,0.06666666666666667,0.5696969696969697,2.198149132801741,3.5889024317343488,1.5022905853393511,97.29729729729729,0.04,0.31333333333333335,2.1774651810294916,3.5235806118150848,1.5229745371116006,94.5945945945946,0.06666666666666667,0.5696969696969697,2.296439979673811,3.9124406575581725,1.4039997384672813,94.5945945945946,0.06666666666666667,0.6962962962962963,3.6465864,3.1109428,4.2870493,1.4842685727019442,1.2979770985980166,1.6609704522032869,-0.12404058984928407,2.3090041534118737,0.95,11.0,10.0,11.0,9.0,10.5,2.0,False,R2: elevated but exploratory residual,"Residual specificity is an exploratory deviation from the empirical Table S3 background expectation, not a probability of specific binding, Cu binding, or client status."
Candidate,MtrunR108HiC_016226.1,MtrunR108HiC_016226,A0A072USS0,Exact unique,Putative purine-nucleoside phosphorylase,449,10,23,9,42,3,0.8866666666666667,89.91192279138828,0.9376391982182628,0.9101707498144024,False,False,True,True,True,,False,,,0,,,,,,False,False,False,False,True,False,False,True,False,False,False,False,False,False,False,False,False,False,False,False,True,1,A0A072USS0,Exact unique,11,15,221,15,True,True,-0.4150374992788438,Cytoplasm,NCC1-compartment compatible,OTHER,0.0,0.0,inside:1-449,Exact R108 SignalP/DeepTMHMM: no signal peptide or TM segment,Exact R108 pair lies in same InterProScan domain,Major conflict: R108 product name disagrees with UniProt/InterPro,FUNFAM:G3DSA:1.10.287.600:FF:000002:Tubulin beta chain:374-434 | CDD:cd02187:beta_tubulin:2-426 | SUPERFAMILY:IPR008280:Tub_FtsZ_C:244-429 | GENE3D:IPR037103:Tubulin/FtsZ-like_C:263-373 | SMART:IPR003008:Tubulin_FtsZ_GTPase:47-244 | PROSITE_PATTERNS:IPR017975:Tubulin_CS:140-146 | GENE3D:IPR023123:Tubulin_C:374-430 | PFAM:IPR018316:Tubulin/FtsZ_2-layer-sand-dom:261-382 | PRINTS:IPR002453:Beta_tubulin:41-58 | PRINTS:IPR002453:Beta_tubulin:88-99 | PRINTS:IPR002453:Beta_tubulin:108-126 | PRINTS:IPR002453:Beta_tubulin:152-164 | PRINTS:IPR002453:Beta_tubulin:212-224 | PRINTS:IPR002453:Beta_tubulin:230-239 | PRINTS:IPR002453:Beta_tubulin:245-258 | PRINTS:IPR002453:Beta_tubulin:265-281 | PRINTS:IPR002453:Beta_tubulin:311-329 | PRINTS:IPR002453:Beta_tubulin:329-343 | PRINTS:IPR002453:Beta_tubulin:347-370 | PRINTS:IPR002453:Beta_tubulin:377-388 | PRINTS:IPR002453:Beta_tubulin:412-430 | SUPERFAMILY:IPR036525:Tubulin/FtsZ_GTPase_sf:1-243 | PRINTS:IPR000217:Tubulin:10-30 | PRINTS:IPR000217:Tubulin:51-70 | PRINTS:IPR000217:Tubulin:93-104 | PRINTS:IPR000217:Tubulin:106-130 | PRINTS:IPR000217:Tubulin:132-150 | PRINTS:IPR000217:Tubulin:151-172 | PRINTS:IPR000217:Tubulin:176-189 | PRINTS:IPR000217:Tubulin:190-210 | PRINTS:IPR000217:Tubulin:370-398 | FUNFAM:G3DSA:3.40.50.1440:FF:000005:Tubulin beta chain:1-262 | MOBIDB_LITE:mobidb-lite:disorder_prediction:426-449 | MOBIDB_LITE:mobidb-lite:disorder_prediction:429-449 | PFAM:IPR003008:Tubulin_FtsZ_GTPase:3-211 | FUNFAM:G3DSA:3.30.1330.20:FF:000002:Tubulin beta chain:264-373 | COILS:Coil:Coil:408-428 | GENE3D:IPR036525:Tubulin/FtsZ_GTPase_sf:1-262 | PANTHER:IPR000217:Tubulin:3-426 | SMART:IPR018316:Tubulin/FtsZ_2-layer-sand-dom:246-383,Tier 3: annotation conflict/background risk,Medtr4g017630,MtrunA17_Chr4g0007371,1,MtExpress V3 (20220901); A17 5.1.9 quantification; selected paired root/nodule projects,https://lipm-browsers.toulouse.inra.fr/expression-atlas-data/v3/20220901_MtExpressV3-Dataset.zip,MtrunA17_Chr4g0007371,9.0,194.4128984516855,188.3625317760755,-0.4711351699062795,3.0,0.0,2.0,-0.7704661544447498,0.0,5.0,0.0,5.0,Reliable single A17 locus; scored,MtExpress: 188.36 median nodule TMM; median project log2FC=-0.47; 3/9 projects positive,15.0,0.0,10.0,0.0,20.0,50.0,100.0,50.0,1.0,Descriptive prioritization only; not a probability of Cu binding or NCC1 client status,"Table S4-intersection candidate; structural geometry is compatible, not proof of Cu binding/client status",11.0,0.0,True,221.0,0.0,True,1,A0A072USS0,3.584962500721156,True,True,3.584962500721156,0.0,False,8.810571634741146,3.4594316186372973,4.584962500721156,2.2271714922048997,5.122494432071269,False,7.56500708991411,Compatible,,,,No formal structure-positive context,2.2388394462174492,3.720172048431464,1.3461230545037068,93.24324324324324,0.08,0.6266666666666667,2.2044333263257005,3.608934696171554,1.3805291743954555,97.29729729729729,0.04,0.31333333333333335,2.1860501594834227,3.5505791228400856,1.3989123412377333,93.24324324324324,0.08,0.5784615384615385,2.3214926366899573,3.9984910446315363,1.2634698640311988,90.54054054054055,0.10666666666666667,0.7712820512820513,3.6886954,3.1141295,4.357724,1.3557759658395643,1.163342125803172,1.5443753913938398,-0.25170154502404196,2.2172277049805813,0.937,12.0,12.0,13.0,11.0,12.0,2.0,False,R2: elevated but exploratory residual,"Residual specificity is an exploratory deviation from the empirical Table S3 background expectation, not a probability of specific binding, Cu binding, or client status."
Candidate,MtrunR108HiC_017029.1,MtrunR108HiC_017029,A0A072TLC8,High confidence,Putative carboxypeptidase D,494,6,4,16,26,3,0.91,91.110681511471,0.9203778677462888,0.898110661268556,False,False,False,False,True,,False,,,0,,,,,,False,False,False,False,False,False,False,False,False,False,False,False,False,False,False,False,False,False,False,False,True,1,A0A072TLC8,High confidence,11,15,172,15,True,True,-0.4150374992788438,,,,,,,,,,,,Medtr0003s0560,MtrunA17_Chr4g0020241,1,MtExpress V3 (20220901); A17 5.1.9 quantification; selected paired root/nodule projects,https://lipm-browsers.toulouse.inra.fr/expression-atlas-data/v3/20220901_MtExpressV3-Dataset.zip,MtrunA17_Chr4g0020241,9.0,48.9233586811364,308.96832187417,2.6587860723632364,9.0,9.0,2.0,3.1327897555548847,2.0,5.0,4.0,9.0,Reliable single A17 locus; scored,MtExpress: 308.97 median nodule TMM; median project log2FC=2.66; 9/9 projects positive,15.0,0.0,9.0,0.0,,33.0,80.0,41.25,0.8,Descriptive prioritization only; not a probability of Cu binding or NCC1 client status,"Table S4-intersection candidate; structural geometry is compatible, not proof of Cu binding/client status",11.0,0.0,True,172.0,0.0,True,1,A0A072TLC8,3.584962500721156,True,True,3.584962500721156,0.0,False,8.948367231584678,2.807354922057604,2.321928094887362,1.214574898785425,0.8097165991902834,False,8.275976972337855,Unknown,,,,No formal structure-positive context,2.3016667023303614,3.9302701578660697,1.2832957983907947,91.89189189189189,0.09333333333333334,0.6748717948717948,2.3330357710138867,4.038644849310619,1.2519267297072694,93.24324324324324,0.08,0.5784615384615385,2.270607486887986,3.8252626941614993,1.31435501383317,90.54054054054055,0.10666666666666667,0.7161904761904763,2.3479826856978443,4.091118640390933,1.2369798150233118,90.54054054054055,0.10666666666666667,0.7712820512820513,3.9324007,3.2885127,4.666896,1.282672657161891,1.0824037686883803,1.4844851569234723,-0.2889148136386076,2.1677755305988784,0.934,13.0,13.0,14.0,12.0,13.0,2.0,False,R2: elevated but exploratory residual,"Residual specificity is an exploratory deviation from the empirical Table S3 background expectation, not a probability of specific binding, Cu binding, or client status."
Candidate,MtrunR108HiC_037085.1,MtrunR108HiC_037085,G7JCT4,High confidence,Putative tripeptidyl-peptidase II,757,11,17,14,42,3,0.8933333333333334,89.73257595772787,0.916776750330251,0.8987230295024219,False,False,True,True,True,,True,M385-M405,M-M,2,4.985233036317645,0.0101140708233078,76.0,2.5774999999999997,16.88920210569873,True,True,False,True,True,True,False,True,True,True,False,True,True,True,False,False,False,False,False,True,True,1,G7JCT4,High confidence,11,15,214,15,True,True,-0.4150374992788438,Extracellular,Compartment-incompatible or indirect,SP,0.999824,0.0,signal:1-23; outside:24-757,SignalP 6.0: signal peptide positive,Exact R108 pair lies in same InterProScan domain,No major cross-source conflict detected,SIGNALP_GRAM_POSITIVE:SignalP-TM:SignalP-TM:1-25 | FUNFAM:G3DSA:3.50.30.30:FF:000005:subtilisin-like protease SBT1.5:336-476 | MOBIDB_LITE:mobidb-lite:disorder_prediction:199-211 | MOBIDB_LITE:mobidb-lite:disorder_prediction:196-219 | PFAM:IPR010259:S8pro/Inhibitor_I9:30-105 | GENE3D:IPR036852:Peptidase_S8/S53_dom_sf:131-621 | CDD:IPR034197:Peptidases_S8_3:102-574 | CDD:cd02120:PA_subtilisin_like:342-469 | PHOBIUS:SIGNAL_PEPTIDE:Signal Peptide:1-23 | SIGNALP_EUK:SignalP-noTM:SignalP-noTM:1-23 | PANTHER:IPR045051:SBT:31-753 | FUNFAM:G3DSA:3.30.70.80:FF:000003:Subtilisin-like protease SBT1.9:20-105 | PHOBIUS:SIGNAL_PEPTIDE_N_REGION:Signal peptide N-region:1-7 | PHOBIUS:SIGNAL_PEPTIDE_H_REGION:Signal peptide H-region:8-18 | PHOBIUS:SIGNAL_PEPTIDE_C_REGION:Signal peptide C-region:19-23 | PROSITE_PATTERNS:IPR023828:Peptidase_S8_Ser-AS:538-548 | PIRSR:PIRSR615500-1:PIRSR615500-1:13-756 | GENE3D:G3DSA:2.60.40.2310::625-756 | GENE3D:G3DSA:3.50.30.30::336-477 | PFAM:IPR000209:Peptidase_S8/S53_dom:128-584 | PROSITE_PROFILES:PS51892:SUBTILASE:101-608 | GENE3D:IPR037045:S8pro/Inhibitor_I9_sf:20-105 | PFAM:IPR041469:Subtilisin-like_FN3:655-754 | PRINTS:IPR015500:Peptidase_S8_subtilisin-rel:206-219 | PRINTS:IPR015500:Peptidase_S8_subtilisin-rel:537-553 | PRINTS:IPR015500:Peptidase_S8_subtilisin-rel:128-147 | SUPERFAMILY:IPR036852:Peptidase_S8/S53_dom_sf:104-612 | PHOBIUS:NON_CYTOPLASMIC_DOMAIN:Non cytoplasmic domain:24-757 | FUNFAM:G3DSA:3.40.50.200:FF:000006:Subtilisin-like protease SBT1.5:130-347 | PFAM:IPR003137:PA_domain:369-455,Tier 3: compartment-incompatible or indirect,Medtr4g095360,MtrunA17_Chr4g0053781,1,MtExpress V3 (20220901); A17 5.1.9 quantification; selected paired root/nodule projects,https://lipm-browsers.toulouse.inra.fr/expression-atlas-data/v3/20220901_MtExpressV3-Dataset.zip,MtrunA17_Chr4g0053781,9.0,123.1615066814985,77.3158787100874,-0.5266430678144154,1.0,0.0,2.0,-0.3785119502176703,0.0,5.0,0.0,5.0,Reliable single A17 locus; scored,MtExpress: 77.32 median nodule TMM; median project log2FC=-0.53; 1/9 projects positive,15.0,0.0,9.0,22.8,0.0,51.8,100.0,51.8,1.0,Descriptive prioritization only; not a probability of Cu binding or NCC1 client status,"Table S4-intersection candidate; structural geometry is compatible, not proof of Cu binding/client status",11.0,0.0,True,214.0,0.0,True,1,G7JCT4,3.584962500721156,True,True,3.584962500721156,0.0,False,9.564149489985732,3.584962500721156,4.169925001442312,1.453104359313078,2.2457067371202113,False,6.291232941532737,Incompatible,Compartment-incompatible/indirect,Exclude from direct-client interpretation,Compartment-incompatible or indirect,Compartment-incompatible/indirect,2.499922335255676,4.6565497316966855,1.0850401654654802,87.83783783783784,0.13333333333333333,0.7975757575757576,2.5184936932898987,4.729835391126426,1.0664688074312574,87.83783783783784,0.13333333333333333,0.7891358024691357,2.1653468686010693,3.4857426940402467,1.4196156321200868,93.24324324324324,0.08,0.5784615384615385,2.4476106079336857,4.4551187714413825,1.1373518927874704,89.1891891891892,0.12,0.8057142857142857,4.470105,3.1732545,5.7103295,1.133393897205531,0.8385788218080397,1.5237894670068617,-0.5204057819235796,2.1287236776464247,0.884,15.0,15.0,12.0,14.0,14.5,3.0,False,R2: elevated but exploratory residual,"Residual specificity is an exploratory deviation from the empirical Table S3 background expectation, not a probability of specific binding, Cu binding, or client status."
Candidate,MtrunR108HiC_038350.1,MtrunR108HiC_038350,G7JQ29,High confidence,Putative methionine adenosyltransferase,393,8,6,12,26,3,0.93,95.40849024597117,0.986429177268872,0.9754028837998304,False,True,True,True,True,,False,,,0,,,,,,False,False,False,False,True,False,False,False,False,False,False,True,False,False,False,False,False,False,False,False,True,1,G7JQ29,High confidence,14,1,227,28,True,True,2.9068905956085187,Cytoplasm,NCC1-compartment compatible,OTHER,0.0,0.0,inside:1-393,Exact R108 SignalP/DeepTMHMM: no signal peptide or TM segment,Exact R108 pair lies in same InterProScan domain,No major cross-source conflict detected,PROSITE_PATTERNS:IPR022631:ADOMET_SYNTHASE_CS:268-276 | PANTHER:IPR002133:S-AdoMet_synthetase:3-391 | SUPERFAMILY:IPR022636:S-AdoMet_synthetase_sfam:242-390 | PROSITE_PATTERNS:IPR022631:ADOMET_SYNTHASE_CS:121-131 | FUNFAM:G3DSA:3.30.300.10:FF:000001:S-adenosylmethionine synthase:13-129 | PFAM:IPR022628:S-AdoMet_synt_N:6-103 | PFAM:IPR022629:S-AdoMet_synt_central:119-240 | NCBIFAM:IPR002133:S-AdoMet_synthetase:7-388 | CDD:cd18079:S-AdoMet_synt:7-386 | HAMAP:IPR002133:S-AdoMet_synthetase:4-392 | PIRSF:IPR002133:S-AdoMet_synthetase:3-388 | FUNFAM:G3DSA:3.30.300.10:FF:000004:S-adenosylmethionine synthase:264-383 | SUPERFAMILY:IPR022636:S-AdoMet_synthetase_sfam:117-241 | GENE3D:G3DSA:3.30.300.10::119-383 | FUNFAM:G3DSA:3.30.300.10:FF:000003:S-adenosylmethionine synthase:136-243 | SUPERFAMILY:IPR022636:S-AdoMet_synthetase_sfam:5-111 | PFAM:IPR022630:S-AdoMet_synt_C:242-383 | GENE3D:G3DSA:3.30.300.10::6-244 | GENE3D:G3DSA:3.30.300.10::13-281,Tier 2: plausible but generic/abundant or lacking extra ligand,Medtr4g123810,MtrunA17_Chr4g0069201,1,MtExpress V3 (20220901); A17 5.1.9 quantification; selected paired root/nodule projects,https://lipm-browsers.toulouse.inra.fr/expression-atlas-data/v3/20220901_MtExpressV3-Dataset.zip,MtrunA17_Chr4g0069201,9.0,98.98927994558426,623.635438907062,2.5387524756050235,9.0,9.0,2.0,2.829078128687706,2.0,5.0,4.0,9.0,Reliable single A17 locus; scored,MtExpress: 623.64 median nodule TMM; median project log2FC=2.54; 9/9 projects positive,15.0,10.0,9.0,0.0,20.0,63.0,100.0,63.0,1.0,Descriptive prioritization only; not a probability of Cu binding or NCC1 client status,"Table S4-intersection candidate; structural geometry is compatible, not proof of Cu binding/client status",14.0,1.0,False,227.0,28.0,False,1,G7JQ29,2.9068905956085187,False,True,3.9068905956085187,1.0,True,8.618385502258606,3.169925001442312,2.807354922057604,2.035623409669211,1.5267175572519083,False,9.28687061325597,Compatible,,,,No formal structure-positive context,2.758449733396035,5.76668735943674,1.1484408622124835,87.83783783783784,0.13333333333333333,0.7975757575757576,2.768139964870578,5.812290532851754,1.138750630737941,87.83783783783784,0.13333333333333333,0.7891358024691357,2.770744546854245,5.8246002689504435,1.1361460487542736,89.1891891891892,0.12,0.752,3.012597301943395,7.070160140431117,0.8942932936651236,85.13513513513513,0.16,0.8676923076923077,5.717082,3.96146,7.496312,1.159055913143919,0.8200538820560437,1.5961259252365094,-0.4700597485895224,2.1649295276200733,0.913,14.0,14.0,15.0,16.0,14.5,2.0,False,R2: elevated but exploratory residual,"Residual specificity is an exploratory deviation from the empirical Table S3 background expectation, not a probability of specific binding, Cu binding, or client status."
Candidate,MtrunR108HiC_012792.1,MtrunR108HiC_012792,G7J9B8,High confidence,Putative glutamine synthetase,356,3,6,7,16,3,0.94,95.92405430711612,0.9971910112359552,0.9934456928838952,False,False,True,True,True,,False,,,0,,,,,,False,False,False,False,False,False,False,True,True,False,False,False,False,False,False,False,False,False,False,False,True,1,G7J9B8,High confidence,9,15,140,15,True,True,-0.6780719051126377,,,,,,,,,,,,Medtr3g065250,MtrunA17_Chr3g0110261,1,MtExpress V3 (20220901); A17 5.1.9 quantification; selected paired root/nodule projects,https://lipm-browsers.toulouse.inra.fr/expression-atlas-data/v3/20220901_MtExpressV3-Dataset.zip,MtrunA17_Chr3g0110261,9.0,421.101517745357,401.7427379091489,-0.4289884533024004,2.0,0.0,2.0,0.3956372889715798,2.0,5.0,0.0,5.0,Reliable single A17 locus; scored,MtExpress: 401.74 median nodule TMM; median project log2FC=-0.43; 2/9 projects positive,15.0,0.0,9.0,0.0,,29.0,80.0,36.25,0.8,Descriptive prioritization only; not a probability of Cu binding or NCC1 client status,"Table S4-intersection candidate; structural geometry is compatible, not proof of Cu binding/client status",9.0,0.0,True,140.0,0.0,True,1,G7J9B8,3.321928094887362,True,True,3.321928094887362,0.0,False,8.475733430966399,2.0,2.807354922057604,0.8426966292134831,1.6853932584269662,False,8.65371476485948,Unknown,,,,No formal structure-positive context,2.3383714618821525,4.057314372146245,0.9835566330052097,86.48648648648648,0.14666666666666667,0.7975757575757576,2.349315719274996,4.095824949244339,0.9726123756123664,86.48648648648648,0.14666666666666667,0.7891358024691357,2.3111907352028025,3.962925283772588,1.0107373596845597,86.48648648648648,0.14666666666666667,0.7975757575757576,2.3629608181348454,4.1442502201656035,0.9589672767525168,86.48648648648648,0.14666666666666667,0.8676923076923077,4.052358,3.3419724,4.8945746,0.9849709978338343,0.7625405242677791,1.2035775115724663,-0.6143848623234565,1.8725880776356993,0.857,16.0,16.0,16.0,15.0,16.0,1.0,False,R2: elevated but exploratory residual,"Residual specificity is an exploratory deviation from the empirical Table S3 background expectation, not a probability of specific binding, Cu binding, or client status."
Candidate,MtrunR108HiC_021028.1,MtrunR108HiC_021028,G7LDD8,High confidence,Putative purine-nucleoside phosphorylase,446,11,20,9,40,3,0.89,89.94000000000001,0.9431988041853512,0.914050822122571,False,False,True,True,True,,False,,,0,,,,,,False,False,False,False,False,False,False,True,False,False,False,False,False,False,False,False,False,False,False,False,True,1,G7LDD8,High confidence,7,15,181,15,True,True,-1.0,Cytoplasm,NCC1-compartment compatible,OTHER,0.0,0.0,inside:1-446,Exact R108 SignalP/DeepTMHMM: no signal peptide or TM segment,Exact R108 pair lies in same InterProScan domain,Major conflict: R108 product name disagrees with UniProt/InterPro,GENE3D:IPR036525:Tubulin/FtsZ_GTPase_sf:1-263 | GENE3D:IPR037103:Tubulin/FtsZ-like_C:264-374 | FUNFAM:G3DSA:3.30.1330.20:FF:000002:Tubulin beta chain:265-374 | COILS:Coil:Coil:409-429 | GENE3D:IPR023123:Tubulin_C:375-430 | FUNFAM:G3DSA:3.40.50.1440:FF:000005:Tubulin beta chain:1-263 | SUPERFAMILY:IPR008280:Tub_FtsZ_C:245-429 | PROSITE_PATTERNS:IPR013838:Beta-tubulin_BS:1-4 | FUNFAM:G3DSA:1.10.287.600:FF:000002:Tubulin beta chain:375-436 | PANTHER:IPR000217:Tubulin:3-427 | SMART:IPR003008:Tubulin_FtsZ_GTPase:48-245 | PRINTS:IPR000217:Tubulin:371-399 | PRINTS:IPR000217:Tubulin:10-30 | PRINTS:IPR000217:Tubulin:177-190 | PRINTS:IPR000217:Tubulin:152-173 | PRINTS:IPR000217:Tubulin:107-131 | PRINTS:IPR000217:Tubulin:52-71 | PRINTS:IPR000217:Tubulin:133-151 | PRINTS:IPR000217:Tubulin:191-211 | PRINTS:IPR000217:Tubulin:94-105 | PROSITE_PATTERNS:IPR017975:Tubulin_CS:141-147 | PRINTS:IPR002453:Beta_tubulin:42-59 | PRINTS:IPR002453:Beta_tubulin:246-259 | PRINTS:IPR002453:Beta_tubulin:312-330 | PRINTS:IPR002453:Beta_tubulin:266-282 | PRINTS:IPR002453:Beta_tubulin:330-344 | PRINTS:IPR002453:Beta_tubulin:413-431 | PRINTS:IPR002453:Beta_tubulin:348-371 | PRINTS:IPR002453:Beta_tubulin:231-240 | PRINTS:IPR002453:Beta_tubulin:378-389 | PRINTS:IPR002453:Beta_tubulin:109-127 | PRINTS:IPR002453:Beta_tubulin:153-165 | PRINTS:IPR002453:Beta_tubulin:213-225 | PRINTS:IPR002453:Beta_tubulin:89-100 | PFAM:IPR003008:Tubulin_FtsZ_GTPase:3-212 | SMART:IPR018316:Tubulin/FtsZ_2-layer-sand-dom:247-384 | PFAM:IPR018316:Tubulin/FtsZ_2-layer-sand-dom:262-383 | CDD:cd02187:beta_tubulin:2-427 | SUPERFAMILY:IPR036525:Tubulin/FtsZ_GTPase_sf:1-244,Tier 3: annotation conflict/background risk,Medtr8g107250,MtrunA17_Chr8g0393021,1,MtExpress V3 (20220901); A17 5.1.9 quantification; selected paired root/nodule projects,https://lipm-browsers.toulouse.inra.fr/expression-atlas-data/v3/20220901_MtExpressV3-Dataset.zip,MtrunA17_Chr8g0393021,9.0,9.148701182957751,396.4437179281695,5.1150091918775304,9.0,9.0,2.0,5.710698217934562,2.0,5.0,5.0,10.0,Reliable single A17 locus; scored,MtExpress: 396.44 median nodule TMM; median project log2FC=5.12; 9/9 projects positive,15.0,0.0,9.0,0.0,20.0,54.0,100.0,54.0,1.0,Descriptive prioritization only; not a probability of Cu binding or NCC1 client status,"Table S4-intersection candidate; structural geometry is compatible, not proof of Cu binding/client status",7.0,0.0,True,181.0,0.0,True,1,G7LDD8,3.0,True,True,3.0,0.0,False,8.800899899920305,3.584962500721156,4.392317422778761,2.4663677130044843,4.484304932735426,False,8.634606764348142,Compatible,,,,No formal structure-positive context,2.25729091423284,3.7809287792170565,0.7427090857671601,82.43243243243244,0.18666666666666668,0.7975757575757576,2.228939285826664,3.6878918459716656,0.7710607141733359,82.43243243243244,0.18666666666666668,0.7891358024691357,2.200028733727863,3.594884934032855,0.799971266272137,82.43243243243244,0.18666666666666668,0.7975757575757576,2.3617042220353968,4.139771497915118,0.6382957779646032,79.72972972972973,0.21333333333333335,0.8676923076923077,3.7555566,3.1486845,4.473147,0.7503857612609863,0.5476294457912445,0.9473459303379058,-0.8515519156042438,1.582496811678274,0.813,17.0,17.0,18.0,21.0,17.5,4.0,False,R2: elevated but exploratory residual,"Residual specificity is an exploratory deviation from the empirical Table S3 background expectation, not a probability of specific binding, Cu binding, or client status."
Candidate,MtrunR108HiC_009165.1,MtrunR108HiC_009165,G7ITZ5,High confidence,Putative aconitate hydratase,979,10,23,21,54,3,0.85,88.35360912495743,0.9114742934967652,0.8910452843037113,False,True,True,True,True,,True,M228-M707,M-M,3,4.838679261947415,0.6465711446515137,92.06,2.045,12.063715789784808,True,True,True,True,True,True,True,True,True,True,True,True,True,True,True,True,False,False,False,True,True,1,G7ITZ5,High confidence,7,15,156,15,True,True,-1.0,Mitochondrion,Compartment-incompatible or indirect,OTHER,0.0,0.0,inside:1-979,Exact R108 SignalP/DeepTMHMM: no signal peptide or TM segment,Exact R108 pair lies in same InterProScan domain,No major cross-source conflict detected,PANTHER:IPR006249:Aconitase/IRP2:82-976 | FUNFAM:G3DSA:3.30.499.10:FF:000005:cytoplasmic aconitate hydratase:454-677 | PROSITE_PATTERNS:IPR018136:Aconitase_4Fe-4S_BS:580-593 | PRINTS:IPR001030:Acoase/IPM_deHydtase_lsu_aba:295-310 | PRINTS:IPR001030:Acoase/IPM_deHydtase_lsu_aba:371-384 | PRINTS:IPR001030:Acoase/IPM_deHydtase_lsu_aba:518-529 | PRINTS:IPR001030:Acoase/IPM_deHydtase_lsu_aba:580-593 | PRINTS:IPR001030:Acoase/IPM_deHydtase_lsu_aba:228-241 | PRINTS:IPR001030:Acoase/IPM_deHydtase_lsu_aba:252-260 | PRINTS:IPR001030:Acoase/IPM_deHydtase_lsu_aba:453-467 | PRINTS:IPR001030:Acoase/IPM_deHydtase_lsu_aba:357-370 | PRINTS:IPR001030:Acoase/IPM_deHydtase_lsu_aba:281-294 | FUNFAM:G3DSA:3.30.499.10:FF:000002:Aconitate hydratase:86-453 | NCBIFAM:IPR006249:Aconitase/IRP2:104-977 | GENE3D:G3DSA:6.10.190.10::678-739 | FUNFAM:G3DSA:3.20.19.10:FF:000001:Aconitate hydratase:742-978 | SUPERFAMILY:IPR036008:Aconitase_4Fe-4S_dom:100-714 | PFAM:IPR001030:Acoase/IPM_deHydtase_lsu_aba:146-649 | SIGNALP_GRAM_POSITIVE:SignalP-TM:SignalP-TM:1-37 | SUPERFAMILY:SSF52016:LeuD/IlvD-like:718-977 | CDD:IPR044137:AcnA_IRP_Swivel:755-925 | CDD:cd01586:AcnA_IRP:167-651 | NCBIFAM:NF009520:PRK12881.1:101-978 | PFAM:IPR000573:AconitaseA/IPMdHydase_ssu_swvl:778-905 | NCBIFAM:NF006757:PRK09277.1:107-978 | GENE3D:IPR015928:Aconitase/3IPM_dehydase_swvl:742-978 | GENE3D:IPR015931:Acnase/IPM_dHydase_lsu_aba_1/3:85-453 | PIRSR:PIRSR036687-1:PIRSR036687-1:432-480 | GENE3D:IPR015931:Acnase/IPM_dHydase_lsu_aba_1/3:454-677 | PROSITE_PATTERNS:IPR018136:Aconitase_4Fe-4S_BS:514-530,Tier 3: compartment-incompatible or indirect,Medtr2g088360,MtrunA17_Chr2g0322641,1,MtExpress V3 (20220901); A17 5.1.9 quantification; selected paired root/nodule projects,https://lipm-browsers.toulouse.inra.fr/expression-atlas-data/v3/20220901_MtExpressV3-Dataset.zip,MtrunA17_Chr2g0322641,9.0,261.192830485434,297.0307788006337,-0.1230576736637445,3.0,0.0,2.0,-0.2289846304559653,0.0,5.0,0.0,5.0,Reliable single A17 locus; scored,MtExpress: 297.03 median nodule TMM; median project log2FC=-0.12; 3/9 projects positive,15.0,0.0,9.0,28.354076491290293,5.0,62.35407649129029,100.0,62.354076491290286,1.0,Descriptive prioritization only; not a probability of Cu binding or NCC1 client status,"Table S4-intersection candidate; structural geometry is compatible, not proof of Cu binding/client status",7.0,0.0,True,156.0,0.0,True,1,G7ITZ5,3.0,True,True,3.0,0.0,False,9.935165049603695,3.4594316186372973,4.584962500721156,1.0214504596527068,2.3493360572012256,False,8.219317520898574,Incompatible,Native metal/catalytic-site alternative,Negative-calibration/native-site benchmark,Native metal/catalytic-site mimic,Native metal/catalytic-site alternative,2.271788144523282,3.829213158282726,0.7282118554767179,82.43243243243244,0.18666666666666668,0.7975757575757576,2.3048623829290316,3.9412031901653233,0.6951376170709684,82.43243243243244,0.18666666666666668,0.7891358024691357,2.1955168256838675,3.580537263075909,0.8044831743161325,82.43243243243244,0.18666666666666668,0.7975757575757576,2.1632784778753362,3.4793160963339345,0.8367215221246638,83.78378378378379,0.17333333333333334,0.8676923076923077,3.737,2.8868458,4.8086925,0.7560263872146606,0.46178661584854125,1.0414000302553175,-0.8911673120917138,1.665265705463154,0.808,20.0,20.0,17.0,17.0,18.5,3.0,False,R2: elevated but exploratory residual,"Residual specificity is an exploratory deviation from the empirical Table S3 background expectation, not a probability of specific binding, Cu binding, or client status."
Candidate,MtrunR108HiC_019917.1,MtrunR108HiC_019917,G7LIN7,Exact unique,Putative tubulin,449,11,11,13,35,3,0.9066666666666668,91.57249443207128,0.9517446176688938,0.9161098737936154,False,False,True,True,True,,False,,,0,,,,,,False,False,False,False,False,False,False,True,False,False,False,False,False,False,False,False,False,False,False,False,True,1,G7LIN7,Exact unique,7,15,100,15,True,True,-1.0,Cytoplasm,NCC1-compartment compatible,OTHER,0.0,0.0,inside:1-449,Exact R108 SignalP/DeepTMHMM: no signal peptide or TM segment,Exact R108 pair lies in same InterProScan domain,No major cross-source conflict detected,GENE3D:IPR023123:Tubulin_C:384-436 | SUPERFAMILY:IPR036525:Tubulin/FtsZ_GTPase_sf:1-244 | PRINTS:IPR000217:Tubulin:10-30 | PRINTS:IPR000217:Tubulin:53-72 | PRINTS:IPR000217:Tubulin:95-106 | PRINTS:IPR000217:Tubulin:108-132 | PRINTS:IPR000217:Tubulin:134-152 | PRINTS:IPR000217:Tubulin:153-174 | PRINTS:IPR000217:Tubulin:178-191 | PRINTS:IPR000217:Tubulin:192-212 | PRINTS:IPR000217:Tubulin:380-408 | PFAM:IPR018316:Tubulin/FtsZ_2-layer-sand-dom:263-392 | CDD:cd02186:alpha_tubulin:2-435 | GENE3D:IPR037103:Tubulin/FtsZ-like_C:269-383 | COILS:Coil:Coil:418-438 | SUPERFAMILY:IPR008280:Tub_FtsZ_C:246-435 | PROSITE_PATTERNS:IPR017975:Tubulin_CS:142-148 | PANTHER:IPR000217:Tubulin:2-438 | FUNFAM:G3DSA:3.40.50.1440:FF:000004:Tubulin alpha chain:1-268 | PFAM:IPR003008:Tubulin_FtsZ_GTPase:3-213 | SMART:IPR003008:Tubulin_FtsZ_GTPase:49-246 | FUNFAM:G3DSA:3.30.1330.20:FF:000001:Tubulin alpha chain:269-383 | SMART:IPR018316:Tubulin/FtsZ_2-layer-sand-dom:248-393 | PROSITE_PATTERNS:IPR013838:Beta-tubulin_BS:1-4 | FUNFAM:G3DSA:1.10.287.600:FF:000005:Tubulin alpha chain:384-449 | PRINTS:IPR002452:Alpha_tubulin:18-33 | PRINTS:IPR002452:Alpha_tubulin:45-58 | PRINTS:IPR002452:Alpha_tubulin:88-101 | PRINTS:IPR002452:Alpha_tubulin:120-128 | PRINTS:IPR002452:Alpha_tubulin:148-160 | PRINTS:IPR002452:Alpha_tubulin:161-172 | PRINTS:IPR002452:Alpha_tubulin:214-226 | PRINTS:IPR002452:Alpha_tubulin:274-289 | PRINTS:IPR002452:Alpha_tubulin:321-342 | PRINTS:IPR002452:Alpha_tubulin:347-360 | PRINTS:IPR002452:Alpha_tubulin:360-379 | PRINTS:IPR002452:Alpha_tubulin:385-401 | PRINTS:IPR002452:Alpha_tubulin:422-438 | GENE3D:IPR036525:Tubulin/FtsZ_GTPase_sf:1-268,Tier 2: plausible but generic/abundant or lacking extra ligand,Medtr8g085980,MtrunA17_Chr8g0378821,1,MtExpress V3 (20220901); A17 5.1.9 quantification; selected paired root/nodule projects,https://lipm-browsers.toulouse.inra.fr/expression-atlas-data/v3/20220901_MtExpressV3-Dataset.zip,MtrunA17_Chr8g0378821,9.0,358.5550510842195,372.0413898255275,-0.0966807756115937,4.0,0.0,2.0,-0.06858788876213,1.0,5.0,0.0,5.0,Reliable single A17 locus; scored,MtExpress: 372.04 median nodule TMM; median project log2FC=-0.10; 4/9 projects positive,15.0,0.0,10.0,0.0,20.0,50.0,100.0,50.0,1.0,Descriptive prioritization only; not a probability of Cu binding or NCC1 client status,"Table S4-intersection candidate; structural geometry is compatible, not proof of Cu binding/client status",7.0,0.0,True,100.0,0.0,True,1,G7LIN7,3.0,True,True,3.0,0.0,False,8.810571634741146,3.584962500721156,3.584962500721156,2.4498886414253898,2.4498886414253898,False,8.543191899566942,Compatible,,,,No formal structure-positive context,2.2625544117074474,3.798403274073597,0.7374455882925526,82.43243243243244,0.18666666666666668,0.7975757575757576,2.263229375487916,3.800648728631508,0.7367706245120842,82.43243243243244,0.18666666666666668,0.7891358024691357,2.212452893564904,3.6346259069977487,0.7875471064350958,82.43243243243244,0.18666666666666668,0.7975757575757576,2.3582528327666314,4.127490212203023,0.6417471672333686,79.72972972972973,0.21333333333333335,0.8676923076923077,3.7834134,3.2008638,4.471903,0.7419594526290894,0.5479573547840119,0.9293138980865479,-0.903933377191836,1.593576230267528,0.821,18.0,18.0,20.0,19.0,18.5,2.0,False,R2: elevated but exploratory residual,"Residual specificity is an exploratory deviation from the empirical Table S3 background expectation, not a probability of specific binding, Cu binding, or client status."
Candidate,MtrunR108HiC_019845.1,MtrunR108HiC_019845,Q84RD9,High confidence,Putative adenosylhomocysteinase,519,12,16,9,37,3,0.88,90.80688503532434,0.9261400128452152,0.915863840719332,False,False,True,True,True,,False,,,0,,,,,,False,False,False,False,False,False,False,True,True,False,False,True,False,False,False,False,False,False,False,False,True,1,Q84RD9,High confidence,7,15,51,15,True,True,-1.0,Cytoplasm,NCC1-compartment compatible,OTHER,0.0,0.0,inside:1-519,Exact R108 SignalP/DeepTMHMM: no signal peptide or TM segment,Exact R108 pair lies in same InterProScan domain,No major cross-source conflict detected,GENE3D:G3DSA:3.40.50.720::243-404 | SMART:IPR015878:Ado_hCys_hydrolase_NAD-bd:240-403 | PROSITE_PATTERNS:IPR020082:S-Ado-L-homoCys_hydrolase_CS:85-99 | PIRSR:PIRSR000188-2:PIRSR000188-2:260-345 | NCBIFAM:IPR000043:Adenosylhomocysteinase-like:14-477 | PIRSR:PIRSR000445-3:PIRSR000445-3:261-338 | SUPERFAMILY:SSF52283:Formate/glycerate dehydrogenase catalytic domain-like:380-484 | PANTHER:IPR000043:Adenosylhomocysteinase-like:6-484 | SUPERFAMILY:IPR036291:NAD(P)-bd_dom_sf:240-403 | SMART:IPR000043:Adenosylhomocysteinase-like:13-484 | PROSITE_PATTERNS:IPR020082:S-Ado-L-homoCys_hydrolase_CS:262-278 | CDD:IPR000043:Adenosylhomocysteinase-like:23-473 | FUNFAM:G3DSA:3.40.50.720:FF:000004:Adenosylhomocysteinase:242-403 | PIRSR:PIRSR001109-2:PIRSR001109-2:191-476 | PIRSF:IPR000043:Adenosylhomocysteinase-like:7-484 | PFAM:IPR000043:Adenosylhomocysteinase-like:13-484 | SUPERFAMILY:SSF52283:Formate/glycerate dehydrogenase catalytic domain-like:13-242 | NCBIFAM:NF004005:PRK05476.2-3:190-470 | HAMAP:IPR000043:Adenosylhomocysteinase-like:9-477 | GENE3D:IPR042172:Adenosylhomocyst_ase-like_sf:15-484 | PFAM:IPR015878:Ado_hCys_hydrolase_NAD-bd:240-403,Tier 2: plausible but generic/abundant or lacking extra ligand,Medtr8g083090,MtrunA17_Chr8g0378071,1,MtExpress V3 (20220901); A17 5.1.9 quantification; selected paired root/nodule projects,https://lipm-browsers.toulouse.inra.fr/expression-atlas-data/v3/20220901_MtExpressV3-Dataset.zip,MtrunA17_Chr8g0378071,9.0,834.4439118230075,658.1551029470411,0.040908193319499,5.0,1.0,2.0,0.1277530911376301,2.0,5.0,1.0,6.0,Reliable single A17 locus; scored,MtExpress: 658.16 median nodule TMM; median project log2FC=0.04; 5/9 projects positive,15.0,0.0,9.0,0.0,20.0,50.0,100.0,50.0,1.0,Descriptive prioritization only; not a probability of Cu binding or NCC1 client status,"Table S4-intersection candidate; structural geometry is compatible, not proof of Cu binding/client status",7.0,0.0,True,51.0,0.0,True,1,Q84RD9,3.0,True,True,3.0,0.0,False,9.019590728357882,3.700439718141092,4.087462841250339,2.312138728323699,3.0828516377649327,False,9.364474169308085,Compatible,,,,No formal structure-positive context,2.270723900493548,3.8256520688221443,0.729276099506452,82.43243243243244,0.18666666666666668,0.7975757575757576,2.2710646780237793,3.8267920658292676,0.7289353219762207,82.43243243243244,0.18666666666666668,0.7891358024691357,2.2107715530190224,3.6292277838264795,0.7892284469809776,82.43243243243244,0.18666666666666668,0.7975757575757576,2.38877046730995,4.237108402431181,0.6112295326900501,79.72972972972973,0.21333333333333335,0.8676923076923077,3.8069663,3.1490264,4.5888495,0.7348732948303223,0.5174485802650451,0.9472271978855132,-0.8557364976712261,1.598474698675196,0.824,19.0,19.0,19.0,22.0,19.0,3.0,False,R2: elevated but exploratory residual,"Residual specificity is an exploratory deviation from the empirical Table S3 background expectation, not a probability of specific binding, Cu binding, or client status."
Candidate,MtrunR108HiC_020197.1,MtrunR108HiC_020197,A0A072TTY6,High confidence,Putative acyl-CoA oxidase,689,9,13,28,50,3,0.87,89.06217223028544,0.8901790033865505,0.8621190130624093,False,False,True,True,True,,False,,,0,,,,,,False,False,False,False,False,False,False,True,True,False,False,False,False,False,False,False,False,False,False,False,True,1,A0A072TTY6,High confidence,7,15,139,15,True,True,-1.0,Cytoplasm|Peroxisome,Mixed/needs review,OTHER,0.0,0.0,inside:1-689,Exact R108 SignalP/DeepTMHMM: no signal peptide or TM segment,Exact R108 pair lies in same InterProScan domain,No major cross-source conflict detected,SUPERFAMILY:IPR009100:AcylCoA_DH/oxidase_NM_dom_sf:64-311 | PIRSF:IPR012258:Acyl-CoA_oxidase:54-678 | PIRSR:PIRSR000168-1:PIRSR000168-1:51-492 | PFAM:IPR055060:ACOX_C_alpha1:330-485 | PIRSR:PIRSR634183-2:PIRSR634183-2:126-365 | PANTHER:IPR012258:Acyl-CoA_oxidase:49-679 | PIRSR:PIRSR000168-2:PIRSR000168-2:53-678 | FUNFAM:G3DSA:1.20.140.10:FF:000010:Acyl-coenzyme A oxidase:328-495 | GENE3D:G3DSA:1.20.140.10::532-662 | PFAM:IPR006091:AcylCoA_DH/ox_M:178-294 | PIRSR:PIRSR634183-3:PIRSR634183-3:126-365 | SUPERFAMILY:IPR036250:AcylCo_DH-like_C:527-678 | CDD:IPR034171:ACO:50-688 | FUNFAM:G3DSA:1.20.140.10:FF:000025:Acyl-coenzyme A oxidase:532-662 | SUPERFAMILY:IPR036250:AcylCo_DH-like_C:324-507 | PFAM:IPR002655:Acyl-CoA_oxidase_C:531-679 | PIRSR:PIRSR634180-1:PIRSR634180-1:152-489 | MOBIDB_LITE:mobidb-lite:disorder_prediction:1-20 | MOBIDB_LITE:mobidb-lite:disorder_prediction:1-16 | FUNFAM:G3DSA:2.40.110.10:FF:000005:Acyl-coenzyme A oxidase:177-320 | GENE3D:IPR046373:Acyl-CoA_Oxase/DH_mid-dom_sf:177-319 | GENE3D:G3DSA:1.20.140.10::328-496,Tier 2/3: incomplete or mixed evidence,Medtr8g090375,MtrunA17_Chr8g0382531,1,MtExpress V3 (20220901); A17 5.1.9 quantification; selected paired root/nodule projects,https://lipm-browsers.toulouse.inra.fr/expression-atlas-data/v3/20220901_MtExpressV3-Dataset.zip,MtrunA17_Chr8g0382531,9.0,73.85590142656645,380.4236246116194,2.2816999426658455,9.0,9.0,2.0,3.0712959167602047,2.0,5.0,4.0,9.0,Reliable single A17 locus; scored,MtExpress: 380.42 median nodule TMM; median project log2FC=2.28; 9/9 projects positive,15.0,0.0,9.0,0.0,12.5,45.5,100.0,45.5,1.0,Descriptive prioritization only; not a probability of Cu binding or NCC1 client status,"Table S4-intersection candidate; structural geometry is compatible, not proof of Cu binding/client status",7.0,0.0,True,139.0,0.0,True,1,A0A072TTY6,3.0,True,True,3.0,0.0,False,9.428360172704291,3.321928094887362,3.807354922057604,1.3062409288824384,1.8867924528301887,False,8.575250393819953,Mixed,,,,No formal structure-positive context,2.274054743855371,3.836806235119332,0.7259452561446289,82.43243243243244,0.18666666666666668,0.7975757575757576,2.3077995433610026,3.9512731561800623,0.6922004566389974,82.43243243243244,0.18666666666666668,0.7891358024691357,2.222358678160934,3.666557519337231,0.7776413218390661,82.43243243243244,0.18666666666666668,0.7975757575757576,2.3584344545706877,4.12813575586776,0.6415655454293123,79.72972972972973,0.21333333333333335,0.8676923076923077,3.8212423,3.1914124,4.563413,0.7305951118469238,0.5240297794342041,0.9325636625289917,-0.8830876423899037,1.60078418326493,0.831,21.0,21.0,21.0,20.0,21.0,1.0,False,R2: elevated but exploratory residual,"Residual specificity is an exploratory deviation from the empirical Table S3 background expectation, not a probability of specific binding, Cu binding, or client status."
Candidate,MtrunR108HiC_003893.1,MtrunR108HiC_003893,G7IDU4,High confidence,Putative protein disulfide-isomerase,364,6,3,5,14,3,0.6933333333333334,90.98386446886448,0.913919413919414,0.9084249084249084,False,True,True,True,True,,False,,,0,,,,,,False,False,False,False,False,False,False,False,False,False,False,False,False,False,False,False,False,False,False,False,True,1,G7IDU4,High confidence,7,15,214,15,True,True,-1.0,,,,,,,,,,,,Medtr1g087520,MtrunA17_Chr1g0194961,1,MtExpress V3 (20220901); A17 5.1.9 quantification; selected paired root/nodule projects,https://lipm-browsers.toulouse.inra.fr/expression-atlas-data/v3/20220901_MtExpressV3-Dataset.zip,MtrunA17_Chr1g0194961,9.0,162.070292147269,202.75261868522148,0.3041691843949854,6.0,0.0,2.0,0.008486418846255,1.0,5.0,1.0,6.0,Reliable single A17 locus; scored,MtExpress: 202.75 median nodule TMM; median project log2FC=0.30; 6/9 projects positive,15.0,0.0,9.0,0.0,,30.0,80.0,37.5,0.8,Descriptive prioritization only; not a probability of Cu binding or NCC1 client status,"Table S4-intersection candidate; structural geometry is compatible, not proof of Cu binding/client status",7.0,0.0,True,214.0,0.0,True,1,G7IDU4,3.0,True,True,3.0,0.0,False,8.507794640198696,2.807354922057604,2.0,1.6483516483516485,0.8241758241758242,False,7.670674791154783,Unknown,,,,No formal structure-positive context,2.2908524481953894,3.8934516605905065,0.7091475518046106,82.43243243243244,0.18666666666666668,0.7975757575757576,2.310937788731339,3.9620552146592827,0.6890622112686611,82.43243243243244,0.18666666666666668,0.7891358024691357,2.266818355246812,3.8126061272236473,0.7331816447531878,82.43243243243244,0.18666666666666668,0.7975757575757576,2.3259650674791517,4.01401067415549,0.6740349325208483,79.72972972972973,0.21333333333333335,0.8676923076923077,3.8832326,3.2800798,4.630857,0.7121634483337402,0.5066454768180847,0.9023622691631317,-0.9178599411820134,1.5876544474545535,0.819,22.0,22.0,22.0,18.0,22.0,4.0,False,R2: elevated but exploratory residual,"Residual specificity is an exploratory deviation from the empirical Table S3 background expectation, not a probability of specific binding, Cu binding, or client status."
Candidate,MtrunR108HiC_031768.1,MtrunR108HiC_031768,A2Q5W0,High confidence,Putative tubulin,451,11,11,12,34,3,0.9033333333333332,90.88552106430156,0.9393939393939394,0.9039172209903916,False,False,True,True,True,,False,,,0,,,,,,False,False,False,False,False,False,False,True,False,False,False,False,False,False,False,False,False,False,False,False,True,1,A2Q5W0,High confidence,6,15,92,15,True,True,-1.1926450779423958,Cytoplasm,NCC1-compartment compatible,OTHER,0.0,0.0,inside:1-451,Exact R108 SignalP/DeepTMHMM: no signal peptide or TM segment,Exact R108 pair lies in same InterProScan domain,No major cross-source conflict detected,GENE3D:IPR037103:Tubulin/FtsZ-like_C:269-383 | SUPERFAMILY:IPR008280:Tub_FtsZ_C:246-435 | FUNFAM:G3DSA:3.30.1330.20:FF:000001:Tubulin alpha chain:269-383 | PFAM:IPR018316:Tubulin/FtsZ_2-layer-sand-dom:263-392 | CDD:cd02186:alpha_tubulin:2-435 | COILS:Coil:Coil:418-438 | PANTHER:IPR000217:Tubulin:2-438 | SMART:IPR003008:Tubulin_FtsZ_GTPase:49-246 | FUNFAM:G3DSA:1.10.287.600:FF:000001:Tubulin alpha chain:384-436 | SMART:IPR018316:Tubulin/FtsZ_2-layer-sand-dom:248-393 | FUNFAM:G3DSA:3.40.50.1440:FF:000004:Tubulin alpha chain:1-268 | PRINTS:IPR000217:Tubulin:10-30 | PRINTS:IPR000217:Tubulin:134-152 | PRINTS:IPR000217:Tubulin:178-191 | PRINTS:IPR000217:Tubulin:108-132 | PRINTS:IPR000217:Tubulin:53-72 | PRINTS:IPR000217:Tubulin:153-174 | PRINTS:IPR000217:Tubulin:95-106 | PRINTS:IPR000217:Tubulin:192-212 | PRINTS:IPR000217:Tubulin:380-408 | MOBIDB_LITE:mobidb-lite:disorder_prediction:432-451 | PROSITE_PATTERNS:IPR013838:Beta-tubulin_BS:1-4 | PFAM:IPR003008:Tubulin_FtsZ_GTPase:3-213 | SUPERFAMILY:IPR036525:Tubulin/FtsZ_GTPase_sf:1-244 | PRINTS:IPR002452:Alpha_tubulin:88-101 | PRINTS:IPR002452:Alpha_tubulin:422-438 | PRINTS:IPR002452:Alpha_tubulin:18-33 | PRINTS:IPR002452:Alpha_tubulin:161-172 | PRINTS:IPR002452:Alpha_tubulin:385-401 | PRINTS:IPR002452:Alpha_tubulin:120-128 | PRINTS:IPR002452:Alpha_tubulin:148-160 | PRINTS:IPR002452:Alpha_tubulin:214-226 | PRINTS:IPR002452:Alpha_tubulin:274-289 | PRINTS:IPR002452:Alpha_tubulin:360-379 | PRINTS:IPR002452:Alpha_tubulin:321-342 | PRINTS:IPR002452:Alpha_tubulin:45-58 | PRINTS:IPR002452:Alpha_tubulin:347-360 | PROSITE_PATTERNS:IPR017975:Tubulin_CS:142-148 | GENE3D:IPR023123:Tubulin_C:384-436 | GENE3D:IPR036525:Tubulin/FtsZ_GTPase_sf:1-268,Tier 2: plausible but generic/abundant or lacking extra ligand,Medtr7g085800,MtrunA17_Chr7g0253411,1,MtExpress V3 (20220901); A17 5.1.9 quantification; selected paired root/nodule projects,https://lipm-browsers.toulouse.inra.fr/expression-atlas-data/v3/20220901_MtExpressV3-Dataset.zip,MtrunA17_Chr7g0253411,9.0,69.16623107227716,72.39518443096836,-0.1337059205765642,4.0,1.0,2.0,1.0920605648521948,2.0,5.0,0.0,5.0,Reliable single A17 locus; scored,MtExpress: 72.40 median nodule TMM; median project log2FC=-0.13; 4/9 projects positive,15.0,0.0,9.0,0.0,20.0,49.0,100.0,49.0,1.0,Descriptive prioritization only; not a probability of Cu binding or NCC1 client status,"Table S4-intersection candidate; structural geometry is compatible, not proof of Cu binding/client status",6.0,0.0,True,92.0,0.0,True,1,A2Q5W0,2.807354922057604,True,True,2.807354922057604,0.0,False,8.81698362325538,3.584962500721156,3.584962500721156,2.4390243902439024,2.4390243902439024,False,6.197613503657885,Compatible,,,,No formal structure-positive context,2.214055010862956,3.6397755321876444,0.5932999111946482,78.37837837837837,0.22666666666666666,0.8554497354497356,2.214082010827493,3.6398623661640093,0.5932729112301112,79.72972972972973,0.21333333333333335,0.7891358024691357,2.1746326443712167,3.514707885927651,0.6327222776863874,79.72972972972973,0.21333333333333335,0.809113924050633,2.270095351367245,3.823550100864452,0.5372595706903591,78.37837837837837,0.22666666666666666,0.8676923076923077,3.6199927,3.1457295,4.157554,0.5994644114985221,0.44066798782489236,0.755728925229525,-1.0228963617850888,1.474603041630247,0.783,23.0,23.0,23.0,24.0,23.0,1.0,False,R3: background-like residual,"Residual specificity is an exploratory deviation from the empirical Table S3 background expectation, not a probability of specific binding, Cu binding, or client status."
Candidate,MtrunR108HiC_006875.1,MtrunR108HiC_006875,A2Q2V1,Probable,Putative ATP citrate synthase,670,9,12,14,35,3,0.5933333333333333,83.29910447761193,0.8462686567164179,0.8019900497512437,False,False,True,True,True,,False,,,0,,,,,,False,False,False,False,False,False,False,False,False,False,False,False,False,False,False,False,False,False,False,False,True,1,A2Q2V1,Probable,6,15,112,15,True,True,-1.1926450779423958,Cytoplasm,NCC1-compartment compatible,OTHER,0.0,0.0,inside:1-670,Transferred/heuristic TM/hydrophobic flag; exact R108 DeepTMHMM negative,Exact R108 pair lies in same InterProScan domain,No major cross-source conflict detected,FUNFAM:G3DSA:1.10.230.10:FF:000005:ATP-citrate synthase subunit 1:517-610 | SUPERFAMILY:IPR036291:NAD(P)-bd_dom_sf:89-198 | PIRSR:PIRSR001553-1:PIRSR001553-1:119-373 | PROSITE_PATTERNS:IPR017866:Succ-CoA_synthase_bsu_CS:230-255 | GENE3D:IPR016102:Succinyl-CoA_synth-like:200-385 | FUNFAM:G3DSA:3.40.50.720:FF:000136:ATP-citrate synthase beta chain protein:75-199 | PFAM:IPR005811:SUCC_ACL_C:235-360 | PROSITE_PATTERNS:IPR017440:Cit_synth/succinyl-CoA_lig_AS:321-337 | FUNFAM:G3DSA:3.40.50.261:FF:000003:ATP-citrate synthase subunit:200-385 | PIRSR:PIRSR036511-1:PIRSR036511-1:87-668 | GENE3D:G3DSA:3.40.50.720::69-199 | PIRSR:PIRSR001369-1:PIRSR001369-1:463-660 | GENE3D:IPR016143:Citrate_synth-like_sm_a-sub:512-609 | SUPERFAMILY:IPR036969:Citrate_synthase_sf:192-666 | PANTHER:IPR002020:Citrate_synthase:86-669 | PFAM:IPR002020:Citrate_synthase:463-659 | CDD:cd06100:CCL_ACL-C:431-668 | PROSITE_PATTERNS:IPR033847:Citrt_syn/SCS-alpha_CS:236-265,Tier 2: plausible but generic/abundant or lacking extra ligand,Medtr2g034090,MtrunA17_Chr2g0294381,1,MtExpress V3 (20220901); A17 5.1.9 quantification; selected paired root/nodule projects,https://lipm-browsers.toulouse.inra.fr/expression-atlas-data/v3/20220901_MtExpressV3-Dataset.zip,MtrunA17_Chr2g0294381,9.0,460.43111783893,316.21050548511846,-1.6594231274904256,1.0,0.0,2.0,-1.7368180510158644,0.0,5.0,0.0,5.0,Reliable single A17 locus; scored,MtExpress: 316.21 median nodule TMM; median project log2FC=-1.66; 1/9 projects positive,15.0,0.0,6.0,0.0,20.0,46.0,100.0,46.0,1.0,Descriptive prioritization only; not a probability of Cu binding or NCC1 client status,"Table S4-intersection candidate; structural geometry is compatible, not proof of Cu binding/client status",6.0,0.0,True,112.0,0.0,True,1,A2Q2V1,2.807354922057604,True,True,2.807354922057604,0.0,False,9.388017285345136,3.321928094887362,3.700439718141092,1.3432835820895521,1.791044776119403,False,8.30929674127155,Compatible,,,,No formal structure-positive context,2.2693937628478724,3.821204958926282,0.5379611592097318,78.37837837837837,0.22666666666666666,0.8554497354497356,2.303132128931578,3.9352806552145605,0.5042227931260261,78.37837837837837,0.22666666666666666,0.7891358024691357,2.2199516130196635,3.658778091102146,0.5874033090379407,78.37837837837837,0.22666666666666666,0.809113924050633,2.348506726313261,4.092968260358074,0.4588481957443431,77.02702702702703,0.24,0.8676923076923077,3.8033533,3.1943107,4.523641,0.543312902213549,0.3417354593291038,0.7389211306586021,-1.056048290427586,1.422112277490799,0.775,24.0,25.0,24.0,26.0,24.5,2.0,False,R3: background-like residual,"Residual specificity is an exploratory deviation from the empirical Table S3 background expectation, not a probability of specific binding, Cu binding, or client status."
Candidate,MtrunR108HiC_031511.1,MtrunR108HiC_031511,A2Q5W6,High confidence,"Putative UDP-glucuronosyl/UDP-glucosyltransferase, UDP-glycosyltransferase family",480,9,11,10,30,3,0.8833333333333333,89.88947222222221,0.90625,0.8770833333333333,False,False,True,True,True,,False,,,0,,,,,,False,False,False,False,False,False,False,True,False,False,False,False,False,False,False,False,False,False,False,False,True,1,A2Q5W6,High confidence,5,15,68,15,True,True,-1.415037499278844,Cytoplasm,NCC1-compartment compatible,OTHER,0.0,0.0,inside:1-480,Exact R108 SignalP/DeepTMHMM: no signal peptide or TM segment,Exact R108 pair lies in same InterProScan domain,No major cross-source conflict detected,PANTHER:PTHR11926:GLUCOSYL/GLUCURONOSYL TRANSFERASES:9-451 | GENE3D:G3DSA:3.40.50.2000:Glycogen Phosphorylase B;:14-445 | CDD:IPR002213:UDP_glucos_trans:13-421 | FUNFAM:G3DSA:3.40.50.2000:FF:000057:Glycosyltransferase:14-251 | PROSITE_PATTERNS:IPR035595:UDP_glycos_trans_CS:331-374 | FUNFAM:G3DSA:3.40.50.2000:FF:000019:Glycosyltransferase:252-433 | GENE3D:G3DSA:3.40.50.2000:Glycogen Phosphorylase B;:249-433 | PFAM:IPR058980:Glyco_transf_N:9-50 | SUPERFAMILY:SSF53756:UDP-Glycosyltransferase/glycogen phosphorylase:10-450 | PFAM:IPR002213:UDP_glucos_trans:264-387,Tier 2/3: incomplete or mixed evidence,,,0,MtExpress V3 (20220901); A17 5.1.9 quantification; selected paired root/nodule projects,https://lipm-browsers.toulouse.inra.fr/expression-atlas-data/v3/20220901_MtExpressV3-Dataset.zip,,,,,,,,,,,,,,No single reliable MtExpress locus; not scored,No reliable single A17 5.1.9 locus mapping; expression score withheld,15.0,0.0,9.0,0.0,20.0,44.0,90.0,48.888888888888886,0.9,Descriptive prioritization only; not a probability of Cu binding or NCC1 client status,"Table S4-intersection candidate; structural geometry is compatible, not proof of Cu binding/client status",5.0,0.0,True,68.0,0.0,True,1,A2Q5W6,2.584962500721156,True,True,2.584962500721156,0.0,False,8.906890595608518,3.321928094887362,3.584962500721156,1.875,2.2916666666666665,True,,Compatible,,,,No formal structure-positive context,2.086772057150132,3.247965523139345,0.49819044357102404,75.67567567567568,0.25333333333333335,0.8554497354497356,2.099699177945973,3.2862000244264005,0.48526332277518325,78.37837837837837,0.22666666666666666,0.7891358024691357,2.0570800513861,3.161431966691058,0.5278824493350562,75.67567567567568,0.25333333333333335,0.809113924050633,2.034552145467742,3.096955280540275,0.5504103552534141,79.72972972972973,0.21333333333333335,0.8676923076923077,3.2416406,2.6604087,4.0470643,0.5003402368127698,0.24951810994738288,0.7129577265083188,-1.141844271445176,1.3518124873829844,0.744,25.0,26.0,27.0,23.0,25.5,4.0,False,R3: background-like residual,"Residual specificity is an exploratory deviation from the empirical Table S3 background expectation, not a probability of specific binding, Cu binding, or client status."
Candidate,MtrunR108HiC_003946.1,MtrunR108HiC_003946,G7IF74,Exact unique,Putative universal stress protein A family,167,4,3,8,15,3,0.8133333333333334,85.02766467065868,0.7884231536926148,0.7425149700598803,False,False,True,True,True,,False,,,0,,,,,,False,False,False,False,False,False,False,True,False,False,False,False,False,False,False,False,False,False,False,False,True,1,G7IF74,Exact unique,6,15,189,15,True,True,-1.1926450779423958,Cytoplasm,NCC1-compartment compatible,OTHER,0.0,0.0,inside:1-167,Exact R108 SignalP/DeepTMHMM: no signal peptide or TM segment,Exact R108 pair lies in same InterProScan domain,No major cross-source conflict detected,PANTHER:PTHR46553:ADENINE NUCLEOTIDE ALPHA HYDROLASES-LIKE SUPERFAMILY PROTEIN:8-167 | GENE3D:IPR014729:Rossmann-like_a/b/a_fold:5-167 | SUPERFAMILY:SSF52402:Adenine nucleotide alpha hydrolases-like:15-163 | CDD:cd23659:USP_At3g01520-like:13-161 | PFAM:IPR006016:UspA:14-161 | PRINTS:IPR006015:Universal_stress_UspA:11-29 | PRINTS:IPR006015:Universal_stress_UspA:121-133 | PRINTS:IPR006015:Universal_stress_UspA:139-161,Tier 2: plausible but generic/abundant or lacking extra ligand,Medtr1g088640,MtrunA17_Chr1g0195661,1,MtExpress V3 (20220901); A17 5.1.9 quantification; selected paired root/nodule projects,https://lipm-browsers.toulouse.inra.fr/expression-atlas-data/v3/20220901_MtExpressV3-Dataset.zip,MtrunA17_Chr1g0195661,9.0,11.980954557580946,286.6253228425685,4.395565576354576,9.0,9.0,2.0,5.982782307028259,2.0,5.0,5.0,10.0,Reliable single A17 locus; scored,MtExpress: 286.63 median nodule TMM; median project log2FC=4.40; 9/9 projects positive,15.0,0.0,10.0,0.0,20.0,55.0,100.0,55.0,1.0,Descriptive prioritization only; not a probability of Cu binding or NCC1 client status,"Table S4-intersection candidate; structural geometry is compatible, not proof of Cu binding/client status",6.0,0.0,True,189.0,0.0,True,1,G7IF74,2.807354922057604,True,True,2.807354922057604,0.0,False,7.383704292474052,2.321928094887362,2.0,2.3952095808383236,1.7964071856287425,False,8.168046887565632,Compatible,,,,No formal structure-positive context,2.318921127475592,3.9895894980048565,0.4884337945820123,75.67567567567568,0.25333333333333335,0.8554497354497356,2.295680211869236,3.909854295545264,0.5116747101883683,78.37837837837837,0.22666666666666666,0.7891358024691357,2.3014116608806883,3.9293986555216227,0.5059432611769159,75.67567567567568,0.25333333333333335,0.809113924050633,2.34651795368694,4.085952378639187,0.4608369683706641,77.02702702702703,0.24,0.8676923076923077,3.9833288,3.2594614,4.8693614,0.49024509883067546,0.25415129757068095,0.7166839072718375,-1.1788730299493058,1.3671177554581904,0.762,27.0,24.0,28.0,25.0,26.0,4.0,False,R3: background-like residual,"Residual specificity is an exploratory deviation from the empirical Table S3 background expectation, not a probability of specific binding, Cu binding, or client status."
Candidate,MtrunR108HiC_009426.1,MtrunR108HiC_009426,G7IU25,Exact unique,Putative phosphoenolpyruvate carboxylase,966,10,25,24,59,3,0.89,89.50459627329194,0.932712215320911,0.8816425120772946,False,False,True,True,True,,True,H514-C548,C-H,2,4.4517423702119,0.1138836118173367,95.97,1.265,6.647348255608204,True,True,False,True,True,True,True,True,True,True,False,True,True,True,False,True,False,False,False,False,True,1,G7IU25,Exact unique,8,3,242,72,True,True,1.1699250014423124,Cytoplasm,NCC1-compartment compatible,OTHER,0.0,0.0,inside:1-966,Exact R108 SignalP/DeepTMHMM: no signal peptide or TM segment,Exact R108 pair lies in same InterProScan domain,No major cross-source conflict detected,GENE3D:G3DSA:1.20.1440.90:Phosphoenolpyruvate/pyruvate domain:309-444 | PRINTS:IPR021135:PEP_COase:168-181 | PRINTS:IPR021135:PEP_COase:221-237 | PRINTS:IPR021135:PEP_COase:281-296 | PRINTS:IPR021135:PEP_COase:441-461 | PRINTS:IPR021135:PEP_COase:590-610 | PRINTS:IPR021135:PEP_COase:632-661 | PRINTS:IPR021135:PEP_COase:764-790 | PROSITE_PATTERNS:IPR033129:PEPCASE_His_AS:592-604 | PANTHER:IPR021135:PEP_COase:5-966 | HAMAP:IPR022805:PEP_COase_bac/pln-type:23-966 | PROSITE_PATTERNS:IPR018129:PEP_COase_Lys_AS:169-180 | PFAM:IPR021135:PEP_COase:34-966 | SUPERFAMILY:IPR015813:Pyrv/PenolPyrv_kinase-like_dom:33-966 | FUNFAM:G3DSA:1.20.1440.90:FF:000001:Phosphoenolpyruvate carboxylase 1:309-444 | NCBIFAM:NF000584:PRK00009.1:36-966,Tier 2: plausible but generic/abundant or lacking extra ligand,Medtr2g092930,MtrunA17_Chr2g0325821,1,MtExpress V3 (20220901); A17 5.1.9 quantification; selected paired root/nodule projects,https://lipm-browsers.toulouse.inra.fr/expression-atlas-data/v3/20220901_MtExpressV3-Dataset.zip,MtrunA17_Chr2g0325821,9.0,18.19489591008405,5.110766874844902,-1.82440701477578,2.0,0.0,2.0,-0.1273875780652449,1.0,2.0,0.0,2.0,Reliable single A17 locus; scored,MtExpress: 5.11 median nodule TMM; median project log2FC=-1.82; 2/9 projects positive,15.0,7.836590809793625,10.0,23.79213631778831,20.0,78.62872712758194,100.0,78.62872712758194,1.0,Descriptive prioritization only; not a probability of Cu binding or NCC1 client status,"Table S4-intersection candidate; structural geometry is compatible, not proof of Cu binding/client status",8.0,3.0,False,242.0,72.0,False,1,G7IU25,1.1699250014423124,False,True,3.169925001442312,2.0,True,9.915879378835774,3.4594316186372973,4.700439718141092,1.0351966873706004,2.587991718426501,False,2.6113534434009127,Compatible,Canonical/conserved enzyme-fold coincidence,Secondary interaction candidate (transfer unproven),Housekeeping enzyme fold coincidence,Canonical/conserved enzyme-fold coincidence,2.675784840947429,5.389862296333963,0.49414016049488296,75.67567567567568,0.25333333333333335,0.8554497354497356,2.6892177299184703,5.449635950325642,0.48070727152384185,78.37837837837837,0.22666666666666666,0.7891358024691357,2.842054745814911,6.170405686112264,0.32787025562740135,67.56756756756756,0.3333333333333333,0.809113924050633,2.8113293069998013,6.019310422308835,0.3585956944425108,71.62162162162163,0.29333333333333333,0.8735353535353535,5.181189,3.3570404,8.072259,0.5420406134723414,-0.011536773860574808,1.0465765865443935,-1.1329721791743543,1.5823554612225375,0.789,26.0,27.0,34.0,28.0,27.5,8.0,False,R3: background-like residual,"Residual specificity is an exploratory deviation from the empirical Table S3 background expectation, not a probability of specific binding, Cu binding, or client status."
Candidate,MtrunR108HiC_031458.1,MtrunR108HiC_031458,G7KRI7,High confidence,Putative isopentenyl-diphosphate Delta-isomerase,287,4,5,9,18,3,0.7733333333333334,84.62277584204413,0.7886178861788619,0.7874564459930312,False,False,True,True,True,,False,,,0,,,,,,False,False,False,False,False,False,False,True,False,False,False,False,False,False,False,False,False,False,False,False,True,1,G7KRI7,High confidence,6,15,80,15,True,True,-1.1926450779423958,Mitochondrion|Plastid,Compartment-incompatible or indirect,OTHER,0.0,0.0,inside:1-287,Exact R108 SignalP/DeepTMHMM: no signal peptide or TM segment,Exact R108 pair lies in same InterProScan domain,No major cross-source conflict detected,SUPERFAMILY:IPR015797:NUDIX_hydrolase-like_dom_sf:74-269 | PROSITE_PROFILES:IPR000086:NUDIX_hydrolase_dom:104-256 | NCBIFAM:IPR011876:IsopentenylPP_isomerase_typ1:75-257 | PANTHER:PTHR10885:ISOPENTENYL-DIPHOSPHATE DELTA-ISOMERASE:59-286 | PFAM:IPR000086:NUDIX_hydrolase_dom:105-239 | PIRSR:PIRSR017340-1:PIRSR017340-1:65-240 | FUNFAM:G3DSA:3.90.79.10:FF:000025:isopentenyl-diphosphate Delta-isomerase I:52-286 | CDD:IPR011876:IsopentenylPP_isomerase_typ1:74-259 | GENE3D:G3DSA:3.90.79.10:Nucleoside Triphosphate Pyrophosphohydrolase:38-286,Tier 3: compartment-incompatible or indirect,Medtr7g080060,MtrunA17_Chr7g0249351,1,MtExpress V3 (20220901); A17 5.1.9 quantification; selected paired root/nodule projects,https://lipm-browsers.toulouse.inra.fr/expression-atlas-data/v3/20220901_MtExpressV3-Dataset.zip,MtrunA17_Chr7g0249351,9.0,210.360775970102,129.681660444184,-0.7414895052288113,1.0,0.0,2.0,-0.9069300336959948,0.0,5.0,0.0,5.0,Reliable single A17 locus; scored,MtExpress: 129.68 median nodule TMM; median project log2FC=-0.74; 1/9 projects positive,15.0,0.0,9.0,0.0,5.0,34.0,100.0,34.0,1.0,Descriptive prioritization only; not a probability of Cu binding or NCC1 client status,"Table S4-intersection candidate; structural geometry is compatible, not proof of Cu binding/client status",6.0,0.0,True,80.0,0.0,True,1,G7KRI7,2.807354922057604,True,True,2.807354922057604,0.0,False,8.164906926675688,2.321928094887362,2.584962500721156,1.3937282229965158,1.7421602787456445,False,7.029912880696175,Incompatible,,,,No formal structure-positive context,2.4358145841934347,4.410697494271684,0.3715403378641695,71.62162162162163,0.29333333333333333,0.8554497354497356,2.434684442159213,4.406460658298933,0.3726704798983911,71.62162162162163,0.29333333333333333,0.8420833333333334,2.272235516102354,3.8307109022007193,0.5351194059552502,75.67567567567568,0.25333333333333335,0.809113924050633,2.390070313198455,4.241829082303904,0.4172846088591493,75.67567567567568,0.25333333333333335,0.8735353535353535,4.287436,3.4027543,5.252172,0.40478646254680095,0.1629974553599113,0.6689485678686851,-1.2517177867581615,1.2899996606473016,0.74,28.0,28.0,25.0,27.0,27.5,3.0,False,R3: background-like residual,"Residual specificity is an exploratory deviation from the empirical Table S3 background expectation, not a probability of specific binding, Cu binding, or client status."
Candidate,MtrunR108HiC_013653.1,MtrunR108HiC_013653,Q84RD8,Probable,Putative adenosylhomocysteinase,539,12,20,14,46,3,0.8566666666666666,88.87604823747681,0.8886827458256029,0.8744588744588745,False,False,True,True,True,,False,,,0,,,,,,False,False,False,False,False,False,False,True,True,False,False,True,False,False,False,False,False,False,False,False,True,1,Q84RD8,Probable,5,15,78,15,True,True,-1.415037499278844,Cytoplasm,NCC1-compartment compatible,OTHER,0.0,0.0,inside:1-539,Exact R108 SignalP/DeepTMHMM: no signal peptide or TM segment,Exact R108 pair lies in same InterProScan domain,No major cross-source conflict detected,SMART:IPR015878:Ado_hCys_hydrolase_NAD-bd:240-403 | HAMAP:IPR000043:Adenosylhomocysteinase-like:9-477 | PIRSR:PIRSR000188-2:PIRSR000188-2:259-345 | NCBIFAM:NF004005:PRK05476.2-3:190-470 | SMART:IPR000043:Adenosylhomocysteinase-like:13-484 | PIRSR:PIRSR001109-2:PIRSR001109-2:190-476 | PIRSR:PIRSR000445-3:PIRSR000445-3:260-339 | SUPERFAMILY:SSF52283:Formate/glycerate dehydrogenase catalytic domain-like:13-242 | PIRSF:IPR000043:Adenosylhomocysteinase-like:7-484 | GENE3D:IPR042172:Adenosylhomocyst_ase-like_sf:15-484 | SUPERFAMILY:IPR036291:NAD(P)-bd_dom_sf:240-403 | PFAM:IPR015878:Ado_hCys_hydrolase_NAD-bd:240-403 | CDD:IPR000043:Adenosylhomocysteinase-like:23-473 | PANTHER:IPR000043:Adenosylhomocysteinase-like:7-484 | PROSITE_PATTERNS:IPR020082:S-Ado-L-homoCys_hydrolase_CS:262-279 | GENE3D:G3DSA:3.40.50.720::243-404 | FUNFAM:G3DSA:3.40.50.720:FF:000004:Adenosylhomocysteinase:242-403 | PFAM:IPR000043:Adenosylhomocysteinase-like:13-484 | PROSITE_PATTERNS:IPR020082:S-Ado-L-homoCys_hydrolase_CS:85-99 | NCBIFAM:IPR000043:Adenosylhomocysteinase-like:14-477 | SUPERFAMILY:SSF52283:Formate/glycerate dehydrogenase catalytic domain-like:381-484,Tier 2: plausible but generic/abundant or lacking extra ligand,Medtr3g084340,MtrunA17_Chr3g0121861,1,MtExpress V3 (20220901); A17 5.1.9 quantification; selected paired root/nodule projects,https://lipm-browsers.toulouse.inra.fr/expression-atlas-data/v3/20220901_MtExpressV3-Dataset.zip,MtrunA17_Chr3g0121861,9.0,407.004599299889,128.338082700987,-2.26671713861332,0.0,0.0,2.0,-2.192300556441994,0.0,5.0,0.0,5.0,Reliable single A17 locus; scored,MtExpress: 128.34 median nodule TMM; median project log2FC=-2.27; 0/9 projects positive,15.0,0.0,6.0,0.0,20.0,46.0,100.0,46.0,1.0,Descriptive prioritization only; not a probability of Cu binding or NCC1 client status,"Table S4-intersection candidate; structural geometry is compatible, not proof of Cu binding/client status",5.0,0.0,True,78.0,0.0,True,1,Q84RD8,2.584962500721156,True,True,2.584962500721156,0.0,False,9.074141462752506,3.700439718141092,4.392317422778761,2.2263450834879404,3.710575139146568,False,7.015003319017702,Compatible,,,,No formal structure-positive context,2.2195761943696977,3.657565939822824,0.3653863063514584,71.62162162162163,0.29333333333333333,0.8554497354497356,2.212697195545563,3.6354107881596756,0.37226530517559286,71.62162162162163,0.29333333333333333,0.8420833333333334,2.167590932967324,3.49272554766189,0.4173715677538321,75.67567567567568,0.25333333333333335,0.809113924050633,2.300386983516427,3.9258987821971303,0.28457551720472907,70.27027027027027,0.30666666666666664,0.8735353535353535,3.6300883,3.0732417,4.2619705,0.3739227191507215,0.18935937443369574,0.5587851838170881,-1.2353928354388062,1.2309305074245669,0.731,29.0,29.0,29.0,33.0,29.0,4.0,False,R3: background-like residual,"Residual specificity is an exploratory deviation from the empirical Table S3 background expectation, not a probability of specific binding, Cu binding, or client status."
Candidate,MtrunR108HiC_009975.1,MtrunR108HiC_009975,Q2HVX1,High confidence,Putative PLAT/LH2 domain superfamily protein,153,6,2,6,14,3,0.7133333333333333,81.55065359477125,0.727668845315904,0.7233115468409586,False,False,True,True,True,,True,C42-H125,C-H,2,4.5479750916904145,0.3062029742740728,87.81,2.7125,7.063936531443598,True,True,False,True,True,True,True,True,True,True,False,True,True,True,False,True,False,False,False,False,True,1,Q2HVX1,High confidence,6,15,133,15,True,True,-1.1926450779423958,Extracellular,Compartment-incompatible or indirect,SP,0.99959,0.0,signal:1-19; outside:20-153,SignalP 6.0: signal peptide positive,Exact R108 pair lies in same InterProScan domain,No major cross-source conflict detected,"Phobius:SIGNAL_PEPTIDE_H_REGION:Hydrophobic region of a signal peptide.:4-14 | SignalP_EUK:SignalP-noTM:SignalP-noTM:1-19 | SignalP_EUK:SignalP-noTM:SignalP-noTM:1-19 | Phobius:SIGNAL_PEPTIDE:Signal peptide region:1-19 | Phobius:NON_CYTOPLASMIC_DOMAIN:Region of a membrane-bound protein predicted to be outside the membrane, in the extracellular region.:20-153 | Phobius:SIGNAL_PEPTIDE_C_REGION:C-terminal region of a signal peptide.:15-19 | Phobius:SIGNAL_PEPTIDE_N_REGION:N-terminal region of a signal peptide.:1-3 | SUPERFAMILY:IPR036392:PLAT/LH2 domain superfamily:40-144 | PANTHER:PTHR31718:PLAT DOMAIN-CONTAINING PROTEIN:5-152 | Pfam:IPR010417:Embryo-specific ATS3:37-150 | SignalP_GRAM_POSITIVE:SignalP-TM:SignalP-TM:1-19",Tier 3: compartment-incompatible or indirect,Medtr2g103307,MtrunA17_Chr2g0332671,1,MtExpress V3 (20220901); A17 5.1.9 quantification; selected paired root/nodule projects,https://lipm-browsers.toulouse.inra.fr/expression-atlas-data/v3/20220901_MtExpressV3-Dataset.zip,MtrunA17_Chr2g0332671,9.0,0.205012911662919,190.273405872458,9.85814344463613,9.0,9.0,2.0,10.736392271768024,2.0,5.0,5.0,10.0,Reliable single A17 locus; scored,MtExpress: 190.27 median nodule TMM; median project log2FC=9.86; 9/9 projects positive,15.0,0.0,9.0,22.787453972955387,0.0,56.78745397295539,100.0,56.78745397295539,1.0,Descriptive prioritization only; not a probability of Cu binding or NCC1 client status,"Table S4-intersection candidate; structural geometry is compatible, not proof of Cu binding/client status",6.0,0.0,True,133.0,0.0,True,1,Q2HVX1,2.807354922057604,True,True,2.807354922057604,0.0,False,7.257387842692652,2.807354922057604,1.584962500721156,3.9215686274509802,1.3071895424836601,False,7.579492489057109,Incompatible,Compartment-incompatible/indirect,Exclude from direct-client interpretation,Compartment-incompatible or indirect,Compartment-incompatible/indirect,2.5765727655514437,4.965209329836802,0.23078215650616052,66.21621621621621,0.3466666666666667,0.8554497354497356,2.507110337427409,4.68480293026432,0.3002445846301951,67.56756756756756,0.3333333333333333,0.8420833333333334,2.273700426109162,3.8356184887092564,0.5336544959484422,75.67567567567568,0.25333333333333335,0.809113924050633,2.4998437082011487,4.656241457451522,0.3075112138564555,70.27027027027027,0.30666666666666664,0.8735353535353535,4.7043557,3.3002272,6.437396,0.29529082274577556,-0.0874426593766457,0.7029420564188711,-1.4487730350786492,1.3157687952225712,0.68,34.0,31.0,26.0,29.0,30.0,8.0,False,R3: background-like residual,"Residual specificity is an exploratory deviation from the empirical Table S3 background expectation, not a probability of specific binding, Cu binding, or client status."
Candidate,MtrunR108HiC_013652.1,MtrunR108HiC_013652,G7JAR7,Exact unique,Putative glycine hydroxymethyltransferase,471,8,7,11,26,3,0.9366666666666666,96.25885350318472,0.9992922859164898,0.989384288747346,False,True,True,True,True,,False,,,0,,,,,,False,False,False,False,False,False,False,True,False,False,False,False,False,False,False,False,False,False,False,False,True,1,G7JAR7,Exact unique,5,15,91,15,True,True,-1.415037499278844,Cytoplasm,NCC1-compartment compatible,OTHER,0.0,0.0,inside:1-471,Exact R108 SignalP/DeepTMHMM: no signal peptide or TM segment,Exact R108 pair lies in same InterProScan domain,No major cross-source conflict detected,FUNFAM:G3DSA:3.90.1150.10:FF:000005:Serine hydroxymethyltransferase:304-460 | PFAM:IPR039429:SHMT-like_dom:13-411 | CDD:IPR001085:Ser_HO-MeTrfase:15-424 | GENE3D:IPR015421:PyrdxlP-dep_Trfase_major:41-316 | PIRSF:IPR001085:Ser_HO-MeTrfase:5-464 | GENE3D:IPR015422:PyrdxlP-dep_Trfase_small:16-460 | PIRSR:PIRSR000412-50:PIRSR000412-50:12-462 | SUPERFAMILY:IPR015424:PyrdxlP-dep_Trfase:4-463 | NCBIFAM:NF000586:PRK00011.1:16-419 | FUNFAM:G3DSA:3.40.640.10:FF:000050:Serine hydroxymethyltransferase:41-316 | PANTHER:IPR049943:Ser_HO-MeTrfase-like:9-463 | HAMAP:IPR001085:Ser_HO-MeTrfase:11-461 | PROSITE_PATTERNS:IPR019798:Ser_HO-MeTrfase_PLP_BS:236-252,Tier 2: plausible but generic/abundant or lacking extra ligand,Medtr3g084310,MtrunA17_Chr3g0121851,1,MtExpress V3 (20220901); A17 5.1.9 quantification; selected paired root/nodule projects,https://lipm-browsers.toulouse.inra.fr/expression-atlas-data/v3/20220901_MtExpressV3-Dataset.zip,MtrunA17_Chr3g0121851,9.0,213.388047876944,114.430468052826,-1.2826119701804704,0.0,0.0,2.0,-1.4850762207078043,0.0,5.0,0.0,5.0,Reliable single A17 locus; scored,MtExpress: 114.43 median nodule TMM; median project log2FC=-1.28; 0/9 projects positive,15.0,0.0,10.0,0.0,20.0,50.0,100.0,50.0,1.0,Descriptive prioritization only; not a probability of Cu binding or NCC1 client status,"Table S4-intersection candidate; structural geometry is compatible, not proof of Cu binding/client status",5.0,0.0,True,91.0,0.0,True,1,G7JAR7,2.584962500721156,True,True,2.584962500721156,0.0,False,8.879583249612784,3.169925001442312,3.0,1.6985138004246285,1.48619957537155,False,6.850880265639102,Compatible,,,,No formal structure-positive context,2.2505772138425995,3.7587320200149827,0.3343852868785566,71.62162162162163,0.29333333333333333,0.8554497354497356,2.272987471489386,3.833229401121339,0.31197502923177023,67.56756756756756,0.3333333333333333,0.8420833333333334,2.2169773479585966,3.649183431746848,0.3679851527625595,72.97297297297297,0.28,0.809113924050633,2.294541450600822,3.90598033348276,0.2904210501203339,70.27027027027027,0.30666666666666664,0.8735353535353535,3.741332,3.239972,4.314147,0.3396700755655164,0.1751242891847486,0.5009077266752119,-1.318311846269707,1.1832913645844694,0.699,30.0,30.0,30.0,30.0,30.0,0.0,False,R3: background-like residual,"Residual specificity is an exploratory deviation from the empirical Table S3 background expectation, not a probability of specific binding, Cu binding, or client status."
Candidate,MtrunR108HiC_015704.1,MtrunR108HiC_015704,A0A072URM9,Exact unique,Putative H(+)-transporting two-sector ATPase,624,5,19,6,30,3,0.8466666666666667,86.84716346153846,0.9524572649572648,0.8942307692307692,False,False,False,False,True,,False,,,0,,,,,,False,True,False,False,False,False,False,True,False,False,False,False,False,False,False,False,False,True,False,False,True,1,A0A072URM9,Exact unique,5,15,130,15,True,True,-1.415037499278844,,,,,,,,,,,,Medtr4g005410,MtrunA17_Chr4g0000341,1,MtExpress V3 (20220901); A17 5.1.9 quantification; selected paired root/nodule projects,https://lipm-browsers.toulouse.inra.fr/expression-atlas-data/v3/20220901_MtExpressV3-Dataset.zip,MtrunA17_Chr4g0000341,9.0,250.08822924537,225.9294308551695,-0.641010871672199,0.0,0.0,2.0,-0.4498299465247344,0.0,5.0,0.0,5.0,Reliable single A17 locus; scored,MtExpress: 225.93 median nodule TMM; median project log2FC=-0.64; 0/9 projects positive,15.0,0.0,10.0,0.0,,30.0,80.0,37.5,0.8,Descriptive prioritization only; not a probability of Cu binding or NCC1 client status,"Table S4-intersection candidate; structural geometry is compatible, not proof of Cu binding/client status",5.0,0.0,True,130.0,0.0,True,1,A0A072URM9,2.584962500721156,True,True,2.584962500721156,0.0,False,9.285402218862249,2.584962500721156,4.321928094887363,0.8012820512820512,3.0448717948717947,False,7.826099916437445,Unknown,,,,No formal structure-positive context,2.285045367158097,3.8737943142008158,0.29991713356305905,67.56756756756756,0.3333333333333333,0.8554497354497356,2.294389906386581,3.9054650243793745,0.29057259433457494,66.21621621621621,0.3466666666666667,0.8420833333333334,2.2402589801641555,3.724818728281388,0.3447035205570006,72.97297297297297,0.28,0.809113924050633,2.3305181279005374,4.029859591956572,0.2544443728206187,66.21621621621621,0.3466666666666667,0.8905263157894736,3.8488488,3.1973991,4.598873,0.30732013145083137,0.09982606330507941,0.5154667452871198,-1.298931724717416,1.2019050234559678,0.69,32.0,32.0,31.0,35.0,32.0,4.0,False,R3: background-like residual,"Residual specificity is an exploratory deviation from the empirical Table S3 background expectation, not a probability of specific binding, Cu binding, or client status."
Candidate,MtrunR108HiC_038746.1,MtrunR108HiC_038746,G7JGP9,High confidence,Putative aminopeptidase,567,5,10,5,20,3,0.8766666666666666,88.78676072898297,0.8959435626102291,0.8724279835390947,False,False,False,False,True,,False,,,0,,,,,,False,False,False,False,False,False,False,False,False,False,False,False,False,False,False,False,False,False,False,False,True,1,G7JGP9,High confidence,5,15,103,15,True,True,-1.415037499278844,,,,,,,,,,,,Medtr4g130860,MtrunA17_Chr4g0073971,1,MtExpress V3 (20220901); A17 5.1.9 quantification; selected paired root/nodule projects,https://lipm-browsers.toulouse.inra.fr/expression-atlas-data/v3/20220901_MtExpressV3-Dataset.zip,MtrunA17_Chr4g0073971,9.0,213.418594800782,173.7996958622395,-0.0972117309128854,4.0,0.0,2.0,0.2347000710453697,2.0,5.0,0.0,5.0,Reliable single A17 locus; scored,MtExpress: 173.80 median nodule TMM; median project log2FC=-0.10; 4/9 projects positive,15.0,0.0,9.0,0.0,,29.0,80.0,36.25,0.8,Descriptive prioritization only; not a probability of Cu binding or NCC1 client status,"Table S4-intersection candidate; structural geometry is compatible, not proof of Cu binding/client status",5.0,0.0,True,103.0,0.0,True,1,G7JGP9,2.584962500721156,True,True,2.584962500721156,0.0,False,9.147204924942228,2.584962500721156,3.4594316186372973,0.8818342151675485,1.763668430335097,False,7.449558864439205,Unknown,,,,No formal structure-positive context,2.2845166406064017,3.8720084674021154,0.3004458601147544,67.56756756756756,0.3333333333333333,0.8554497354497356,2.3083124175127265,3.9530336331850924,0.27665008320842954,66.21621621621621,0.3466666666666667,0.8420833333333334,2.2491785823138657,3.754120867083505,0.3357839184072904,70.27027027027027,0.30666666666666664,0.809113924050633,2.3165965833385336,3.981556489200888,0.2683659173826225,67.56756756756756,0.3333333333333333,0.8905263157894736,3.8550582,3.2642064,4.518954,0.30547381797426887,0.12056768098467537,0.49268524804705327,-1.2271183786873328,1.1832381329913095,0.703,31.0,33.0,32.0,34.0,32.5,3.0,False,R3: background-like residual,"Residual specificity is an exploratory deviation from the empirical Table S3 background expectation, not a probability of specific binding, Cu binding, or client status."
Candidate,MtrunR108HiC_024526.1,MtrunR108HiC_024526,G7KBP7,High confidence,Putative pyridoxal kinase,350,2,4,9,15,3,0.8333333333333334,86.91573333333334,0.8533333333333334,0.8371428571428572,False,False,True,True,True,,False,,,0,,,,,,False,False,False,False,False,False,False,False,False,False,False,False,False,False,False,False,False,False,False,False,True,1,G7KBP7,High confidence,5,15,124,15,True,True,-1.415037499278844,,,,,,,,,,,,Medtr5g079730,MtrunA17_Chr5g0435151,1,MtExpress V3 (20220901); A17 5.1.9 quantification; selected paired root/nodule projects,https://lipm-browsers.toulouse.inra.fr/expression-atlas-data/v3/20220901_MtExpressV3-Dataset.zip,MtrunA17_Chr5g0435151,9.0,24.448789153747448,120.853548201839,2.55790017766095,9.0,9.0,2.0,2.6036623690565897,2.0,5.0,4.0,9.0,Reliable single A17 locus; scored,MtExpress: 120.85 median nodule TMM; median project log2FC=2.56; 9/9 projects positive,15.0,0.0,9.0,0.0,,33.0,80.0,41.25,0.8,Descriptive prioritization only; not a probability of Cu binding or NCC1 client status,"Table S4-intersection candidate; structural geometry is compatible, not proof of Cu binding/client status",5.0,0.0,True,124.0,0.0,True,1,G7KBP7,2.584962500721156,True,True,2.584962500721156,0.0,False,8.451211111832329,1.584962500721156,2.321928094887362,0.5714285714285714,1.1428571428571428,False,6.92900445067322,Unknown,,,,No formal structure-positive context,2.324603797256353,4.009281882452224,0.26035870346480294,66.21621621621621,0.3466666666666667,0.8554497354497356,2.333609179591932,4.040647889688968,0.25135332112922404,66.21621621621621,0.3466666666666667,0.8420833333333334,2.313568282229398,3.9711108781373046,0.27139421849175793,67.56756756756756,0.3333333333333333,0.809113924050633,2.298186797350648,3.9183922516647467,0.28677570337050806,70.27027027027027,0.30666666666666664,0.8735353535353535,3.9928427,3.3571382,4.792209,0.2651009694635267,0.05084878364199348,0.461581666856944,-1.3786794490206713,1.1498431924669799,0.68,33.0,34.0,35.0,32.0,33.5,3.0,False,R3: background-like residual,"Residual specificity is an exploratory deviation from the empirical Table S3 background expectation, not a probability of specific binding, Cu binding, or client status."
Candidate,MtrunR108HiC_000137.1,MtrunR108HiC_000137,G7I5U3,High confidence,Putative peptide-N(4)-(N-acetyl-beta-glucosaminyl)asparagine amidase,607,7,4,18,29,3,0.86,85.49071389346513,0.8407468423942889,0.8039538714991763,False,False,True,True,True,,False,,,0,,,,,,False,False,False,False,False,False,False,True,True,False,False,False,False,False,False,False,False,False,False,False,True,1,G7I5U3,High confidence,4,15,76,15,True,True,-1.6780719051126376,,,,,,,,,,,,,,0,MtExpress V3 (20220901); A17 5.1.9 quantification; selected paired root/nodule projects,https://lipm-browsers.toulouse.inra.fr/expression-atlas-data/v3/20220901_MtExpressV3-Dataset.zip,,,,,,,,,,,,,,No single reliable MtExpress locus; not scored,No reliable single A17 5.1.9 locus mapping; expression score withheld,15.0,0.0,9.0,0.0,,24.0,70.0,34.285714285714285,0.7,Descriptive prioritization only; not a probability of Cu binding or NCC1 client status,"Table S4-intersection candidate; structural geometry is compatible, not proof of Cu binding/client status",4.0,0.0,True,76.0,0.0,True,1,G7I5U3,2.321928094887362,True,True,2.321928094887362,0.0,False,9.245552706255681,3.0,2.321928094887362,1.1532125205930808,0.6589785831960462,True,,Unknown,,,,No formal structure-positive context,2.112515253103875,3.32444579192963,0.2094128417834873,66.21621621621621,0.3466666666666667,0.8554497354497356,2.150805615757981,3.4407569604249417,0.17112247912938106,63.513513513513516,0.37333333333333335,0.8420833333333334,2.095417905487699,3.2734993575207287,0.22651018939966328,67.56756756756756,0.3333333333333333,0.809113924050633,2.0339912777337172,3.0953628418357635,0.28793681715364494,70.27027027027027,0.30666666666666664,0.8735353535353535,3.3102493,2.7364259,4.181622,0.21415657904110974,-0.051475627160443606,0.4202691813942057,-1.3982050365873233,1.0668074620690946,0.666,35.0,35.0,36.0,31.0,35.0,5.0,False,R3: background-like residual,"Residual specificity is an exploratory deviation from the empirical Table S3 background expectation, not a probability of specific binding, Cu binding, or client status."
Candidate,MtrunR108HiC_005650.1,MtrunR108HiC_005650,G7IL92,High confidence,Putative histidine decarboxylase,485,11,10,17,38,3,0.8333333333333334,85.43676975945017,0.8460481099656357,0.8075601374570448,False,False,True,True,True,,True,C469-C481,C-C,3,3.835274305704873,0.111955013991865,92.0,1.745,8.578642339402528,True,True,True,True,True,True,True,True,True,True,False,True,True,False,True,True,False,False,False,False,True,1,G7IL92,High confidence,4,15,110,15,True,True,-1.6780719051126376,Cytoplasm,NCC1-compartment compatible,OTHER,0.0,0.0,inside:1-485,Exact R108 SignalP/DeepTMHMM: no signal peptide or TM segment,Exact R108 pair lies in same InterProScan domain,No major cross-source conflict detected,PROSITE_PATTERNS:IPR021115:Pyridoxal-P_BS:309-330 | SUPERFAMILY:IPR015424:PyrdxlP-dep_Trfase:104-454 | NCBIFAM:NF002748:PRK02769.1:91-457 | PIRSR:PIRSR602129-50:PIRSR602129-50:70-460 | PANTHER:IPR051151:Group_II_decarboxylase:51-485 | GENE3D:IPR015422:PyrdxlP-dep_Trfase_small:368-456 | GENE3D:IPR015421:PyrdxlP-dep_Trfase_major:123-367 | FUNFAM:G3DSA:3.40.640.10:FF:000069:Serine decarboxylase 1:124-367 | PFAM:IPR002129:PyrdxlP-dep_de-COase:195-404,Tier 2: plausible but generic/abundant or lacking extra ligand,Medtr2g008120,MtrunA17_Chr2g0278631,1,MtExpress V3 (20220901); A17 5.1.9 quantification; selected paired root/nodule projects,https://lipm-browsers.toulouse.inra.fr/expression-atlas-data/v3/20220901_MtExpressV3-Dataset.zip,MtrunA17_Chr2g0278631,9.0,405.679498345356,1370.67071200543,1.4728017149688597,9.0,8.0,2.0,2.1310529737216104,2.0,5.0,3.0,8.0,Reliable single A17 locus; scored,MtExpress: 1370.67 median nodule TMM; median project log2FC=1.47; 9/9 projects positive,15.0,0.0,9.0,27.64906180121384,20.0,79.64906180121383,100.0,79.64906180121383,1.0,Descriptive prioritization only; not a probability of Cu binding or NCC1 client status,"Table S4-intersection candidate; structural geometry is compatible, not proof of Cu binding/client status",4.0,0.0,True,110.0,0.0,True,1,G7IL92,2.321928094887362,True,True,2.321928094887362,0.0,False,8.92184093707449,3.584962500721156,3.4594316186372973,2.268041237113402,2.0618556701030926,False,10.421718469398208,Compatible,Native metal/catalytic-site alternative,Negative-calibration/native-site benchmark,Native metal/catalytic-site mimic,Native metal/catalytic-site alternative,2.1757341263797296,3.5181561325897794,0.14619396850763255,62.16216216216216,0.38666666666666666,0.8554497354497356,2.1889732462799287,3.5598085316891384,0.13295484860743345,60.810810810810814,0.4,0.8420833333333334,2.244792749465653,3.7396901540832967,0.07713534542170919,58.108108108108105,0.4266666666666667,0.809113924050633,2.1601057047537684,3.4694760141160916,0.16182239013359379,64.86486486486487,0.36,0.8905263157894736,3.540483,2.741266,4.5560226,0.13908226397000378,-0.15212420318163805,0.41840155329667156,-1.4224496465691945,1.0597338851991642,0.625,36.0,36.0,42.0,38.0,37.0,6.0,False,R3: background-like residual,"Residual specificity is an exploratory deviation from the empirical Table S3 background expectation, not a probability of specific binding, Cu binding, or client status."
Candidate,MtrunR108HiC_013262.1,MtrunR108HiC_013262,G7J486,High confidence,Putative protein-synthesizing GTPase,488,2,15,13,30,3,0.6833333333333332,77.34415300546449,0.7568306010928962,0.685792349726776,False,False,True,True,True,,True,H102-M192,H-M,3,4.985054262493038,0.0539149126313462,90.75,1.42,13.363876999442338,True,True,False,True,True,True,True,True,True,True,True,True,True,True,False,False,False,False,True,False,True,1,G7J486,High confidence,5,15,77,15,True,True,-1.415037499278844,Plastid,Compartment-incompatible or indirect,OTHER,0.0,0.0,inside:1-488,Exact R108 SignalP/DeepTMHMM: no signal peptide or TM segment,Exact R108 pair lies in same InterProScan domain,No major cross-source conflict detected,"SUPERFAMILY:IPR009001:Translation elongation factor EF1A/initiation factor IF2gamma, C-terminal:387-487 | CDD:IPR033720:Elongation factor Tu, domain 2:300-386 | Pfam:IPR004160:Translation elongation factor EFTu/EF1A, C-terminal:387-486 | ProSitePatterns:IPR031157:Tr-type G domain, conserved site:130-145 | PRINTS:IPR000795:Translational (tr)-type GTP-binding domain:137-145 | PRINTS:IPR000795:Translational (tr)-type GTP-binding domain:157-167 | PRINTS:IPR000795:Translational (tr)-type GTP-binding domain:173-184 | PRINTS:IPR000795:Translational (tr)-type GTP-binding domain:93-106 | PRINTS:IPR000795:Translational (tr)-type GTP-binding domain:210-219 | ProSiteProfiles:IPR000795:Translational (tr)-type GTP-binding domain:89-293 | FunFam:G3DSA:2.40.30.10:FF:000046:Elongation factor Tu:427-487 | Gene3D:G3DSA:2.40.30.10:Translation factors:427-487 | CDD:IPR041709:Elongation factor Tu (EF-Tu), GTP-binding domain:90-292 | FunFam:G3DSA:3.40.50.300:FF:000003:Elongation factor Tu:80-292 | Gene3D:G3DSA:2.40.30.10:Translation factors:295-423 | PANTHER:IPR050055:Elongation factor Tu GTPase:76-487 | MobiDBLite:mobidb-lite:consensus disorder prediction:1-18 | MobiDBLite:mobidb-lite:consensus disorder prediction:1-21 | FunFam:G3DSA:2.40.30.10:FF:000001:Elongation factor Tu:295-423 | NCBIfam:NF000766:elongation factor Tu:81-488 | NCBIfam:NF009372:elongation factor Tu:81-488 | CDD:cd03707:EFTU_III:389-483 | Gene3D:IPR027417:P-loop containing nucleoside triphosphate hydrolase:81-292 | NCBIfam:NF009373:elongation factor Tu:81-487 | SUPERFAMILY:IPR027417:P-loop containing nucleoside triphosphate hydrolase:84-308 | NCBIfam:IPR005225:Small GTP-binding domain:93-227 | SUPERFAMILY:IPR009000:Translation protein, beta-barrel domain superfamily:294-390 | NCBIfam:IPR004541:Translation elongation factor EFTu/EF1A, bacterial/organelle:81-488 | Pfam:IPR004161:Translation elongation factor EFTu-like, domain 2:314-383 | Pfam:IPR000795:Translational (tr)-type GTP-binding domain:89-290 | Hamap:IPR004541:Translation elongation factor EFTu/EF1A, bacterial/organelle:80-488",Tier 3: compartment-incompatible or indirect,Medtr3g076660,MtrunA17_Chr3g0116821,1,MtExpress V3 (20220901); A17 5.1.9 quantification; selected paired root/nodule projects,https://lipm-browsers.toulouse.inra.fr/expression-atlas-data/v3/20220901_MtExpressV3-Dataset.zip,MtrunA17_Chr3g0116821,9.0,49.0493391153532,29.98313833070195,-0.0181809918777791,4.0,0.0,2.0,0.0396659601518947,1.0,4.0,0.0,4.0,Reliable single A17 locus; scored,MtExpress: 29.98 median nodule TMM; median project log2FC=-0.02; 4/9 projects positive,15.0,0.0,9.0,28.439442066555134,5.0,61.43944206655513,100.0,61.43944206655513,1.0,Descriptive prioritization only; not a probability of Cu binding or NCC1 client status,"Table S4-intersection candidate; structural geometry is compatible, not proof of Cu binding/client status",5.0,0.0,True,77.0,0.0,True,1,G7J486,2.584962500721156,True,True,2.584962500721156,0.0,False,8.930737337562887,1.584962500721156,4.0,0.4098360655737705,3.0737704918032787,False,4.953411379261004,Incompatible,Compartment-incompatible/indirect,Exclude from direct-client interpretation,Compartment-incompatible or indirect,Compartment-incompatible/indirect,2.5573281115024784,4.886165519256792,0.02763438921867767,56.75675675675676,0.44,0.8554497354497356,2.5290595535622202,4.771953005191974,0.055902947158935845,58.108108108108105,0.4266666666666667,0.8420833333333334,2.2523517790421486,3.764589027735166,0.3326107216790075,70.27027027027027,0.30666666666666664,0.809113924050633,2.3983842701454523,4.27212388054134,0.18657823057570377,64.86486486486487,0.36,0.8905263157894736,4.62779,3.2434263,6.190668,0.09239388862246223,-0.26116322121030144,0.49973293700808236,-1.4693583935236076,1.0978419349974335,0.63,42.0,38.0,33.0,37.0,37.5,9.0,False,R3: background-like residual,"Residual specificity is an exploratory deviation from the empirical Table S3 background expectation, not a probability of specific binding, Cu binding, or client status."
Candidate,MtrunR108HiC_013677.1,MtrunR108HiC_013677,G7JBC0,Exact unique,Putative protein transport protein Sec23,771,18,15,14,47,3,0.9066666666666668,90.26031993082576,0.9174232598357112,0.8901859057501081,False,True,True,True,True,,True,M671-H720,H-M,3,4.780521624258172,0.1998640783201208,91.25,2.15,21.659972349562636,True,True,False,True,True,True,True,True,True,True,True,True,True,True,False,False,False,False,True,False,True,1,G7JBC0,Exact unique,3,15,52,15,True,True,-2.0,Cytoplasm,NCC1-compartment compatible,OTHER,0.0,0.0,inside:1-771,Transferred/heuristic TM/hydrophobic flag; exact R108 DeepTMHMM negative,Exact R108 pair lies in same InterProScan domain,No major cross-source conflict detected,SUPERFAMILY:SSF81995:beta-sandwich domain of Sec23/24:8-526 | PANTHER:IPR037364:Sec23:7-770 | SUPERFAMILY:IPR036174:Znf_Sec23_Sec24_sf:47-119 | PFAM:IPR012990:Beta-sandwich_Sec23_24:409-513 | FUNFAM:G3DSA:3.40.50.410:FF:000008:Protein transport protein SEC23:127-408 | FUNFAM:G3DSA:2.30.30.380:FF:000001:Protein transport protein SEC23:53-112 | SUPERFAMILY:IPR036175:Sec23/24_helical_dom_sf:527-629 | SUPERFAMILY:IPR036465:vWFA_dom_sf:128-399 | GENE3D:G3DSA:1.20.120.730:Sec23/Sec24 helical domain:524-768 | PFAM:IPR006895:Znf_Sec23_Sec24:56-94 | PFAM:IPR007123:Gelsolin-like_dom:639-727 | PFAM:IPR006900:Sec23/24_helical_dom:527-624 | PFAM:IPR006896:Sec23/24_trunk_dom:125-398 | GENE3D:IPR036465:vWFA_dom_sf:124-407 | CDD:IPR037550:Sec23_C:619-739 | SUPERFAMILY:IPR036180:Gelsolin-like_dom_sf:630-770 | GENE3D:G3DSA:2.60.40.1670::10-510 | GENE3D:IPR029006:ADF-H/Gelsolin-like_dom_sf:629-733 | GENE3D:G3DSA:2.30.30.380::53-112 | FUNFAM:G3DSA:1.20.120.730:FF:000005:Protein transport protein SEC23:524-645 | FUNFAM:G3DSA:3.40.20.10:FF:000014:Protein transport protein SEC23:629-733,Tier 2/3: incomplete or mixed evidence,Medtr3g084740,MtrunA17_Chr3g0122081,1,MtExpress V3 (20220901); A17 5.1.9 quantification; selected paired root/nodule projects,https://lipm-browsers.toulouse.inra.fr/expression-atlas-data/v3/20220901_MtExpressV3-Dataset.zip,MtrunA17_Chr3g0122081,9.0,110.911985209639,127.6008818972615,0.2462465655132746,6.0,0.0,2.0,0.2582185463465145,1.0,5.0,1.0,6.0,Reliable single A17 locus; scored,MtExpress: 127.60 median nodule TMM; median project log2FC=0.25; 6/9 projects positive,15.0,0.0,10.0,28.833333333333332,20.0,79.83333333333333,100.0,79.83333333333333,1.0,Descriptive prioritization only; not a probability of Cu binding or NCC1 client status,"Table S4-intersection candidate; structural geometry is compatible, not proof of Cu binding/client status",3.0,0.0,True,52.0,0.0,True,1,G7JBC0,2.0,True,True,2.0,0.0,False,9.590587049915035,4.247927513443585,4.0,2.3346303501945527,1.9455252918287937,False,7.006756725943254,Compatible,Scaffold/proteostasis context,Exclude from direct-client interpretation,Macromolecular scaffold/trafficking fold coincidence,Scaffold/proteostasis context,1.918226099768442,2.7795804550006364,0.08177390023155806,59.45945945945946,0.41333333333333333,0.8554497354497356,1.9399611423531682,2.8369531311514278,0.06003885764683181,58.108108108108105,0.4266666666666667,0.8420833333333334,2.144966122627077,3.422818755407228,-0.1449661226270771,56.75675675675676,0.44,0.809113924050633,1.7841604569172356,2.4441797946257444,0.21583954308276443,66.21621621621621,0.3466666666666667,0.8905263157894736,2.7751122,2.4941607,3.2655492,0.08348047733306885,-0.09273139834403991,0.19505404829978942,-1.505405919997679,0.8841584769761911,0.612,39.0,37.0,50.0,36.0,38.0,14.0,False,R3: background-like residual,"Residual specificity is an exploratory deviation from the empirical Table S3 background expectation, not a probability of specific binding, Cu binding, or client status."
Candidate,MtrunR108HiC_014742.1,MtrunR108HiC_014742,A0A072V371,High confidence,Putative tripeptidyl-peptidase II,767,10,13,17,40,3,0.8833333333333333,89.23671012603215,0.9126466753585396,0.8891786179921772,False,False,True,True,True,,False,,,0,,,,,,False,True,False,False,False,False,False,True,False,False,False,False,False,False,False,False,False,True,False,False,True,1,A0A072V371,High confidence,4,15,38,15,True,True,-1.6780719051126376,,,,,,,,,,,,Medtr3g102810,MtrunA17_Chr3g0134621,1,MtExpress V3 (20220901); A17 5.1.9 quantification; selected paired root/nodule projects,https://lipm-browsers.toulouse.inra.fr/expression-atlas-data/v3/20220901_MtExpressV3-Dataset.zip,MtrunA17_Chr3g0134621,9.0,269.848244976317,123.62278573274033,-0.6554637243213248,2.0,0.0,2.0,-0.0290620234851246,1.0,5.0,0.0,5.0,Reliable single A17 locus; scored,MtExpress: 123.62 median nodule TMM; median project log2FC=-0.66; 2/9 projects positive,15.0,0.0,9.0,0.0,,29.0,80.0,36.25,0.8,Descriptive prioritization only; not a probability of Cu binding or NCC1 client status,"Table S4-intersection candidate; structural geometry is compatible, not proof of Cu binding/client status",4.0,0.0,True,38.0,0.0,True,1,A0A072V371,2.321928094887362,True,True,2.321928094887362,0.0,False,9.583082767502933,3.4594316186372973,3.807354922057604,1.303780964797914,1.694915254237288,False,6.961424061172324,Unknown,,,,No formal structure-positive context,2.2352152127793286,3.708329257417069,0.08671288210803363,60.810810810810814,0.4,0.8554497354497356,2.2742094877187227,3.8373250600987383,0.047718607168639515,58.108108108108105,0.4266666666666667,0.8420833333333334,2.188971237676106,3.559802183263302,0.13295685721125627,60.810810810810814,0.4,0.809113924050633,2.2975306025678983,3.916155680958557,0.024397492319463865,58.108108108108105,0.4266666666666667,0.8991304347826087,3.6807537,3.1372352,4.3241787,0.09518737699948376,-0.0906308481458562,0.27326106932126104,-1.4792870555485396,0.9331976224600953,0.63,38.0,40.0,39.0,42.0,39.5,4.0,False,R3: background-like residual,"Residual specificity is an exploratory deviation from the empirical Table S3 background expectation, not a probability of specific binding, Cu binding, or client status."
Candidate,MtrunR108HiC_017009.1,MtrunR108HiC_017009,A0A072UUK4,High confidence,Putative transcription factor WD40-like family,1124,15,15,22,52,3,0.49,68.31654804270464,0.6447212336892053,0.5376631079478055,False,True,False,True,True,,False,,,0,,,,,,False,False,False,False,True,False,False,True,False,False,False,False,False,False,False,False,False,False,False,False,True,1,A0A072UUK4,High confidence,4,15,82,15,True,True,-1.6780719051126376,Cytoplasm|Lysosome/Vacuole,Mixed/needs review,OTHER,0.0,0.0,inside:1-1124,Exact R108 SignalP/DeepTMHMM: no signal peptide or TM segment,Exact R108 pair lies in same InterProScan domain,No major cross-source conflict detected,PROSITE_PROFILES:IPR001680:WD40_rpt:259-301 | GENE3D:IPR015943:WD40/YVTN_repeat-like_dom_sf:1-337 | SUPERFAMILY:IPR036322:WD40_repeat_dom_sf:13-336 | PFAM:IPR001680:WD40_rpt:254-292 | PFAM:IPR001680:WD40_rpt:114-151 | PROSITE_PATTERNS:IPR019775:WD40_repeat_CS:138-152 | PROSITE_PROFILES:IPR001680:WD40_rpt:118-152 | GENE3D:G3DSA:1.20.940.10:Functional domain of the splicing factor Prp18:1009-1123 | PROSITE_PROFILES:PS50294:WD_REPEATS_REGION:118-152 | GENE3D:G3DSA:1.25.40.1030::351-780 | FUNFAM:G3DSA:2.130.10.10:FF:000295:Protein transport protein SEC31 homolog B:1-337 | SMART:IPR001680:WD40_rpt:205-248 | SMART:IPR001680:WD40_rpt:54-100 | SMART:IPR001680:WD40_rpt:111-151 | SMART:IPR001680:WD40_rpt:161-201 | SMART:IPR001680:WD40_rpt:252-292 | PANTHER:IPR040251:SEC31-like:3-1118 | MOBIDB_LITE:mobidb-lite:disorder_prediction:820-893 | MOBIDB_LITE:mobidb-lite:disorder_prediction:982-991 | MOBIDB_LITE:mobidb-lite:disorder_prediction:820-830 | MOBIDB_LITE:mobidb-lite:disorder_prediction:926-941 | MOBIDB_LITE:mobidb-lite:disorder_prediction:956-971 | MOBIDB_LITE:mobidb-lite:disorder_prediction:914-1014 | FUNFAM:G3DSA:1.20.940.10:FF:000003:Protein transport protein SEC31 homolog B:1008-1122 | FUNFAM:G3DSA:1.25.40.1030:FF:000004:Protein transport protein SEC31 homolog B:351-780 | PFAM:IPR024298:Sec16_Sec23-bd:564-760,Tier 2/3: incomplete or mixed evidence,Medtr4g045577,MtrunA17_Chr4g0020111,1,MtExpress V3 (20220901); A17 5.1.9 quantification; selected paired root/nodule projects,https://lipm-browsers.toulouse.inra.fr/expression-atlas-data/v3/20220901_MtExpressV3-Dataset.zip,MtrunA17_Chr4g0020111,9.0,178.1829487934345,200.68201390403988,-0.0087515253970256,4.0,0.0,2.0,-0.0932942700055301,1.0,5.0,0.0,5.0,Reliable single A17 locus; scored,MtExpress: 200.68 median nodule TMM; median project log2FC=-0.01; 4/9 projects positive,15.0,0.0,9.0,0.0,12.5,41.5,100.0,41.5,1.0,Descriptive prioritization only; not a probability of Cu binding or NCC1 client status,"Table S4-intersection candidate; structural geometry is compatible, not proof of Cu binding/client status",4.0,0.0,True,82.0,0.0,True,1,A0A072UUK4,2.321928094887362,True,True,2.321928094887362,0.0,False,10.134426320220927,4.0,4.0,1.3345195729537367,1.3345195729537367,False,7.655938619246374,Mixed,,,,No formal structure-positive context,2.226270945652279,3.679229357368195,0.09565714923508306,60.810810810810814,0.4,0.8554497354497356,2.283690703450363,3.8692200602409796,0.038237391436999335,58.108108108108105,0.4266666666666667,0.8420833333333334,2.1679294179891224,3.4937797543177904,0.15399867689823976,64.86486486486487,0.36,0.809113924050633,2.3227173720392176,4.002736174554545,-0.0007892771518553943,56.75675675675676,0.44,0.8991304347826087,3.6525798,3.0485735,4.368417,0.10389728453122204,-0.10256854984797412,0.304514538311587,-1.4899861615666767,0.9375086847097832,0.649,37.0,41.0,38.0,44.0,39.5,7.0,False,R3: background-like residual,"Residual specificity is an exploratory deviation from the empirical Table S3 background expectation, not a probability of specific binding, Cu binding, or client status."
Candidate,MtrunR108HiC_024785.1,MtrunR108HiC_024785,G7KH66,High confidence,Putative protein disulfide-isomerase,435,7,3,5,15,3,0.45,83.69832950191571,0.8452107279693486,0.7938697318007663,False,True,True,True,True,,False,,,0,,,,,,False,False,False,False,False,False,False,False,False,False,False,True,False,False,False,False,False,False,False,False,True,1,G7KH66,High confidence,4,15,117,15,True,True,-1.6780719051126376,,,,,,,,,,,,Medtr5g084930,MtrunA17_Chr5g0438731,1,MtExpress V3 (20220901); A17 5.1.9 quantification; selected paired root/nodule projects,https://lipm-browsers.toulouse.inra.fr/expression-atlas-data/v3/20220901_MtExpressV3-Dataset.zip,MtrunA17_Chr5g0438731,9.0,53.1571315731153,92.7939691414288,0.6889285035642203,8.0,2.0,2.0,0.4834897930952251,2.0,5.0,2.0,7.0,Reliable single A17 locus; scored,MtExpress: 92.79 median nodule TMM; median project log2FC=0.69; 8/9 projects positive,15.0,0.0,9.0,0.0,,31.0,80.0,38.75,0.8,Descriptive prioritization only; not a probability of Cu binding or NCC1 client status,"Table S4-intersection candidate; structural geometry is compatible, not proof of Cu binding/client status",4.0,0.0,True,117.0,0.0,True,1,G7KH66,2.321928094887362,True,True,2.321928094887362,0.0,False,8.76487159073609,3.0,2.0,1.6091954022988506,0.6896551724137931,False,6.551423256759466,Unknown,,,,No formal structure-positive context,2.2601575024692644,3.7904377734819326,0.06177059241809779,58.108108108108105,0.4266666666666667,0.8554497354497356,2.286353734590715,3.8782163201967057,0.03557436029664718,58.108108108108105,0.4266666666666667,0.8420833333333334,2.2384097845641,3.718766501937404,0.0835183103232624,58.108108108108105,0.4266666666666667,0.809113924050633,2.2834778300275858,3.868501647101896,0.03845026485977643,58.108108108108105,0.4266666666666667,0.8991304347826087,3.7706494,3.2309203,4.4446273,0.0677425375219447,-0.12290506455935413,0.2409567167993647,-1.5774231094424305,0.9178055934258806,0.576,40.0,42.0,41.0,40.0,40.5,2.0,False,R3: background-like residual,"Residual specificity is an exploratory deviation from the empirical Table S3 background expectation, not a probability of specific binding, Cu binding, or client status."
Candidate,MtrunR108HiC_031067.1,MtrunR108HiC_031067,G7KW31,High confidence,"Putative TOM1-like protein, plant",718,3,19,26,48,3,0.32,54.2350139275766,0.3184772516248839,0.2966573816155989,False,False,True,True,True,,False,,,0,,,,,,False,False,False,False,False,False,False,True,False,False,False,False,False,False,False,False,False,False,False,False,True,1,G7KW31,High confidence,4,15,58,15,True,True,-1.6780719051126376,Cytoplasm|Lysosome/Vacuole|Golgi apparatus,Mixed/needs review,OTHER,0.0,0.0,inside:1-718,Exact R108 SignalP/DeepTMHMM: no signal peptide or TM segment,Exact R108 pair lies in same InterProScan domain,No major cross-source conflict detected,CDD:cd14231:GAT_GGA-like_plant:199-272 | SUPERFAMILY:IPR008942:ENTH_VHS:11-146 | SUPERFAMILY:SSF89009:GAT-like domain:149-275 | GENE3D:IPR038425:GAT_sf:183-280 | PROSITE_PROFILES:IPR004152:GAT_dom:186-274 | CDD:cd03561:VHS:14-139 | PANTHER:IPR044836:TOL_plant:9-551 | SMART:IPR002014:VHS_dom:9-141 | PROSITE_PROFILES:IPR002014:VHS_dom:16-145 | MOBIDB_LITE:mobidb-lite:disorder_prediction:152-177 | MOBIDB_LITE:mobidb-lite:disorder_prediction:695-718 | MOBIDB_LITE:mobidb-lite:disorder_prediction:347-373 | MOBIDB_LITE:mobidb-lite:disorder_prediction:481-493 | MOBIDB_LITE:mobidb-lite:disorder_prediction:514-536 | MOBIDB_LITE:mobidb-lite:disorder_prediction:410-434 | MOBIDB_LITE:mobidb-lite:disorder_prediction:284-295 | MOBIDB_LITE:mobidb-lite:disorder_prediction:284-678 | MOBIDB_LITE:mobidb-lite:disorder_prediction:708-718 | MOBIDB_LITE:mobidb-lite:disorder_prediction:546-609 | MOBIDB_LITE:mobidb-lite:disorder_prediction:624-643 | MOBIDB_LITE:mobidb-lite:disorder_prediction:296-314 | MOBIDB_LITE:mobidb-lite:disorder_prediction:443-453 | PFAM:IPR004152:GAT_dom:202-275 | FUNFAM:G3DSA:1.25.40.90:FF:000028:TOM1-like protein 2:8-155 | PFAM:IPR002014:VHS_dom:6-139 | GENE3D:IPR008942:ENTH_VHS:1-162,Tier 2/3: incomplete or mixed evidence,Medtr7g072310,MtrunA17_Chr7g0244381,1,MtExpress V3 (20220901); A17 5.1.9 quantification; selected paired root/nodule projects,https://lipm-browsers.toulouse.inra.fr/expression-atlas-data/v3/20220901_MtExpressV3-Dataset.zip,MtrunA17_Chr7g0244381,9.0,68.2996414946781,121.30170642673455,0.5474694297039555,8.0,3.0,2.0,0.9441142196175698,2.0,5.0,2.0,7.0,Reliable single A17 locus; scored,MtExpress: 121.30 median nodule TMM; median project log2FC=0.55; 8/9 projects positive,15.0,0.0,9.0,0.0,12.5,43.5,100.0,43.5,1.0,Descriptive prioritization only; not a probability of Cu binding or NCC1 client status,"Table S4-intersection candidate; structural geometry is compatible, not proof of Cu binding/client status",4.0,0.0,True,58.0,0.0,True,1,G7KW31,2.321928094887362,True,True,2.321928094887362,0.0,False,9.487840033823051,2.0,4.321928094887363,0.4178272980501393,2.6462395543175488,False,6.934300723126638,Mixed,,,,No formal structure-positive context,2.2920445496947175,3.8974967994951983,0.02988354519264469,56.75675675675676,0.44,0.8554497354497356,2.2940041178648802,3.9041534380512655,0.02792397702248195,58.108108108108105,0.4266666666666667,0.8420833333333334,2.256408281323992,3.7780047277770503,0.06551981356337011,58.108108108108105,0.4266666666666667,0.809113924050633,2.2966690413594435,3.913220684688298,0.025259053527918685,58.108108108108105,0.4266666666666667,0.8991304347826087,3.8674154,3.190721,4.6557364,0.03877205755673474,-0.17778659555949144,0.2547295084234339,-1.5784363533455663,0.901023710023387,0.599,41.0,44.0,43.0,41.0,42.0,3.0,False,R3: background-like residual,"Residual specificity is an exploratory deviation from the empirical Table S3 background expectation, not a probability of specific binding, Cu binding, or client status."
Candidate,MtrunR108HiC_012958.1,MtrunR108HiC_012958,B7FK44,High confidence,"Putative eukaryotic translation initiation factor 3 subunit F, MPN domain-containing protein",288,2,6,9,17,3,0.6333333333333333,81.58145833333333,0.8414351851851851,0.6979166666666666,False,False,False,False,True,,False,,,0,,,,,,False,False,False,False,False,False,False,False,False,False,False,False,False,False,False,False,False,False,False,False,True,1,B7FK44,High confidence,4,15,70,15,True,True,-1.6780719051126376,,,,,,,,,,,,Medtr3g070190,MtrunA17_Chr3g0113201,1,MtExpress V3 (20220901); A17 5.1.9 quantification; selected paired root/nodule projects,https://lipm-browsers.toulouse.inra.fr/expression-atlas-data/v3/20220901_MtExpressV3-Dataset.zip,MtrunA17_Chr3g0113201,9.0,51.3363350247951,51.81122180804825,0.0206377013547198,6.0,0.0,2.0,0.0277993439307948,1.0,5.0,1.0,6.0,Reliable single A17 locus; scored,MtExpress: 51.81 median nodule TMM; median project log2FC=0.02; 6/9 projects positive,15.0,0.0,9.0,0.0,,30.0,80.0,37.5,0.8,Descriptive prioritization only; not a probability of Cu binding or NCC1 client status,"Table S4-intersection candidate; structural geometry is compatible, not proof of Cu binding/client status",4.0,0.0,True,70.0,0.0,True,1,B7FK44,2.321928094887362,True,True,2.321928094887362,0.0,False,8.169925001442312,1.584962500721156,2.807354922057604,0.6944444444444444,2.083333333333333,False,5.722772613990743,Unknown,,,,No formal structure-positive context,2.294641616554189,3.9063209662867004,0.027286478333173214,56.75675675675676,0.44,0.8554497354497356,2.2919169696023096,3.897063724278161,0.030011125285052564,58.108108108108105,0.4266666666666667,0.8420833333333334,2.28603088384936,3.8771247800569055,0.03589721103800203,56.75675675675676,0.44,0.809113924050633,2.253322437195399,3.7677957645739637,0.06860565769196336,60.810810810810814,0.4,0.8991304347826087,3.8737116,3.2415895,4.648422,0.03690738584958142,-0.1759197304014104,0.2373232116933924,-1.5990934316256142,0.899074195223047,0.584,43.0,43.0,46.0,39.0,43.0,7.0,False,R3: background-like residual,"Residual specificity is an exploratory deviation from the empirical Table S3 background expectation, not a probability of specific binding, Cu binding, or client status."
Candidate,MtrunR108HiC_019460.1,MtrunR108HiC_019460,A0A072UQA3,High confidence,Putative proteasome endopeptidase complex,417,3,18,13,34,3,0.6333333333333333,79.04280575539569,0.8193445243804955,0.6882494004796164,False,False,True,True,True,,False,,,0,,,,,,False,False,False,False,True,False,False,True,False,False,False,False,False,False,False,False,False,False,False,False,True,1,A0A072UQA3,High confidence,4,15,118,15,True,True,-1.6780719051126376,,,,,,,,,,,,Medtr4g094270,MtrunA17_Chr4g0050561,1,MtExpress V3 (20220901); A17 5.1.9 quantification; selected paired root/nodule projects,https://lipm-browsers.toulouse.inra.fr/expression-atlas-data/v3/20220901_MtExpressV3-Dataset.zip,MtrunA17_Chr4g0050561,9.0,176.182970960321,150.17195779308798,-0.1537792172913539,3.0,0.0,2.0,-0.2550253674084501,0.0,5.0,0.0,5.0,Reliable single A17 locus; scored,MtExpress: 150.17 median nodule TMM; median project log2FC=-0.15; 3/9 projects positive,15.0,0.0,9.0,0.0,,29.0,80.0,36.25,0.8,Descriptive prioritization only; not a probability of Cu binding or NCC1 client status,"Table S4-intersection candidate; structural geometry is compatible, not proof of Cu binding/client status",4.0,0.0,True,118.0,0.0,True,1,A0A072UQA3,2.321928094887362,True,True,2.321928094887362,0.0,False,8.703903573444663,2.0,4.247927513443585,0.7194244604316548,4.316546762589928,False,7.2400467360472245,Unknown,,,,No formal structure-positive context,2.2969989788299077,3.9143444433043335,0.024929116057454515,56.75675675675676,0.44,0.8554497354497356,2.273792957851272,3.83592864611592,0.04813513703609029,58.108108108108105,0.4266666666666667,0.8420833333333334,2.263366125966407,3.8011037950917705,0.05856196892095511,58.108108108108105,0.4266666666666667,0.809113924050633,2.3094572789016223,3.956965709852329,0.012470815985739847,56.75675675675676,0.44,0.8991304347826087,3.8847785,3.2289686,4.6164565,0.033634971642122924,-0.16773214433230335,0.2416222861047846,-1.5318327967264749,0.8685788023278018,0.589,44.0,39.0,45.0,43.0,43.5,6.0,False,R3: background-like residual,"Residual specificity is an exploratory deviation from the empirical Table S3 background expectation, not a probability of specific binding, Cu binding, or client status."
Candidate,MtrunR108HiC_018972.1,MtrunR108HiC_018972,G7JK09,High confidence,"Putative polyadenylate binding protein, human types 1, 2, 3, 4",654,4,27,6,37,3,0.3766666666666666,70.3885881753313,0.6483180428134556,0.5728848114169215,False,False,False,False,True,,False,,,0,,,,,,False,False,False,False,True,False,False,False,False,False,False,False,False,False,False,False,False,False,False,False,True,1,G7JK09,High confidence,4,15,40,15,True,True,-1.6780719051126376,,,,,,,,,,,,Medtr4g085540,MtrunA17_Chr4g0044541,1,MtExpress V3 (20220901); A17 5.1.9 quantification; selected paired root/nodule projects,https://lipm-browsers.toulouse.inra.fr/expression-atlas-data/v3/20220901_MtExpressV3-Dataset.zip,MtrunA17_Chr4g0044541,9.0,372.0215548263239,397.494409100442,0.0682716262558003,6.0,0.0,2.0,0.0404213409863101,2.0,5.0,1.0,6.0,Reliable single A17 locus; scored,MtExpress: 397.49 median nodule TMM; median project log2FC=0.07; 6/9 projects positive,15.0,0.0,9.0,0.0,,30.0,80.0,37.5,0.8,Descriptive prioritization only; not a probability of Cu binding or NCC1 client status,"Table S4-intersection candidate; structural geometry is compatible, not proof of Cu binding/client status",4.0,0.0,True,40.0,0.0,True,1,G7JK09,2.321928094887362,True,True,2.321928094887362,0.0,False,9.353146825498083,2.321928094887362,4.807354922057604,0.6116207951070336,4.128440366972478,False,8.638415673037777,Unknown,,,,No formal structure-positive context,2.308942326832717,3.9551966982661906,0.012985768054645241,56.75675675675676,0.44,0.8554497354497356,2.298832142927961,3.9205928364127374,0.023095951959401173,58.108108108108105,0.4266666666666667,0.8420833333333334,2.258741785230781,3.785739220642557,0.06318630965658123,58.108108108108105,0.4266666666666667,0.809113924050633,2.360932769384227,4.137023841412376,-0.039004674496864844,56.75675675675676,0.44,0.8991304347826087,3.9305277,3.177659,4.807228,0.020186018013582885,-0.21592140290774278,0.25923342611752576,-1.6185452036329822,0.9247971273628679,0.58,45.0,45.0,44.0,46.0,45.0,2.0,False,R3: background-like residual,"Residual specificity is an exploratory deviation from the empirical Table S3 background expectation, not a probability of specific binding, Cu binding, or client status."
Candidate,MtrunR108HiC_029157.1,MtrunR108HiC_029157,A0A072TX38,High confidence,Putative UDP-arabinopyranose mutase,358,9,9,5,23,3,0.9133333333333334,93.77443202979516,0.9497206703910616,0.9422718808193667,False,False,True,True,True,,True,M207-H263,H-M,2,3.712720029835599,0.3797761448935426,95.53,2.1525,7.378717570348605,True,True,True,True,True,True,True,True,True,True,False,True,True,True,False,False,True,False,True,False,True,1,A0A072TX38,High confidence,3,15,37,15,True,True,-2.0,Cytoplasm,NCC1-compartment compatible,OTHER,0.0,0.0,inside:1-358,Exact R108 SignalP/DeepTMHMM: no signal peptide or TM segment,Exact R108 pair lies in same InterProScan domain,No major cross-source conflict detected,PIRSR:PIRSR016429-51:PIRSR016429-51:3-348 | PIRSR:PIRSR016429-50:PIRSR016429-50:3-348 | SUPERFAMILY:IPR029044:Nucleotide-diphossugar_trans:33-243 | PIRSF:IPR004901:RGP:3-344 | PFAM:IPR037595:RGP_fam:8-342 | PANTHER:IPR037595:RGP_fam:3-344,Tier 2: plausible but generic/abundant or lacking extra ligand,Medtr7g015970,MtrunA17_Chr7g0219951,1,MtExpress V3 (20220901); A17 5.1.9 quantification; selected paired root/nodule projects,https://lipm-browsers.toulouse.inra.fr/expression-atlas-data/v3/20220901_MtExpressV3-Dataset.zip,MtrunA17_Chr7g0219951,9.0,139.11207499438098,68.58968351145334,-1.1709899751590491,0.0,0.0,2.0,-0.8480918357037246,0.0,5.0,0.0,5.0,Reliable single A17 locus; scored,MtExpress: 68.59 median nodule TMM; median project log2FC=-1.17; 0/9 projects positive,15.0,0.0,9.0,23.87974351406972,20.0,72.87974351406972,100.0,72.87974351406972,1.0,Descriptive prioritization only; not a probability of Cu binding or NCC1 client status,"Table S4-intersection candidate; structural geometry is compatible, not proof of Cu binding/client status",3.0,0.0,True,37.0,0.0,True,1,A0A072TX38,2.0,True,True,2.0,0.0,False,8.483815777264256,3.321928094887362,3.321928094887362,2.5139664804469275,2.5139664804469275,False,6.120801541047076,Compatible,Canonical/conserved enzyme-fold coincidence,Exclude from direct-client interpretation,Housekeeping enzyme fold coincidence,Canonical/conserved enzyme-fold coincidence,2.1089352928754272,3.3137282449935155,-0.10893529287542725,56.75675675675676,0.44,0.8554497354497356,2.084513120749132,3.241319367785244,-0.08451312074913186,55.4054054054054,0.4533333333333333,0.8420833333333334,2.1920597988274784,3.569574389533769,-0.19205979882747837,50.0,0.5066666666666667,0.809113924050633,2.0210918326415825,3.058908541984227,-0.021091832641582542,56.75675675675676,0.44,0.8991304347826087,3.2911124,2.8331604,3.91612,-0.10135161876678467,-0.29752017855644225,0.06146563887596119,-1.7427099344436643,0.7168676965980922,0.544,47.0,46.0,54.0,45.0,46.5,9.0,False,R3: background-like residual,"Residual specificity is an exploratory deviation from the empirical Table S3 background expectation, not a probability of specific binding, Cu binding, or client status."
Candidate,MtrunR108HiC_030981.1,MtrunR108HiC_030981,G7KSB5,High confidence,Putative pyruvate decarboxylase,603,17,10,16,43,3,0.8966666666666666,92.48793255942508,0.9353233830845772,0.9281370923161968,False,False,False,False,True,,False,,,0,,,,,,False,True,False,False,False,False,False,True,False,False,False,False,False,False,False,False,False,True,False,False,True,1,G7KSB5,High confidence,3,15,50,15,True,True,-2.0,Cytoplasm,NCC1-compartment compatible,OTHER,0.0,0.0,inside:1-603,Transferred/heuristic TM/hydrophobic flag; exact R108 DeepTMHMM negative,Exact R108 pair lies in same InterProScan domain,No major cross-source conflict detected,PIRSF:IPR012110:PDC/IPDC-like:39-597 | CDD:IPR047214:TPP_PDC_IPDC:404-586 | GENE3D:IPR029061:THDP-binding:398-585 | SUPERFAMILY:IPR029035:DHS-like_NAD/FAD-binding_dom:228-381 | FUNFAM:G3DSA:3.40.50.970:FF:000017:pyruvate decarboxylase 1:39-215 | SUPERFAMILY:IPR029061:THDP-binding:404-598 | PFAM:IPR011766:TPP_enzyme_TPP-bd:449-574 | CDD:IPR047213:TPP_PYR_PDC_IPDC-like:45-204 | FUNFAM:G3DSA:3.40.50.1220:FF:000009:Pyruvate decarboxylase 1:229-391 | SUPERFAMILY:IPR029061:THDP-binding:42-219 | PFAM:IPR012000:Thiamin_PyroP_enz_cen_dom:239-354 | PANTHER:IPR012110:PDC/IPDC-like:29-603 | FUNFAM:G3DSA:3.40.50.970:FF:000021:Pyruvate decarboxylase 1:398-585 | PIRSR:PIRSR036565-2:PIRSR036565-2:42-585 | GENE3D:IPR029061:THDP-binding:38-214 | PFAM:IPR012001:Thiamin_PyroP_enz_TPP-bd_dom:42-151 | GENE3D:G3DSA:3.40.50.1220::229-391,Tier 2/3: incomplete or mixed evidence,Medtr7g069540,MtrunA17_Chr7g0242981,1,MtExpress V3 (20220901); A17 5.1.9 quantification; selected paired root/nodule projects,https://lipm-browsers.toulouse.inra.fr/expression-atlas-data/v3/20220901_MtExpressV3-Dataset.zip,MtrunA17_Chr7g0242981,9.0,1.6138616406105,0.7943994060798545,-1.4998177997495286,4.0,1.0,2.0,-2.124933512637365,0.0,0.0,0.0,0.0,Reliable single A17 locus; scored,MtExpress: 0.79 median nodule TMM; median project log2FC=-1.50; 4/9 projects positive,15.0,0.0,9.0,0.0,20.0,44.0,100.0,44.0,1.0,Descriptive prioritization only; not a probability of Cu binding or NCC1 client status,"Table S4-intersection candidate; structural geometry is compatible, not proof of Cu binding/client status",3.0,0.0,True,50.0,0.0,True,1,G7KSB5,2.0,True,True,2.0,0.0,False,9.236014191900084,4.169925001442312,3.4594316186372973,2.8192371475953566,1.658374792703151,False,0.843501048025794,Compatible,,,,No formal structure-positive context,2.0805776906574245,3.229765525572663,-0.08057769065742448,56.75675675675676,0.44,0.8554497354497356,2.0914646845042926,3.2618052976557896,-0.09146468450429257,54.054054054054056,0.4666666666666667,0.8420833333333334,2.059354860618273,3.167998795276908,-0.059354860618273,56.75675675675676,0.44,0.809113924050633,2.0681937772884402,3.193613134342643,-0.06819377728844023,55.4054054054054,0.4533333333333333,0.9008333333333333,3.1900735,2.4748538,4.116898,-0.06697559356689453,-0.3552693009376526,0.203047776222229,-1.641884272751685,0.8708550495472167,0.542,46.0,47.0,47.0,47.0,47.0,1.0,False,R3: background-like residual,"Residual specificity is an exploratory deviation from the empirical Table S3 background expectation, not a probability of specific binding, Cu binding, or client status."
Candidate,MtrunR108HiC_036166.1,MtrunR108HiC_036166,G7LEP9,High confidence,Putative pyruvate dehydrogenase (acetyl-transferring),395,9,13,11,33,3,0.87,89.96604219409284,0.8936708860759494,0.8565400843881856,False,False,True,True,True,,True,M235-H297,H-M,3,4.655748811952809,1.0836821898530231,90.5,1.78,29.44804598765868,True,True,False,True,True,True,True,True,True,True,True,True,True,True,False,False,False,True,True,False,True,1,G7LEP9,High confidence,4,15,137,15,True,True,-1.6780719051126376,Mitochondrion,Compartment-incompatible or indirect,OTHER,0.0,0.0,inside:1-395,Transferred/heuristic TM/hydrophobic flag; exact R108 DeepTMHMM negative,Exact R108 pair lies in same InterProScan domain,No major cross-source conflict detected,CDD:cd02000:TPP_E1_PDC_ADC_BCADC:68-358 | SUPERFAMILY:IPR029061:THDP-binding:59-376 | PIRSR:PIRSR605478-3:PIRSR605478-3:194-372 | PFAM:IPR001017:DH_E1:71-366 | MOBIDB_LITE:mobidb-lite:disorder_prediction:307-318 | MOBIDB_LITE:mobidb-lite:disorder_prediction:298-318 | PIRSR:PIRSR605478-4:PIRSR605478-4:194-372 | PANTHER:IPR050642:PDH_E1_Alpha_Subunit:31-377 | FUNFAM:G3DSA:3.40.50.970:FF:000013:Pyruvate dehydrogenase E1 component subunit alpha:27-388 | COILS:Coil:Coil:337-357 | NCBIFAM:IPR017597:Pyrv_DH_E1_asu_subgrp-y:63-375 | GENE3D:IPR029061:THDP-binding:19-391,Tier 3: compartment-incompatible or indirect,Medtr8g062670,MtrunA17_Chr8g0364201,1,MtExpress V3 (20220901); A17 5.1.9 quantification; selected paired root/nodule projects,https://lipm-browsers.toulouse.inra.fr/expression-atlas-data/v3/20220901_MtExpressV3-Dataset.zip,MtrunA17_Chr8g0364201,9.0,83.7669431215429,113.75295163300794,0.3238046231417062,6.0,0.0,2.0,0.7822072568097043,2.0,5.0,1.0,6.0,Reliable single A17 locus; scored,MtExpress: 113.75 median nodule TMM; median project log2FC=0.32; 6/9 projects positive,15.0,0.0,9.0,28.733333333333334,5.0,63.733333333333334,100.0,63.73333333333333,1.0,Descriptive prioritization only; not a probability of Cu binding or NCC1 client status,"Table S4-intersection candidate; structural geometry is compatible, not proof of Cu binding/client status",4.0,0.0,True,137.0,0.0,True,1,G7LEP9,2.321928094887362,True,True,2.321928094887362,0.0,False,8.625708843064466,3.321928094887362,3.807354922057604,2.278481012658228,3.2911392405063293,False,6.842387452359667,Incompatible,Compartment-incompatible/indirect,Exclude from direct-client interpretation,Compartment-incompatible or indirect,Compartment-incompatible/indirect,2.5233090506068327,4.748992109321043,-0.20138095571947057,52.7027027027027,0.48,0.8554497354497356,2.496481777863477,4.643075992864729,-0.17455368297611473,51.351351351351354,0.49333333333333335,0.8420833333333334,2.1951945230987437,3.5795140710190667,0.12673357178861844,60.810810810810814,0.4,0.809113924050633,2.469877178246835,4.539966215365644,-0.14794908335947277,51.351351351351354,0.49333333333333335,0.9008333333333333,4.5753064,3.2640061,5.835747,-0.15712301824129993,-0.4511708030465978,0.22971842791997016,-1.7796884190888511,0.8540674301056282,0.556,51.0,48.0,40.0,48.0,48.0,11.0,False,R3: background-like residual,"Residual specificity is an exploratory deviation from the empirical Table S3 background expectation, not a probability of specific binding, Cu binding, or client status."
Candidate,MtrunR108HiC_029401.1,MtrunR108HiC_029401,G7KVS0,High confidence,Putative oxoglutarate dehydrogenase (succinyl-transferring),1023,13,21,31,65,3,0.8533333333333334,85.97343434343435,0.8670576735092864,0.8175301401107853,False,False,True,True,True,,True,H743-M789,H-M,3,4.802745360728591,0.321044210991114,93.31,1.955,9.287922330797374,True,True,False,True,True,True,True,True,True,True,False,True,True,True,False,False,False,False,True,False,True,1,G7KVS0,High confidence,4,15,95,15,True,True,-1.6780719051126376,Mitochondrion,Compartment-incompatible or indirect,OTHER,0.0,0.0,inside:1-1023,Exact R108 SignalP/DeepTMHMM: no signal peptide or TM segment,Exact R108 pair lies in same InterProScan domain,No major cross-source conflict detected,"PFAM:IPR031717:ODO-1/KGD_C:873-1014 | SUPERFAMILY:IPR029061:THDP-binding:154-582 | NCBIFAM:NF008907:PRK12270.1:115-1015 | PFAM:IPR032106:2-oxogl_dehyd_N:66-103 | CDD:cd02016:TPP_E1_OGDC_like:251-518 | GENE3D:IPR042179:KGD_C_sf:869-1017 | SMART:IPR005475:Transketolase-like_Pyr-bd:638-851 | FUNFAM:G3DSA:3.40.50.970:FF:000002:2-oxoglutarate dehydrogenase, E1 component:204-574 | FUNFAM:G3DSA:3.40.50.11610:FF:000006:2-oxoglutarate dehydrogenase, mitochondrial:869-1017 | NCBIFAM:NF006914:PRK09404.1:65-1015 | GENE3D:G3DSA:3.40.50.12470::594-866 | FUNFAM:G3DSA:3.40.50.12470:FF:000003:2-oxoglutarate dehydrogenase E1 component:594-866 | PFAM:IPR001017:DH_E1:250-567 | SUPERFAMILY:IPR029061:THDP-binding:621-857 | GENE3D:IPR029061:THDP-binding:204-574 | NCBIFAM:IPR011603:2oxoglutarate_DH_E1:68-1013 | FUNFAM:G3DSA:1.10.287.1150:FF:000002:2-oxoglutarate dehydrogenase E1 component:115-203 | PFAM:IPR005475:Transketolase-like_Pyr-bd:637-850 | PANTHER:IPR011603:2oxoglutarate_DH_E1:65-1014 | PIRSF:IPR011603:2oxoglutarate_DH_E1:65-1015 | GENE3D:G3DSA:1.10.287.1150:TPP helical domain:116-203",Tier 3: compartment-incompatible or indirect,Medtr7g023770,MtrunA17_Chr7g0222951,1,MtExpress V3 (20220901); A17 5.1.9 quantification; selected paired root/nodule projects,https://lipm-browsers.toulouse.inra.fr/expression-atlas-data/v3/20220901_MtExpressV3-Dataset.zip,MtrunA17_Chr7g0222951,9.0,208.030804229053,177.64704504234774,-0.4737420333996507,1.0,0.0,2.0,-0.2375550826784951,0.0,5.0,0.0,5.0,Reliable single A17 locus; scored,MtExpress: 177.65 median nodule TMM; median project log2FC=-0.47; 1/9 projects positive,15.0,0.0,9.0,27.965584466159477,5.0,61.96558446615948,100.0,61.96558446615948,1.0,Descriptive prioritization only; not a probability of Cu binding or NCC1 client status,"Table S4-intersection candidate; structural geometry is compatible, not proof of Cu binding/client status",4.0,0.0,True,95.0,0.0,True,1,G7KVS0,2.321928094887362,True,True,2.321928094887362,0.0,False,9.99859042974533,3.807354922057604,4.459431618637297,1.270772238514174,2.0527859237536656,False,7.480968240624814,Incompatible,Compartment-incompatible/indirect,Exclude from direct-client interpretation,Compartment-incompatible or indirect,Compartment-incompatible/indirect,2.5136202966731354,4.710512769427289,-0.19169220178577318,52.7027027027027,0.48,0.8554497354497356,2.546194739703756,4.840916415444427,-0.2242666448163937,51.351351351351354,0.49333333333333335,0.8420833333333334,2.167442654473254,3.492263814359667,0.15448544041410806,64.86486486486487,0.36,0.809113924050633,2.4916013840523434,4.624018671299179,-0.16967328916498126,51.351351351351354,0.49333333333333335,0.9008333333333333,4.5128474,3.1765575,5.8563547,-0.1408695468667882,-0.4555134722951787,0.2596137871976954,-1.7135737244227034,0.8779743521208995,0.528,49.0,50.0,37.0,49.0,49.0,13.0,False,R3: background-like residual,"Residual specificity is an exploratory deviation from the empirical Table S3 background expectation, not a probability of specific binding, Cu binding, or client status."
Candidate,MtrunR108HiC_020073.1,MtrunR108HiC_020073,G7L9M1,High confidence,Putative transcription factor WD40-like family,1089,22,13,30,65,3,0.7833333333333333,88.71910009182734,0.968166513621059,0.9051117232935414,False,False,True,True,True,,False,,,0,,,,,,False,False,False,False,True,False,False,True,True,False,False,False,False,False,False,False,False,False,False,False,True,1,G7L9M1,High confidence,3,15,59,15,True,True,-2.0,Cytoplasm,NCC1-compartment compatible,OTHER,0.0,0.0,inside:1-1089,Transferred/heuristic TM/hydrophobic flag; exact R108 DeepTMHMM negative,Exact R108 pair lies in same InterProScan domain,No major cross-source conflict detected,PFAM:IPR018846:Beta-prop_RSE1/DDB1/CPSF1_1st:16-344 | COILS:Coil:Coil:1068-1088 | GENE3D:IPR015943:WD40/YVTN_repeat-like_dom_sf:15-347 | FUNFAM:G3DSA:2.130.10.10:FF:000267:DNA damage-binding protein 1a:386-703 | FUNFAM:G3DSA:2.130.10.10:FF:000182:DNA damage-binding protein 1a:15-347 | GENE3D:G3DSA:1.10.150.910::1004-1089 | FUNFAM:G3DSA:1.10.150.910:FF:000003:DNA damage-binding protein 1a:1003-1089 | FUNFAM:G3DSA:2.130.10.10:FF:000070:DNA damage-binding protein 1:733-998 | COILS:Coil:Coil:422-442 | GENE3D:IPR015943:WD40/YVTN_repeat-like_dom_sf:386-703 | PFAM:IPR058543:Beta-prop_RSE1/DDB1/CPSF1_2nd:389-698 | GENE3D:IPR015943:WD40/YVTN_repeat-like_dom_sf:5-998 | SUPERFAMILY:IPR036322:WD40_repeat_dom_sf:465-887 | PFAM:IPR004871:RSE1/DDB1/CPSF1_C:746-1058 | PANTHER:IPR050358:RSE1/DDB1/CFT1:5-1078,Tier 2/3: incomplete or mixed evidence,Medtr8g089380,MtrunA17_Chr8g0381071,1,MtExpress V3 (20220901); A17 5.1.9 quantification; selected paired root/nodule projects,https://lipm-browsers.toulouse.inra.fr/expression-atlas-data/v3/20220901_MtExpressV3-Dataset.zip,MtrunA17_Chr8g0381071,9.0,131.992232838467,113.67965951708852,-0.0281777054886092,4.0,0.0,2.0,-0.1858953738153399,1.0,5.0,0.0,5.0,Reliable single A17 locus; scored,MtExpress: 113.68 median nodule TMM; median project log2FC=-0.03; 4/9 projects positive,15.0,0.0,9.0,0.0,20.0,49.0,100.0,49.0,1.0,Descriptive prioritization only; not a probability of Cu binding or NCC1 client status,"Table S4-intersection candidate; structural geometry is compatible, not proof of Cu binding/client status",3.0,0.0,True,59.0,0.0,True,1,G7L9M1,2.0,True,True,2.0,0.0,False,10.088788238716907,4.523561956057013,3.807354922057604,2.0202020202020203,1.1937557392102847,False,6.841465716123132,Compatible,,,,No formal structure-positive context,2.188701045752327,3.5589482908411227,-0.18870104575232682,52.7027027027027,0.48,0.8554497354497356,2.24245682699113,3.7320221507338935,-0.24245682699113003,48.648648648648646,0.52,0.8420833333333334,2.1306648138796853,3.3791923327050046,-0.13066481387968532,56.75675675675676,0.44,0.809113924050633,2.2921850537344066,3.897973789832159,-0.2921850537344066,41.891891891891895,0.5866666666666667,0.9008333333333333,3.533956,2.9745402,4.2024617,-0.18077027797698975,-0.37919455766677856,0.009212002158164959,-1.7684746143524168,0.672708742835542,0.519,48.0,54.0,48.0,57.0,51.0,9.0,False,R3: background-like residual,"Residual specificity is an exploratory deviation from the empirical Table S3 background expectation, not a probability of specific binding, Cu binding, or client status."
Candidate,MtrunR108HiC_005339.1,MtrunR108HiC_005339,G7IAZ2,High confidence,Putative 2-isopropylmalate synthase,598,8,14,19,41,3,0.67,82.46863433667782,0.8076923076923078,0.7068004459308806,False,False,True,True,True,,False,,,0,,,,,,False,False,False,False,False,False,False,True,False,False,False,False,False,False,False,False,False,False,False,False,True,1,G7IAZ2,High confidence,3,15,56,15,True,True,-2.0,,,,,,,,,,,,Medtr1g116500,MtrunA17_Chr1g0213481,1,MtExpress V3 (20220901); A17 5.1.9 quantification; selected paired root/nodule projects,https://lipm-browsers.toulouse.inra.fr/expression-atlas-data/v3/20220901_MtExpressV3-Dataset.zip,MtrunA17_Chr1g0213481,9.0,50.61502272172305,44.3376554996742,-0.4028721183019197,2.0,0.0,2.0,-0.5392079243544194,0.0,4.0,0.0,4.0,Reliable single A17 locus; scored,MtExpress: 44.34 median nodule TMM; median project log2FC=-0.40; 2/9 projects positive,15.0,0.0,9.0,0.0,,28.0,80.0,35.0,0.8,Descriptive prioritization only; not a probability of Cu binding or NCC1 client status,"Table S4-intersection candidate; structural geometry is compatible, not proof of Cu binding/client status",3.0,0.0,True,56.0,0.0,True,1,G7IAZ2,2.0,True,True,2.0,0.0,False,9.224001674198105,3.169925001442312,3.9068905956085187,1.3377926421404682,2.341137123745819,False,5.502637883265417,Unknown,,,,No formal structure-positive context,2.2155706831598483,3.644652567448027,-0.2155706831598483,48.648648648648646,0.52,0.8554497354497356,2.2373458089111318,3.715287733633642,-0.23734580891113177,48.648648648648646,0.52,0.8420833333333334,2.1792886852788613,3.5293018373511424,-0.17928868527886133,54.054054054054056,0.4666666666666667,0.809113924050633,2.2433040858808693,3.7348019657441442,-0.24330408588086927,47.2972972972973,0.5333333333333333,0.9008333333333333,3.6111674,3.0858355,4.240311,-0.2051318883895874,-0.3896525323390961,-0.030631065368652406,-1.8225915461869817,0.6272705771788737,0.507,52.0,53.0,51.0,51.0,51.5,2.0,False,R3: background-like residual,"Residual specificity is an exploratory deviation from the empirical Table S3 background expectation, not a probability of specific binding, Cu binding, or client status."
Candidate,MtrunR108HiC_015127.1,MtrunR108HiC_015127,A0A072V3N8,High confidence,Putative chaperonin ATPase,532,7,13,10,30,3,0.8099999999999999,87.41058897243107,0.9454887218045112,0.8903508771929824,False,False,True,True,True,,False,,,0,,,,,,False,False,False,False,True,False,False,False,False,False,False,False,False,False,False,False,False,False,False,False,True,1,A0A072V3N8,High confidence,3,15,110,15,True,True,-2.0,Cytoplasm,NCC1-compartment compatible,OTHER,0.0,0.0,inside:1-532,Transferred/heuristic TM/hydrophobic flag; exact R108 DeepTMHMM negative,Exact R108 pair lies in same InterProScan domain,No major cross-source conflict detected,PROSITE_PATTERNS:IPR002194:Chaperonin_TCP-1_CS:90-98 | PROSITE_PATTERNS:IPR002194:Chaperonin_TCP-1_CS:41-53 | PFAM:IPR002423:Cpn60/GroEL/TCP-1:36-530 | MOBIDB_LITE:mobidb-lite:disorder_prediction:1-28 | MOBIDB_LITE:mobidb-lite:disorder_prediction:11-26 | GENE3D:IPR027409:GroEL-like_apical_dom_sf:217-376 | SUPERFAMILY:IPR027409:GroEL-like_apical_dom_sf:212-385 | FUNFAM:G3DSA:3.50.7.10:FF:000010:T-complex protein 1 subunit delta:217-375 | SUPERFAMILY:IPR027410:TCP-1-like_intermed_sf:147-410 | PRINTS:IPR017998:TCP-1:90-109 | PRINTS:IPR017998:TCP-1:414-426 | PRINTS:IPR017998:TCP-1:38-54 | PRINTS:IPR017998:TCP-1:380-402 | PRINTS:IPR017998:TCP-1:60-78 | CDD:IPR012717:Chap_CCT_delta:17-531 | PANTHER:IPR017998:TCP-1:19-529 | NCBIFAM:IPR054827:TCP-1-like:17-530 | NCBIFAM:IPR054827:TCP-1-like:19-530 | NCBIFAM:IPR012717:Chap_CCT_delta:18-531 | GENE3D:IPR027413:GROEL-like_equatorial_sf:33-529 | SUPERFAMILY:IPR027413:GROEL-like_equatorial_sf:18-530 | GENE3D:IPR027410:TCP-1-like_intermed_sf:146-412,Tier 2/3: incomplete or mixed evidence,Medtr3g109925,MtrunA17_Chr3g0139481,1,MtExpress V3 (20220901); A17 5.1.9 quantification; selected paired root/nodule projects,https://lipm-browsers.toulouse.inra.fr/expression-atlas-data/v3/20220901_MtExpressV3-Dataset.zip,MtrunA17_Chr3g0139481,9.0,49.38248509680555,41.1050375351873,-0.1907140433816154,2.0,0.0,2.0,-0.4271469656568802,0.0,4.0,0.0,4.0,Reliable single A17 locus; scored,MtExpress: 41.11 median nodule TMM; median project log2FC=-0.19; 2/9 projects positive,15.0,0.0,9.0,0.0,20.0,48.0,100.0,48.0,1.0,Descriptive prioritization only; not a probability of Cu binding or NCC1 client status,"Table S4-intersection candidate; structural geometry is compatible, not proof of Cu binding/client status",3.0,0.0,True,110.0,0.0,True,1,A0A072V3N8,2.0,True,True,2.0,0.0,False,9.055282435501189,3.0,3.807354922057604,1.3157894736842104,2.443609022556391,False,5.39592094557235,Compatible,,,,No formal structure-positive context,2.2210466642742017,3.662315593676788,-0.22104666427420172,48.648648648648646,0.52,0.8554497354497356,2.237323544591792,3.715214965752115,-0.23732354459179206,48.648648648648646,0.52,0.8420833333333334,2.1883692477301797,3.557899922299516,-0.1883692477301797,52.7027027027027,0.48,0.809113924050633,2.2395730827904354,3.722572951857334,-0.23957308279043543,47.2972972972973,0.5333333333333333,0.9008333333333333,3.6354709,3.104869,4.2428484,-0.21271586418151855,-0.3903507590293884,-0.037336152791976954,-1.8031095873568599,0.6677800221993889,0.507,53.0,52.0,52.0,50.0,52.0,3.0,False,R3: background-like residual,"Residual specificity is an exploratory deviation from the empirical Table S3 background expectation, not a probability of specific binding, Cu binding, or client status."
Candidate,MtrunR108HiC_003701.1,MtrunR108HiC_003701,G7I9F7,High confidence,"Putative importin-alpha, importin-beta-binding domain, armadillo-like helical",533,10,7,10,27,3,0.8066666666666666,84.6578861788618,0.7979987492182614,0.7817385866166354,False,False,True,True,True,,False,,,0,,,,,,False,False,False,False,False,False,False,False,False,False,False,False,False,False,False,False,False,False,False,False,True,1,G7I9F7,High confidence,3,15,67,15,True,True,-2.0,Cytoplasm|Nucleus,NCC1-compartment compatible,OTHER,0.0,0.0,inside:1-533,Exact R108 SignalP/DeepTMHMM: no signal peptide or TM segment,Exact R108 pair lies in same InterProScan domain,No major cross-source conflict detected,SUPERFAMILY:IPR016024:ARM-type_fold:14-501 | SMART:IPR000225:Armadillo:275-315 | SMART:IPR000225:Armadillo:317-358 | SMART:IPR000225:Armadillo:106-147 | SMART:IPR000225:Armadillo:149-189 | SMART:IPR000225:Armadillo:403-443 | SMART:IPR000225:Armadillo:360-400 | SMART:IPR000225:Armadillo:234-273 | SMART:IPR000225:Armadillo:190-232 | PROSITE_PROFILES:IPR002652:Importin-a_IBB:1-60 | FUNFAM:G3DSA:1.25.10.10:FF:000040:Importin subunit alpha:74-497 | GENE3D:IPR011989:ARM-like:74-497 | PFAM:IPR032413:Arm_3:458-504 | PROSITE_PROFILES:IPR000225:Armadillo:244-286 | PANTHER:PTHR23316:IMPORTIN ALPHA:13-502 | PROSITE_PROFILES:IPR000225:Armadillo:117-160 | PFAM:IPR000225:Armadillo:318-358 | PFAM:IPR000225:Armadillo:276-314 | PFAM:IPR000225:Armadillo:360-399 | PFAM:IPR000225:Armadillo:245-273 | PFAM:IPR000225:Armadillo:403-442 | PFAM:IPR000225:Armadillo:108-147 | PFAM:IPR000225:Armadillo:149-188 | PFAM:IPR000225:Armadillo:191-232 | GENE3D:IPR036975:Importin-a_IBB_sf:13-52 | PROSITE_PROFILES:IPR000225:Armadillo:160-202 | PIRSF:IPR024931:Importin_alpha:8-531 | PFAM:IPR002652:Importin-a_IBB:14-96 | FUNFAM:G3DSA:1.20.5.690:FF:000002:Importin subunit alpha:13-52,Tier 2/3: incomplete or mixed evidence,Medtr1g083810,MtrunA17_Chr1g0192541,1,MtExpress V3 (20220901); A17 5.1.9 quantification; selected paired root/nodule projects,https://lipm-browsers.toulouse.inra.fr/expression-atlas-data/v3/20220901_MtExpressV3-Dataset.zip,MtrunA17_Chr1g0192541,9.0,106.3760745390968,66.60356967649079,-0.1841644743170913,3.0,0.0,2.0,-0.2130915935812303,0.0,5.0,0.0,5.0,Reliable single A17 locus; scored,MtExpress: 66.60 median nodule TMM; median project log2FC=-0.18; 3/9 projects positive,15.0,0.0,9.0,0.0,20.0,49.0,100.0,49.0,1.0,Descriptive prioritization only; not a probability of Cu binding or NCC1 client status,"Table S4-intersection candidate; structural geometry is compatible, not proof of Cu binding/client status",3.0,0.0,True,67.0,0.0,True,1,G7I9F7,2.0,True,True,2.0,0.0,False,9.057991722759176,3.4594316186372973,3.0,1.876172607879925,1.3133208255159476,False,6.0790275221433685,Compatible,,,,No formal structure-positive context,2.2227379946111765,3.667784621879907,-0.2227379946111765,47.2972972972973,0.5333333333333333,0.8554497354497356,2.2492656893505196,3.754407920044061,-0.24926568935051963,48.648648648648646,0.52,0.8420833333333334,2.1891580328409357,3.5603926089037934,-0.18915803284093569,52.7027027027027,0.48,0.809113924050633,2.2652397486448583,3.807343021268929,-0.26523974864485833,47.2972972972973,0.5333333333333333,0.9008333333333333,3.6471834,3.184328,4.187901,-0.21635651588439941,-0.37515085339546206,-0.06499589681625367,-1.8151757562956583,0.6178330291682353,0.488,54.0,55.0,53.0,55.0,54.5,2.0,False,R3: background-like residual,"Residual specificity is an exploratory deviation from the empirical Table S3 background expectation, not a probability of specific binding, Cu binding, or client status."
Candidate,MtrunR108HiC_020618.1,MtrunR108HiC_020618,A0A072TUR1,High confidence,"Putative phosphogluconate dehydrogenase (NADP(+)-dependent, decarboxylating)",495,6,11,6,23,3,0.92,94.62896296296296,0.9595959595959596,0.9508417508417508,False,False,False,False,True,,False,,,0,,,,,,False,False,False,False,False,False,False,True,False,False,False,False,False,False,False,False,False,False,False,False,True,1,A0A072TUR1,High confidence,3,15,53,15,True,True,-2.0,Cytoplasm|Plastid|Peroxisome,Mixed/needs review,OTHER,0.0,0.0,inside:1-495,Exact R108 SignalP/DeepTMHMM: no signal peptide or TM segment,Exact R108 pair lies in same InterProScan domain,No major cross-source conflict detected,"FUNFAM:G3DSA:3.40.50.720:FF:000007:6-phosphogluconate dehydrogenase, decarboxylating:5-185 | NCBIFAM:IPR006113:6PGDH_Gnd/GntZ:9-481 | PIRSR:PIRSR000109-2:PIRSR000109-2:5-474 | PFAM:IPR006115:6PGDH_NADP-bd:8-179 | SUPERFAMILY:IPR008927:6-PGluconate_DH-like_C_sf:182-482 | GENE3D:IPR013328:6PGD_dom2:186-448 | PIRSR:PIRSR000103-1:PIRSR000103-1:8-226 | PIRSF:IPR006113:6PGDH_Gnd/GntZ:5-482 | PFAM:IPR006114:6PGDH_C:184-480 | PRINTS:IPR006183:Pgluconate_DH:173-201 | PRINTS:IPR006183:Pgluconate_DH:370-392 | PRINTS:IPR006183:Pgluconate_DH:72-101 | PRINTS:IPR006183:Pgluconate_DH:7-30 | PRINTS:IPR006183:Pgluconate_DH:125-150 | PRINTS:IPR006183:Pgluconate_DH:255-282 | FUNFAM:G3DSA:1.20.5.320:FF:000001:6-phosphogluconate dehydrogenase, decarboxylating:449-482 | FUNFAM:G3DSA:1.10.1040.10:FF:000002:6-phosphogluconate dehydrogenase, decarboxylating:186-448 | GENE3D:G3DSA:3.40.50.720::5-185 | SMART:IPR006114:6PGDH_C:184-481 | PIRSR:PIRSR000109-1:PIRSR000109-1:5-474 | PANTHER:IPR006183:Pgluconate_DH:4-485 | PIRSR:PIRSR000109-3:PIRSR000109-3:5-474 | SUPERFAMILY:IPR036291:NAD(P)-bd_dom_sf:8-181 | NCBIFAM:NF006765:PRK09287.1:7-485 | GENE3D:G3DSA:1.20.5.320::449-482",Tier 2/3: incomplete or mixed evidence,Medtr8g099185,MtrunA17_Chr8g0387771,1,MtExpress V3 (20220901); A17 5.1.9 quantification; selected paired root/nodule projects,https://lipm-browsers.toulouse.inra.fr/expression-atlas-data/v3/20220901_MtExpressV3-Dataset.zip,MtrunA17_Chr8g0387771,9.0,68.2499258635998,57.1729757399965,0.1374005107916698,5.0,0.0,2.0,0.4594658286956647,2.0,5.0,1.0,6.0,Reliable single A17 locus; scored,MtExpress: 57.17 median nodule TMM; median project log2FC=0.14; 5/9 projects positive,15.0,0.0,9.0,0.0,12.5,42.5,100.0,42.5,1.0,Descriptive prioritization only; not a probability of Cu binding or NCC1 client status,"Table S4-intersection candidate; structural geometry is compatible, not proof of Cu binding/client status",3.0,0.0,True,53.0,0.0,True,1,A0A072TUR1,2.0,True,True,2.0,0.0,False,8.951284714966972,2.807354922057604,3.584962500721156,1.2121212121212122,2.2222222222222223,False,5.862277199560896,Mixed,,,,No formal structure-positive context,2.240596011091356,3.725922631746272,-0.24059601109135587,45.945945945945944,0.5466666666666666,0.8554497354497356,2.257164634208516,3.7805103197620085,-0.2571646342085159,47.2972972972973,0.5333333333333333,0.8420833333333334,2.2099358146363692,3.626546896415796,-0.20993581463636923,48.648648648648646,0.52,0.809113924050633,2.257270989541669,3.7808627514919007,-0.25727098954166916,47.2972972972973,0.5333333333333333,0.9008333333333333,3.7025871,3.1812558,4.2834225,-0.23345482349395752,-0.4014726936817169,-0.06393630504608155,-1.8223396883045173,0.6058608617809456,0.48,55.0,56.0,55.0,52.0,55.0,4.0,False,R3: background-like residual,"Residual specificity is an exploratory deviation from the empirical Table S3 background expectation, not a probability of specific binding, Cu binding, or client status."
Candidate,MtrunR108HiC_009408.1,MtrunR108HiC_009408,A0A072VBW0,Exact unique,Putative 14-3-3 protein,261,2,7,3,12,3,0.8433333333333333,90.96081736909322,0.9080459770114944,0.896551724137931,False,False,True,True,True,,False,,,0,,,,,,False,False,False,False,False,False,False,False,False,False,False,False,False,False,False,False,False,False,False,False,True,1,A0A072VBW0,Exact unique,5,1,149,31,True,True,1.584962500721156,,,,,,,,,,,,Medtr2g091225,MtrunA17_Chr2g0325591,1,MtExpress V3 (20220901); A17 5.1.9 quantification; selected paired root/nodule projects,https://lipm-browsers.toulouse.inra.fr/expression-atlas-data/v3/20220901_MtExpressV3-Dataset.zip,MtrunA17_Chr2g0325591,9.0,202.755822011966,149.56319757851952,-0.5053225474968102,0.0,0.0,2.0,-0.3763454058900248,0.0,5.0,0.0,5.0,Reliable single A17 locus; scored,MtExpress: 149.56 median nodule TMM; median project log2FC=-0.51; 0/9 projects positive,15.0,10.0,10.0,0.0,,40.0,80.0,50.0,0.8,Descriptive prioritization only; not a probability of Cu binding or NCC1 client status,"Table S4-intersection candidate; structural geometry is compatible, not proof of Cu binding/client status",5.0,1.0,False,149.0,31.0,False,1,A0A072VBW0,1.584962500721156,False,True,2.584962500721156,1.0,True,8.027905996569885,1.584962500721156,3.0,0.7662835249042145,2.681992337164751,False,7.2342253624442945,Unknown,,,,No formal structure-positive context,2.7802962481536415,5.8699340434721154,-0.19533374743248544,52.7027027027027,0.48,0.8554497354497356,2.766028351614148,5.802326957450656,-0.18106585089299188,51.351351351351354,0.49333333333333335,0.8420833333333334,2.8181417064649565,6.052533953359605,-0.23317920574380047,45.945945945945944,0.5466666666666666,0.809113924050633,2.9364367800031204,6.655182542097244,-0.3514742792819643,39.189189189189186,0.6133333333333333,0.9008333333333333,5.759723,4.1770496,7.5041056,-0.17200182518369012,-0.5031968935430651,0.21283235707873052,-1.8290197807787865,0.7760696964046769,0.481,50.0,49.0,61.0,64.0,55.5,15.0,False,R3: background-like residual,"Residual specificity is an exploratory deviation from the empirical Table S3 background expectation, not a probability of specific binding, Cu binding, or client status."
Candidate,MtrunR108HiC_013023.1,MtrunR108HiC_013023,B7FKJ0,High confidence,"Putative translation initiation factor 2, alpha subunit, nucleic acid-binding,, IF2a, S1",340,5,14,7,26,3,0.5733333333333334,76.97106862745098,0.7833333333333333,0.6009803921568627,False,False,False,False,True,,False,,,0,,,,,,False,True,False,False,True,False,False,True,False,False,False,False,False,False,False,False,False,True,False,False,True,1,B7FKJ0,High confidence,3,15,71,15,True,True,-2.0,,,,,,,,,,,,Medtr3g071550,MtrunA17_Chr3g0114001,1,MtExpress V3 (20220901); A17 5.1.9 quantification; selected paired root/nodule projects,https://lipm-browsers.toulouse.inra.fr/expression-atlas-data/v3/20220901_MtExpressV3-Dataset.zip,MtrunA17_Chr3g0114001,9.0,72.4627618119751,79.28000491027424,0.1505769712058597,5.0,0.0,2.0,-0.1071299941459544,1.0,5.0,1.0,6.0,Reliable single A17 locus; scored,MtExpress: 79.28 median nodule TMM; median project log2FC=0.15; 5/9 projects positive,15.0,0.0,9.0,0.0,,30.0,80.0,37.5,0.8,Descriptive prioritization only; not a probability of Cu binding or NCC1 client status,"Table S4-intersection candidate; structural geometry is compatible, not proof of Cu binding/client status",3.0,0.0,True,71.0,0.0,True,1,B7FKJ0,2.0,True,True,2.0,0.0,False,8.409390936137703,2.584962500721156,3.9068905956085187,1.4705882352941175,4.117647058823529,False,6.326968799829398,Unknown,,,,No formal structure-positive context,2.2554416320411286,3.7748043924746346,-0.2554416320411286,44.5945945945946,0.56,0.8554497354497356,2.2335464688404083,3.7028863513250476,-0.2335464688404083,50.0,0.5066666666666667,0.8420833333333334,2.224082766874462,3.672137609549747,-0.22408276687446183,47.2972972972973,0.5333333333333333,0.809113924050633,2.2756315504202793,3.8420955561240238,-0.2756315504202793,45.945945945945944,0.5466666666666666,0.9008333333333333,3.7499485,3.2106538,4.346977,-0.24791181087493896,-0.41872366666793825,-0.07404413223266602,-1.87827852198531,0.5970519062348064,0.466,56.0,51.0,59.0,56.0,56.0,8.0,False,R3: background-like residual,"Residual specificity is an exploratory deviation from the empirical Table S3 background expectation, not a probability of specific binding, Cu binding, or client status."
Candidate,MtrunR108HiC_014450.1,MtrunR108HiC_014450,G7J2R6,High confidence,Putative micrococcal nuclease,992,7,19,8,34,3,0.5166666666666667,81.58825940860216,0.8225806451612904,0.7637768817204301,False,False,True,True,True,,False,,,0,,,,,,False,False,False,False,False,False,False,True,False,False,False,False,False,False,False,False,False,False,False,False,True,1,G7J2R6,High confidence,3,15,63,15,True,True,-2.0,,,,,,,,,,,,Medtr3g098420,MtrunA17_Chr3g0131421,1,MtExpress V3 (20220901); A17 5.1.9 quantification; selected paired root/nodule projects,https://lipm-browsers.toulouse.inra.fr/expression-atlas-data/v3/20220901_MtExpressV3-Dataset.zip,MtrunA17_Chr3g0131421,9.0,260.05887844441247,178.881299650401,-0.6375884783534254,1.0,0.0,2.0,-0.6625712084780857,0.0,5.0,0.0,5.0,Reliable single A17 locus; scored,MtExpress: 178.88 median nodule TMM; median project log2FC=-0.64; 1/9 projects positive,15.0,0.0,9.0,0.0,,29.0,80.0,36.25,0.8,Descriptive prioritization only; not a probability of Cu binding or NCC1 client status,"Table S4-intersection candidate; structural geometry is compatible, not proof of Cu binding/client status",3.0,0.0,True,63.0,0.0,True,1,G7J2R6,2.0,True,True,2.0,0.0,False,9.954196310386875,3.0,4.321928094887363,0.7056451612903225,1.9153225806451613,False,7.490901402467867,Unknown,,,,No formal structure-positive context,2.262155100789237,3.7970753498599077,-0.2621551007892369,44.5945945945946,0.56,0.8554497354497356,2.2984254696497204,3.91920599334909,-0.2984254696497204,43.24324324324324,0.5733333333333334,0.8420833333333334,2.21241480994311,3.634503565819891,-0.2124148099431098,48.648648648648646,0.52,0.809113924050633,2.316813755517105,3.982306430717249,-0.3168137555171051,41.891891891891895,0.5866666666666667,0.9008333333333333,3.7820268,3.1390147,4.5077276,-0.25762224197387695,-0.4614573359489441,-0.04928722381591801,-1.867936089118458,0.6307134969048733,0.476,57.0,62.0,57.0,60.0,58.5,5.0,False,R3: background-like residual,"Residual specificity is an exploratory deviation from the empirical Table S3 background expectation, not a probability of specific binding, Cu binding, or client status."
Candidate,MtrunR108HiC_015972.1,MtrunR108HiC_015972,A0A072UG88,Exact unique,"Putative aminotransferase, class-I, pyridoxal-phosphate-binding, aminotransferase, class I/classII",396,6,12,7,25,3,0.9333333333333336,95.25897306397307,0.9915824915824916,0.9789562289562288,False,False,True,True,True,,False,,,0,,,,,,False,False,False,False,False,False,False,False,False,False,False,False,False,False,False,False,False,False,False,False,True,1,A0A072UG88,Exact unique,3,15,37,15,True,True,-2.0,,,,,,,,,,,,Medtr4g011820,MtrunA17_Chr4g0004131,1,MtExpress V3 (20220901); A17 5.1.9 quantification; selected paired root/nodule projects,https://lipm-browsers.toulouse.inra.fr/expression-atlas-data/v3/20220901_MtExpressV3-Dataset.zip,MtrunA17_Chr4g0004131,9.0,62.580191285106,131.242551873744,0.96564849520922,9.0,3.0,2.0,0.94186386540822,2.0,5.0,2.0,7.0,Reliable single A17 locus; scored,MtExpress: 131.24 median nodule TMM; median project log2FC=0.97; 9/9 projects positive,15.0,0.0,10.0,0.0,,32.0,80.0,40.0,0.8,Descriptive prioritization only; not a probability of Cu binding or NCC1 client status,"Table S4-intersection candidate; structural geometry is compatible, not proof of Cu binding/client status",3.0,0.0,True,37.0,0.0,True,1,A0A072UG88,2.0,True,True,2.0,0.0,False,8.62935662007961,2.807354922057604,3.700439718141092,1.5151515151515151,3.0303030303030303,False,7.047042659354807,Unknown,,,,No formal structure-positive context,2.2632511864694322,3.800721306445401,-0.26325118646943224,44.5945945945946,0.56,0.8554497354497356,2.261999924386277,3.796559403769865,-0.26199992438627717,45.945945945945944,0.5466666666666666,0.8420833333333334,2.227356426369084,3.682751324497019,-0.22735642636908393,45.945945945945944,0.5466666666666666,0.809113924050633,2.3023276428243395,3.9325293752670687,-0.30232764282433955,41.891891891891895,0.5866666666666667,0.9008333333333333,3.7796535,3.2367606,4.3533196,-0.2569061517715454,-0.42043374180793763,-0.08296162486076361,-1.8523840711323605,0.5822230344582877,0.47,58.0,57.0,60.0,59.0,58.5,3.0,False,R3: background-like residual,"Residual specificity is an exploratory deviation from the empirical Table S3 background expectation, not a probability of specific binding, Cu binding, or client status."
Candidate,MtrunR108HiC_020033.1,MtrunR108HiC_020033,G7L8T3,Exact unique,"Putative GDP dissociation inhibitor, FAD/NAD(P)-binding domain superfamily",444,8,13,10,31,3,0.9066666666666668,93.7042192192192,0.9782282282282284,0.9677177177177176,False,False,True,True,True,,False,,,0,,,,,,False,False,False,False,False,False,False,True,False,False,False,False,False,False,False,False,False,False,False,False,True,1,G7L8T3,Exact unique,3,15,40,15,True,True,-2.0,Cytoplasm,NCC1-compartment compatible,OTHER,0.0,0.0,inside:1-444,Transferred/heuristic signal-peptide flag; exact R108 SignalP/DeepTMHMM negative,Exact R108 pair lies in same InterProScan domain,No major cross-source conflict detected,"GENE3D:IPR036188:FAD/NAD-bd_sf:2-429 | FUNFAM:G3DSA:3.30.519.10:FF:000015:Guanosine nucleotide diphosphate dissociation inhibitor:297-387 | PRINTS:IPR018203:GDP_dissociation_inhibitor:6-24 | PRINTS:IPR018203:GDP_dissociation_inhibitor:24-41 | PRINTS:IPR018203:GDP_dissociation_inhibitor:69-86 | PRINTS:IPR018203:GDP_dissociation_inhibitor:86-102 | PRINTS:IPR018203:GDP_dissociation_inhibitor:135-150 | PRINTS:IPR018203:GDP_dissociation_inhibitor:212-229 | PRINTS:IPR018203:GDP_dissociation_inhibitor:230-251 | SUPERFAMILY:IPR036188:FAD/NAD-bd_sf:390-433 | GENE3D:G3DSA:1.10.405.10:Guanine Nucleotide Dissociation Inhibitor, domain 1:118-223 | FUNFAM:G3DSA:1.10.405.10:FF:000002:Guanosine nucleotide diphosphate dissociation inhibitor:118-223 | PFAM:IPR018203:GDP_dissociation_inhibitor:1-433 | GENE3D:G3DSA:3.30.519.10:Guanine Nucleotide Dissociation Inhibitor, domain 2:57-387 | PANTHER:IPR018203:GDP_dissociation_inhibitor:1-436 | SUPERFAMILY:IPR036188:FAD/NAD-bd_sf:1-287 | PRINTS:IPR000806:RabGDI:16-28 | PRINTS:IPR000806:RabGDI:75-88 | PRINTS:IPR000806:RabGDI:125-140 | PRINTS:IPR000806:RabGDI:182-196 | PRINTS:IPR000806:RabGDI:280-294 | PRINTS:IPR000806:RabGDI:323-339 | PRINTS:IPR000806:RabGDI:348-366 | PRINTS:IPR000806:RabGDI:381-400 | PRINTS:IPR000806:RabGDI:402-422 | SUPERFAMILY:SSF54373:FAD-linked reductases, C-terminal domain:292-389 | FUNFAM:G3DSA:3.50.50.60:FF:000587:Guanosine nucleotide diphosphate dissociation inhibitor:224-296",Tier 2/3: incomplete or mixed evidence,Medtr8g088620,MtrunA17_Chr8g0380591,1,MtExpress V3 (20220901); A17 5.1.9 quantification; selected paired root/nodule projects,https://lipm-browsers.toulouse.inra.fr/expression-atlas-data/v3/20220901_MtExpressV3-Dataset.zip,MtrunA17_Chr8g0380591,9.0,272.378924357884,234.2272515748847,-0.3395729885192811,1.0,0.0,2.0,-0.2970261050957208,0.0,5.0,0.0,5.0,Reliable single A17 locus; scored,MtExpress: 234.23 median nodule TMM; median project log2FC=-0.34; 1/9 projects positive,15.0,0.0,10.0,0.0,20.0,50.0,100.0,50.0,1.0,Descriptive prioritization only; not a probability of Cu binding or NCC1 client status,"Table S4-intersection candidate; structural geometry is compatible, not proof of Cu binding/client status",3.0,0.0,True,40.0,0.0,True,1,G7L8T3,2.0,True,True,2.0,0.0,False,8.794415866350105,3.169925001442312,3.807354922057604,1.8018018018018018,2.9279279279279278,False,7.877911398904999,Compatible,,,,No formal structure-positive context,2.264471175322864,3.804782666174151,-0.2644711753228641,44.5945945945946,0.56,0.8554497354497356,2.2668727296773032,3.8127875152795667,-0.26687272967730324,45.945945945945944,0.5466666666666666,0.8420833333333334,2.2197092815254282,3.6579956153798188,-0.21970928152542823,47.2972972972973,0.5333333333333333,0.809113924050633,2.333278340135183,4.039492098642156,-0.3332783401351831,41.891891891891895,0.5866666666666667,0.9008333333333333,3.782754,3.2231326,4.41321,-0.2578415870666504,-0.43648425340652464,-0.07831353545188906,-1.8841777227806915,0.5692923681994513,0.469,59.0,58.0,58.0,61.0,58.5,3.0,False,R3: background-like residual,"Residual specificity is an exploratory deviation from the empirical Table S3 background expectation, not a probability of specific binding, Cu binding, or client status."
Candidate,MtrunR108HiC_031716.1,MtrunR108HiC_031716,G7KYC6,High confidence,Putative 50S ribosomal protein L30e,435,3,10,6,19,3,0.5800000000000001,80.10349425287357,0.842911877394636,0.6582375478927203,False,False,True,True,True,,True,H197-M241,H-M,3,3.7221908870986193,0.0624886402575333,78.62,4.505,6.285868750904525,True,True,True,True,True,True,False,True,True,True,False,True,True,True,False,False,False,False,True,False,True,1,G7KYC6,High confidence,3,15,37,15,True,True,-2.0,Cytoplasm,NCC1-compartment compatible,OTHER,0.0,0.0,inside:1-435,Exact R108 SignalP/DeepTMHMM: no signal peptide or TM segment,Exact R108 pair lies in same InterProScan domain,No major cross-source conflict detected,"Gene3D:IPR024049:eRF1, domain 1:1-134 | SMART:IPR005140:eRF1/Pelota-like, N-terminal domain:3-139 | FunFam:G3DSA:3.30.1330.30:FF:000006:Peptide chain release factor subunit 1:278-435 | Gene3D:IPR029064:Ribosomal protein eL30-like superfamily:278-435 | Pfam:IPR005140:eRF1/Pelota-like, N-terminal domain:11-139 | SUPERFAMILY:IPR029064:Ribosomal protein eL30-like superfamily:277-419 | Pfam:IPR005142:eRF1 domain 3:280-417 | SUPERFAMILY:IPR024049:eRF1, domain 1:6-139 | PANTHER:IPR004403:Peptide chain release factor eRF1/aRF1:4-428 | FunFam:G3DSA:3.30.420.60:FF:000001:Eukaryotic peptide chain release factor subunit 1:135-276 | Pfam:IPR005141:eRF1 domain 2:143-276 | SUPERFAMILY:SSF53137:Translational machinery components:141-275 | NCBIfam:IPR004403:Peptide chain release factor eRF1/aRF1:11-416 | Gene3D:IPR042226:eRF1, domain 2 superfamily:135-276 | FunFam:G3DSA:3.30.960.10:FF:000001:Eukaryotic peptide chain release factor subunit 1:1-134",Tier 2: plausible but generic/abundant or lacking extra ligand,Medtr7g084860,MtrunA17_Chr7g0252701,1,MtExpress V3 (20220901); A17 5.1.9 quantification; selected paired root/nodule projects,https://lipm-browsers.toulouse.inra.fr/expression-atlas-data/v3/20220901_MtExpressV3-Dataset.zip,MtrunA17_Chr7g0252701,9.0,74.4196869336395,63.60525584342065,-0.0578846897930898,4.0,0.0,2.0,-0.0153258550142001,1.0,5.0,0.0,5.0,Reliable single A17 locus; scored,MtExpress: 63.61 median nodule TMM; median project log2FC=-0.06; 4/9 projects positive,15.0,0.0,9.0,25.40650708351424,20.0,74.40650708351424,100.0,74.40650708351424,1.0,Descriptive prioritization only; not a probability of Cu binding or NCC1 client status,"Table S4-intersection candidate; structural geometry is compatible, not proof of Cu binding/client status",3.0,0.0,True,37.0,0.0,True,1,G7KYC6,2.0,True,True,2.0,0.0,False,8.76487159073609,2.0,3.4594316186372973,0.6896551724137931,2.2988505747126435,False,6.013579632419516,Compatible,Annotation conflict/QC,Exclude from direct-client interpretation,Annotation-conflicted translation factor fold,Annotation conflict/QC,2.2787508976404984,3.8525763005185585,-0.27875089764049843,43.24324324324324,0.5733333333333334,0.8554497354497356,2.2833311353686376,3.868006638205162,-0.28333113536863763,44.5945945945946,0.56,0.8420833333333334,2.2571174178797655,3.7803538664251226,-0.2571174178797655,44.5945945945946,0.56,0.809113924050633,2.2632656606151995,3.800769470947654,-0.2632656606151995,47.2972972972973,0.5333333333333333,0.9008333333333333,3.8253121,3.2239857,4.500293,-0.27062225341796875,-0.4595083177089691,-0.0786049783229829,-1.8790254237738817,0.6060233178387703,0.474,61.0,59.0,62.0,54.0,60.0,8.0,False,R3: background-like residual,"Residual specificity is an exploratory deviation from the empirical Table S3 background expectation, not a probability of specific binding, Cu binding, or client status."
Candidate,MtrunR108HiC_021033.1,MtrunR108HiC_021033,G7LE61,Exact unique,Putative transcription factor interactor and regulator CCHC(Zn) family,292,3,5,2,10,3,0.3466666666666667,70.32800228310502,0.5605022831050229,0.3926940639269407,True,True,True,True,True,,False,,,0,,,,,,False,False,False,False,False,False,False,True,False,False,False,False,False,False,False,False,False,False,False,False,True,1,G7LE61,Exact unique,3,15,67,15,True,True,-2.0,Cytoplasm|Nucleus,NCC1-compartment compatible,OTHER,0.0,0.0,inside:1-292,Exact R108 SignalP/DeepTMHMM: no signal peptide or TM segment,Exact R108 pair lies in same InterProScan domain,No major cross-source conflict detected,GENE3D:IPR012677:Nucleotide-bd_a/b_plait_sf:175-292 | PIRSF:IPR017334:eIF3_g:8-291 | HAMAP:IPR017334:eIF3_g:11-291 | MOBIDB_LITE:mobidb-lite:disorder_prediction:203-212 | SMART:IPR000504:RRM_dom:212-285 | CDD:IPR034240:eIF3G_RRM:212-287 | SUPERFAMILY:IPR035979:RBD_domain_sf:200-291 | FUNFAM:G3DSA:3.30.70.330:FF:000342:Eukaryotic translation initiation factor 3 subunit G:175-292 | PFAM:IPR000504:RRM_dom:213-279 | MOBIDB_LITE:mobidb-lite:disorder_prediction:174-186 | PROSITE_PROFILES:IPR000504:RRM_dom:211-289 | PFAM:IPR024675:eIF3g_N:33-158 | MOBIDB_LITE:mobidb-lite:disorder_prediction:172-212 | PANTHER:PTHR10352:EUKARYOTIC TRANSLATION INITIATION FACTOR 3 SUBUNIT G:21-288,Tier 1: focused mechanistic review,Medtr8g107310,MtrunA17_Chr8g0393061,1,MtExpress V3 (20220901); A17 5.1.9 quantification; selected paired root/nodule projects,https://lipm-browsers.toulouse.inra.fr/expression-atlas-data/v3/20220901_MtExpressV3-Dataset.zip,MtrunA17_Chr8g0393061,9.0,54.58468773025215,56.9704229832735,-0.0469708662121801,4.0,0.0,2.0,-0.193812989416465,0.0,5.0,0.0,5.0,Reliable single A17 locus; scored,MtExpress: 56.97 median nodule TMM; median project log2FC=-0.05; 4/9 projects positive,15.0,0.0,10.0,0.0,20.0,50.0,100.0,50.0,1.0,Descriptive prioritization only; not a probability of Cu binding or NCC1 client status,"Table S4-intersection candidate; structural geometry is compatible, not proof of Cu binding/client status",3.0,0.0,True,67.0,0.0,True,1,G7LE61,2.0,True,True,2.0,0.0,False,8.189824558880018,2.0,2.584962500721156,1.0273972602739725,1.7123287671232876,False,5.857245107214377,Compatible,,,,No formal structure-positive context,2.281755280584267,3.8626922209536803,-0.2817552805842669,43.24324324324324,0.5733333333333334,0.8554497354497356,2.287643328678595,3.882578802387399,-0.2876433286785951,44.5945945945946,0.56,0.8420833333333334,2.270213509775308,3.8239451714269137,-0.2702135097753078,43.24324324324324,0.5733333333333334,0.809113924050633,2.2583429587831456,3.784416407768002,-0.2583429587831456,47.2972972972973,0.5333333333333333,0.9008333333333333,3.83815,3.2597318,4.551103,-0.27445554733276367,-0.4727744162082672,-0.09076271057128907,-1.9067742535412948,0.5803311481762085,0.468,62.0,60.0,64.0,53.0,61.0,11.0,False,R3: background-like residual,"Residual specificity is an exploratory deviation from the empirical Table S3 background expectation, not a probability of specific binding, Cu binding, or client status."
Candidate,MtrunR108HiC_034461.1,MtrunR108HiC_034461,G7LIX7,High confidence,Putative linoleate 9S-lipoxygenase,868,5,12,23,40,3,0.9,87.48743855606757,0.8571428571428572,0.82642089093702,False,False,True,True,True,,False,,,0,,,,,,False,False,False,False,False,False,False,False,False,False,False,False,False,False,False,False,False,False,False,False,True,1,G7LIX7,High confidence,4,1,45,29,True,True,1.3219280948873624,,,,,,,,,,,,Medtr8g018520,MtrunA17_Chr8g0342931,1,MtExpress V3 (20220901); A17 5.1.9 quantification; selected paired root/nodule projects,https://lipm-browsers.toulouse.inra.fr/expression-atlas-data/v3/20220901_MtExpressV3-Dataset.zip,MtrunA17_Chr8g0342931,9.0,0.0815438856139258,0.1293887738732595,4.440892098500626e-15,5.0,1.0,2.0,-0.6930650739214741,1.0,0.0,1.0,1.0,Reliable single A17 locus; scored,MtExpress: 0.13 median nodule TMM; median project log2FC=0.00; 5/9 projects positive,15.0,8.854763806937168,9.0,0.0,,33.85476380693717,80.0,42.318454758671464,0.8,Descriptive prioritization only; not a probability of Cu binding or NCC1 client status,"Table S4-intersection candidate; structural geometry is compatible, not proof of Cu binding/client status",4.0,1.0,False,45.0,29.0,False,1,G7LIX7,1.3219280948873624,False,True,2.321928094887362,1.0,True,9.761551232444479,2.584962500721156,3.700439718141092,0.5760368663594471,1.3824884792626728,False,0.1755421961114309,Unknown,,,,No formal structure-positive context,2.589977468463554,5.020892956584893,-0.26804937357619174,44.5945945945946,0.56,0.8554497354497356,2.614549834440469,5.124320712359369,-0.2926217395531068,44.5945945945946,0.56,0.8420833333333334,2.6380944243792617,5.225088831126252,-0.3161663294918995,41.891891891891895,0.5866666666666667,0.809113924050633,2.668300249681808,5.356798022248192,-0.34637215479444583,39.189189189189186,0.6133333333333333,0.9008333333333333,4.8688736,3.3810244,6.9018993,-0.2311555633310216,-0.6602711686853306,0.1906599512334925,-1.905154847619129,0.7668701915681733,0.442,60.0,61.0,66.0,63.0,62.0,6.0,False,R3: background-like residual,"Residual specificity is an exploratory deviation from the empirical Table S3 background expectation, not a probability of specific binding, Cu binding, or client status."
Candidate,MtrunR108HiC_009498.1,MtrunR108HiC_009498,G7IRR6,High confidence,Putative protein disulfide-isomerase,564,5,2,17,24,3,0.63,81.94946808510639,0.8108747044917258,0.7878250591016549,False,True,True,True,True,,False,,,0,,,,,,False,False,False,False,False,False,False,False,False,False,False,False,False,False,False,False,False,False,False,False,True,1,G7IRR6,High confidence,3,15,124,15,True,True,-2.0,,,,,,,,,,,,Medtr2g094180,MtrunA17_Chr2g0326581,1,MtExpress V3 (20220901); A17 5.1.9 quantification; selected paired root/nodule projects,https://lipm-browsers.toulouse.inra.fr/expression-atlas-data/v3/20220901_MtExpressV3-Dataset.zip,MtrunA17_Chr2g0326581,9.0,110.995374211458,125.314449773327,0.1987040778069158,6.0,0.0,2.0,-0.3132374413112,1.0,5.0,1.0,6.0,Reliable single A17 locus; scored,MtExpress: 125.31 median nodule TMM; median project log2FC=0.20; 6/9 projects positive,15.0,0.0,9.0,0.0,,30.0,80.0,37.5,0.8,Descriptive prioritization only; not a probability of Cu binding or NCC1 client status,"Table S4-intersection candidate; structural geometry is compatible, not proof of Cu binding/client status",3.0,0.0,True,124.0,0.0,True,1,G7IRR6,2.0,True,True,2.0,0.0,False,9.139551352398794,2.584962500721156,1.584962500721156,0.8865248226950355,0.3546099290780142,False,6.980875875803582,Unknown,,,,No formal structure-positive context,2.291355184829923,3.895157181187934,-0.2913551848299232,43.24324324324324,0.5733333333333334,0.8554497354497356,2.323108473366186,4.0040925540594365,-0.3231084733661862,43.24324324324324,0.5733333333333334,0.8420833333333334,2.2739190254780963,3.836351244564124,-0.2739190254780963,43.24324324324324,0.5733333333333334,0.809113924050633,2.298996146682903,3.9211522350033636,-0.298996146682903,41.891891891891895,0.5866666666666667,0.9008333333333333,3.8817658,3.2811952,4.654128,-0.2874029874801636,-0.4993044674396515,-0.09801356196403507,-1.9418814150026371,0.5781694634055559,0.424,63.0,63.0,65.0,58.0,63.0,7.0,False,R3: background-like residual,"Residual specificity is an exploratory deviation from the empirical Table S3 background expectation, not a probability of specific binding, Cu binding, or client status."
Candidate,MtrunR108HiC_015330.1,MtrunR108HiC_015330,A0A072V2Y4,High confidence,Putative monodehydroascorbate reductase (NADH),117,2,2,3,7,3,0.79,86.58185185185187,0.9202279202279202,0.9145299145299144,False,True,False,True,True,,False,,,0,,,,,,False,False,False,False,False,False,False,False,False,False,False,False,False,False,False,False,False,False,False,False,True,1,A0A072V2Y4,High confidence,3,15,35,15,True,True,-2.0,,,,,,,,,,,,Medtr3g112410,MtrunA17_Chr3g0142051,1,MtExpress V3 (20220901); A17 5.1.9 quantification; selected paired root/nodule projects,https://lipm-browsers.toulouse.inra.fr/expression-atlas-data/v3/20220901_MtExpressV3-Dataset.zip,MtrunA17_Chr3g0142051,9.0,282.994646683474,260.050780434402,-0.1228926759058595,2.0,0.0,2.0,-0.1756473193030752,0.0,5.0,0.0,5.0,Reliable single A17 locus; scored,MtExpress: 260.05 median nodule TMM; median project log2FC=-0.12; 2/9 projects positive,15.0,0.0,9.0,0.0,,29.0,80.0,36.25,0.8,Descriptive prioritization only; not a probability of Cu binding or NCC1 client status,"Table S4-intersection candidate; structural geometry is compatible, not proof of Cu binding/client status",3.0,0.0,True,35.0,0.0,True,1,A0A072V2Y4,2.0,True,True,2.0,0.0,False,6.870364719583405,1.584962500721156,1.584962500721156,1.7094017094017095,1.7094017094017095,False,8.028186661531466,Unknown,,,,No formal structure-positive context,2.349767421638331,4.097420682567679,-0.34976742163833086,41.891891891891895,0.5866666666666667,0.8616666666666667,2.331191758578017,4.032208708565028,-0.33119175857801686,43.24324324324324,0.5733333333333334,0.8420833333333334,2.345504001338835,4.0823791345032285,-0.34550400133883485,41.891891891891895,0.5866666666666667,0.809113924050633,2.342112160763955,4.070444269014866,-0.3421121607639548,40.54054054054054,0.6,0.9008333333333333,4.077442,3.2389436,5.1787157,-0.34410202503204346,-0.6273069620132447,-0.08370479941368116,-1.9838574361060206,0.5405457628713196,0.435,64.0,64.0,67.0,62.0,64.0,5.0,False,R3: background-like residual,"Residual specificity is an exploratory deviation from the empirical Table S3 background expectation, not a probability of specific binding, Cu binding, or client status."
Candidate,MtrunR108HiC_029210.1,MtrunR108HiC_029210,A0A072TX81,Probable,"Putative phosphogluconate dehydrogenase (NADP(+)-dependent, decarboxylating)",563,4,12,9,25,3,0.83,87.75667258732977,0.8496151568975726,0.8389579632918888,False,False,False,False,True,,False,,,0,,,,,,False,False,False,False,False,False,False,True,False,False,False,False,False,False,False,False,False,False,False,False,True,1,A0A072TX81,Probable,3,15,33,15,True,True,-2.0,Peroxisome,Compartment-incompatible or indirect,OTHER,0.0,0.0,inside:1-563,Phobius-only TM hit; not supported by exact R108 DeepTMHMM,Exact R108 pair lies in same InterProScan domain,No major cross-source conflict detected,"PIRSR:PIRSR000109-3:PIRSR000109-3:82-547 | PFAM:IPR006114:6PGDH_C:261-554 | GENE3D:IPR013328:6PGD_dom2:263-521 | PHOBIUS:CYTOPLASMIC_DOMAIN:Cytoplasmic domain:78-563 | PHOBIUS:TRANSMEMBRANE:Transmembrane region:32-52 | PHOBIUS:NON_CYTOPLASMIC_DOMAIN:Non cytoplasmic domain:53-57 | SUPERFAMILY:IPR036291:NAD(P)-bd_dom_sf:83-257 | PHOBIUS:CYTOPLASMIC_DOMAIN:Cytoplasmic domain:1-31 | TMHMM:TMhelix:Region of a membrane-bound protein predicted to be embedded in the membrane.:36-58 | PFAM:IPR006115:6PGDH_NADP-bd:84-256 | PRINTS:IPR006183:Pgluconate_DH:148-177 | PRINTS:IPR006183:Pgluconate_DH:250-278 | PRINTS:IPR006183:Pgluconate_DH:83-106 | PRINTS:IPR006183:Pgluconate_DH:201-226 | PRINTS:IPR006183:Pgluconate_DH:444-466 | PRINTS:IPR006183:Pgluconate_DH:332-359 | SUPERFAMILY:IPR008927:6-PGluconate_DH-like_C_sf:259-556 | NCBIFAM:IPR006113:6PGDH_Gnd/GntZ:85-555 | PANTHER:IPR006183:Pgluconate_DH:80-559 | PHOBIUS:TRANSMEMBRANE:Transmembrane region:58-77 | SMART:IPR006114:6PGDH_C:261-555 | NCBIFAM:NF006765:PRK09287.1:83-558 | FUNFAM:G3DSA:3.40.50.720:FF:000007:6-phosphogluconate dehydrogenase, decarboxylating:81-262 | PIRSR:PIRSR000103-1:PIRSR000103-1:83-290 | FUNFAM:G3DSA:1.10.1040.10:FF:000002:6-phosphogluconate dehydrogenase, decarboxylating:263-522 | GENE3D:G3DSA:1.20.5.320::524-556 | GENE3D:G3DSA:3.40.50.720::82-262 | PIRSR:PIRSR000109-1:PIRSR000109-1:82-547 | PIRSR:PIRSR000109-2:PIRSR000109-2:82-547 | FUNFAM:G3DSA:1.20.5.320:FF:000001:6-phosphogluconate dehydrogenase, decarboxylating:523-556",Tier 3: compartment-incompatible or indirect,Medtr7g017900,MtrunA17_Chr7g0220581,1,MtExpress V3 (20220901); A17 5.1.9 quantification; selected paired root/nodule projects,https://lipm-browsers.toulouse.inra.fr/expression-atlas-data/v3/20220901_MtExpressV3-Dataset.zip,MtrunA17_Chr7g0220581,9.0,292.501402916651,255.3642365270155,-0.3413620828820907,0.0,0.0,2.0,-0.238515974750805,0.0,5.0,0.0,5.0,Reliable single A17 locus; scored,MtExpress: 255.36 median nodule TMM; median project log2FC=-0.34; 0/9 projects positive,15.0,0.0,6.0,0.0,5.0,31.0,100.0,31.0,1.0,Descriptive prioritization only; not a probability of Cu binding or NCC1 client status,"Table S4-intersection candidate; structural geometry is compatible, not proof of Cu binding/client status",3.0,0.0,True,33.0,0.0,True,1,A0A072TX81,2.0,True,True,2.0,0.0,False,9.13699111208023,2.321928094887362,3.700439718141092,0.7104795737122558,2.1314387211367674,False,8.002051206084635,Incompatible,,,,No formal structure-positive context,2.4485806860175514,4.458788064372946,-0.4485806860175514,37.83783783783784,0.6266666666666667,0.8925252525252526,2.457436433181008,4.4923989926897825,-0.4574364331810079,36.486486486486484,0.64,0.9215686274509803,2.2677579186832464,3.815741385438323,-0.2677579186832464,43.24324324324324,0.5733333333333334,0.809113924050633,2.42499338669191,4.370265393790315,-0.4249933866919098,36.486486486486484,0.64,0.9031372549019608,4.3224826,3.3810916,5.295886,-0.4120992422103882,-0.6544094383716583,-0.13129047155380255,-2.0040433234390576,0.48254657107757315,0.402,65.0,65.0,63.0,65.0,65.0,2.0,False,R3: background-like residual,"Residual specificity is an exploratory deviation from the empirical Table S3 background expectation, not a probability of specific binding, Cu binding, or client status."
Candidate,MtrunR108HiC_005592.1,MtrunR108HiC_005592,G7IPG7,High confidence,Putative UDP-glucose:Glycoprotein Glucosyltransferase,1627,13,38,45,96,3,0.7600000000000001,80.14532472853922,0.818479819709076,0.7242368367137882,False,False,True,True,True,,True,M1459-M1564,M-M,2,4.675783522884498,0.343889209611671,73.065,3.4025,15.816871813273416,True,True,False,True,True,True,False,True,True,True,True,True,True,True,False,False,False,True,False,True,True,1,G7IPG7,High confidence,3,15,81,15,True,True,-2.0,Endoplasmic reticulum,Compartment-incompatible or indirect,SP,0.999815,0.0,signal:1-26; outside:27-1627,SignalP 6.0: signal peptide positive,Exact R108 pair lies in same InterProScan domain,No major cross-source conflict detected,PFAM:IPR040692:UGGT_TRXL_3:483-745 | PHOBIUS:SIGNAL_PEPTIDE:Signal Peptide:1-26 | PFAM:IPR040693:UGGT_TRXL_1:45-266 | PFAM:IPR040497:Glyco_transf_24:1323-1589 | PANTHER:IPR009448:UDP-g_GGtrans:20-1627 | MOBIDB_LITE:mobidb-lite:disorder_prediction:1596-1627 | MOBIDB_LITE:mobidb-lite:disorder_prediction:1607-1627 | SIGNALP_EUK:SignalP-noTM:SignalP-noTM:1-26 | FUNFAM:G3DSA:3.90.550.10:FF:000054:UDP-glucose:glycoprotein glucosyltransferase 1:1324-1569 | PHOBIUS:NON_CYTOPLASMIC_DOMAIN:Non cytoplasmic domain:27-1627 | PFAM:IPR009448:UDP-g_GGtrans:1165-1268 | SUPERFAMILY:IPR029044:Nucleotide-diphossugar_trans:1323-1580 | PHOBIUS:SIGNAL_PEPTIDE_C_REGION:Signal peptide C-region:23-26 | SIGNALP_GRAM_POSITIVE:SignalP-TM:SignalP-TM:1-26 | PFAM:IPR040694:UGGT_TRXL_2:355-470 | GENE3D:IPR029044:Nucleotide-diphossugar_trans:1324-1569 | PHOBIUS:SIGNAL_PEPTIDE_N_REGION:Signal peptide N-region:1-9 | PHOBIUS:SIGNAL_PEPTIDE_H_REGION:Signal peptide H-region:10-22 | PFAM:IPR040525:UGGT_TRXL_4:764-1004 | TMHMM:TMhelix:Region of a membrane-bound protein predicted to be embedded in the membrane.:7-26 | CDD:cd06432:GT8_HUGT1_C_like:1323-1570,Tier 3: compartment-incompatible or indirect,Medtr2g006960,MtrunA17_Chr2g0277801,1,MtExpress V3 (20220901); A17 5.1.9 quantification; selected paired root/nodule projects,https://lipm-browsers.toulouse.inra.fr/expression-atlas-data/v3/20220901_MtExpressV3-Dataset.zip,MtrunA17_Chr2g0277801,9.0,108.6791895887185,126.232241325614,-0.000119045529491,4.0,0.0,2.0,-0.31984420733448,1.0,5.0,0.0,5.0,Reliable single A17 locus; scored,MtExpress: 126.23 median nodule TMM; median project log2FC=-0.00; 4/9 projects positive,15.0,0.0,9.0,22.408666666666665,0.0,51.40866666666666,100.0,51.40866666666666,1.0,Descriptive prioritization only; not a probability of Cu binding or NCC1 client status,"Table S4-intersection candidate; structural geometry is compatible, not proof of Cu binding/client status",3.0,0.0,True,81.0,0.0,True,1,G7IPG7,2.0,True,True,2.0,0.0,False,10.667998535672528,3.807354922057604,5.285402218862249,0.7990165949600493,2.3355869698832206,False,6.991320493310351,Incompatible,Compartment-incompatible/indirect,Exclude from direct-client interpretation,Compartment-incompatible or indirect,Compartment-incompatible/indirect,2.497926197540283,4.648728643972346,-0.4979261975402829,37.83783783783784,0.6266666666666667,0.8925252525252526,2.537117768010076,4.80428261886331,-0.5371177680100758,33.78378378378378,0.6666666666666666,0.9215686274509803,2.144677054801202,3.421932659253563,-0.14467705480120197,56.75675675675676,0.44,0.809113924050633,2.4720917908677267,4.548476884813324,-0.4720917908677267,35.13513513513514,0.6533333333333333,0.9031372549019608,4.3944902,3.0461102,5.864656,-0.43148672580718994,-0.7791873216629028,-0.01653540730476381,-2.0972577135355746,0.6047997762137522,0.374,66.0,68.0,49.0,68.0,67.0,19.0,False,R3: background-like residual,"Residual specificity is an exploratory deviation from the empirical Table S3 background expectation, not a probability of specific binding, Cu binding, or client status."
Candidate,MtrunR108HiC_014175.1,MtrunR108HiC_014175,G7J914,High confidence,Putative caffeate O-methyltransferase,365,7,13,11,31,3,0.8866666666666667,94.49144292237442,0.965296803652968,0.9616438356164384,False,False,True,True,True,,True,M130-M180,M-M,3,4.700108722146754,0.1892204942356841,95.38,1.43,10.187137778040505,True,True,False,True,True,True,True,True,True,True,True,True,True,True,False,False,False,False,False,True,True,1,G7J914,High confidence,2,15,87,15,True,True,-2.415037499278844,Cytoplasm,NCC1-compartment compatible,OTHER,0.0,0.0,inside:1-365,Exact R108 SignalP/DeepTMHMM: no signal peptide or TM segment,Exact R108 pair lies in same InterProScan domain,No major cross-source conflict detected,CDD:cd02440:AdoMet_MTases:204-295 | PIRSR:PIRSR005739-1:PIRSR005739-1:33-361 | SUPERFAMILY:IPR029063:SAM-dependent_MTases_sf:121-361 | PIRSF:IPR016461:COMT-like:13-362 | GENE3D:IPR029063:SAM-dependent_MTases_sf:116-363 | FUNFAM:G3DSA:3.40.50.150:FF:000061:Caffeic acid O-methyltransferase:116-363 | FUNFAM:G3DSA:1.10.10.10:FF:000357:Caffeic acid 3-O-methyltransferase:3-115 | SUPERFAMILY:IPR036390:WH_DNA-bd_sf:15-119 | GENE3D:IPR036388:WH-like_DNA-bd_sf:1-115 | PIRSR:PIRSR016958-1:PIRSR016958-1:184-297 | PANTHER:IPR016461:COMT-like:22-345 | PFAM:IPR001077:COMT_C:140-345 | PFAM:IPR012967:COMT-like_dimerisation:24-117 | PROSITE_PROFILES:IPR016461:COMT-like:24-363,Tier 2/3: incomplete or mixed evidence,Medtr3g092900,MtrunA17_Chr3g0128011,1,MtExpress V3 (20220901); A17 5.1.9 quantification; selected paired root/nodule projects,https://lipm-browsers.toulouse.inra.fr/expression-atlas-data/v3/20220901_MtExpressV3-Dataset.zip,MtrunA17_Chr3g0128011,9.0,121.51822568806448,67.38372068521,-0.8512315099689562,1.0,0.0,2.0,-0.4168196965082953,1.0,5.0,0.0,5.0,Reliable single A17 locus; scored,MtExpress: 67.38 median nodule TMM; median project log2FC=-0.85; 1/9 projects positive,15.0,0.0,9.0,28.4214275556081,20.0,77.4214275556081,100.0,77.4214275556081,1.0,Descriptive prioritization only; not a probability of Cu binding or NCC1 client status,"Table S4-intersection candidate; structural geometry is compatible, not proof of Cu binding/client status",2.0,0.0,True,87.0,0.0,True,1,G7J914,1.584962500721156,True,True,1.584962500721156,0.0,False,8.51175265376738,3.0,3.807354922057604,1.9178082191780823,3.5616438356164384,False,6.09558101529058,Compatible,Canonical/conserved enzyme-fold coincidence,Exclude from direct-client interpretation,Housekeeping enzyme fold coincidence,Canonical/conserved enzyme-fold coincidence,2.117915126038473,3.3406621182245146,-0.5329526253173169,32.432432432432435,0.68,0.9400000000000001,2.088800135141134,3.253941327740331,-0.5038376344199778,33.78378378378378,0.6666666666666666,0.9215686274509803,2.200171594878853,3.595339959546865,-0.6152090941576969,32.432432432432435,0.68,0.809113924050633,2.0200977779642093,3.056112810944372,-0.43513527724305323,35.13513513513514,0.6533333333333333,0.9031372549019608,3.319045,2.833546,3.9511929,-0.5257497890890246,-0.722813604682744,-0.3537169530094271,-2.0955802089560502,0.3086911011099393,0.338,68.0,66.0,77.0,66.0,67.0,11.0,False,R3: background-like residual,"Residual specificity is an exploratory deviation from the empirical Table S3 background expectation, not a probability of specific binding, Cu binding, or client status."
Candidate,MtrunR108HiC_020222.1,MtrunR108HiC_020222,B7FLF5,High confidence,Putative alanine--glyoxylate transaminase,485,6,13,18,37,3,0.8766666666666666,91.37795189003435,0.9099656357388316,0.9085910652920962,False,False,True,True,True,,True,H403-M482,H-M,2,4.411694454648979,0.1291903838443326,97.185,1.2775,5.012280179108616,True,True,False,True,True,True,True,True,True,True,False,True,True,True,False,False,False,True,True,False,True,1,B7FLF5,High confidence,3,15,34,15,True,True,-2.0,Mitochondrion,Compartment-incompatible or indirect,OTHER,0.0,0.0,inside:1-485,Exact R108 SignalP/DeepTMHMM: no signal peptide or TM segment,Exact R108 pair lies in same InterProScan domain,No major cross-source conflict detected,"Gene3D:IPR015422:Pyridoxal phosphate-dependent transferase, small domain:87-480 | PIRSF:IPR005814:Aminotransferase class-III:89-484 | PANTHER:PTHR45688:-:39-483 | FunFam:G3DSA:3.40.640.10:FF:000004:Acetylornithine aminotransferase:122-380 | Pfam:IPR005814:Aminotransferase class-III:87-478 | CDD:IPR005814:Aminotransferase class-III:72-479 | ProSitePatterns:IPR049704:Aminotransferases class-III pyridoxal-phosphate attachment site:296-334 | MobiDBLite:mobidb-lite:consensus disorder prediction:31-52 | MobiDBLite:mobidb-lite:consensus disorder prediction:31-44 | Gene3D:IPR015421:Pyridoxal phosphate-dependent transferase, major domain:122-379 | SignalP_GRAM_POSITIVE:SignalP-TM:SignalP-TM:1-37 | SUPERFAMILY:IPR015424:Pyridoxal phosphate-dependent transferase:82-482",Tier 3: compartment-incompatible or indirect,Medtr8g091660,MtrunA17_Chr8g0382871,1,MtExpress V3 (20220901); A17 5.1.9 quantification; selected paired root/nodule projects,https://lipm-browsers.toulouse.inra.fr/expression-atlas-data/v3/20220901_MtExpressV3-Dataset.zip,MtrunA17_Chr8g0382871,9.0,139.1012605632905,72.4874914944442,0.1300139046234649,5.0,0.0,2.0,0.4172008457253753,2.0,5.0,1.0,6.0,Reliable single A17 locus; scored,MtExpress: 72.49 median nodule TMM; median project log2FC=0.13; 5/9 projects positive,15.0,0.0,9.0,23.62712270248839,5.0,58.62712270248839,100.0,58.62712270248839,1.0,Descriptive prioritization only; not a probability of Cu binding or NCC1 client status,"Table S4-intersection candidate; structural geometry is compatible, not proof of Cu binding/client status",3.0,0.0,True,34.0,0.0,True,1,B7FLF5,2.0,True,True,2.0,0.0,False,8.92184093707449,2.807354922057604,3.807354922057604,1.2371134020618557,2.6804123711340204,False,6.199426800691153,Incompatible,Compartment-incompatible/indirect,Exclude from direct-client interpretation,Compartment-incompatible or indirect,Compartment-incompatible/indirect,2.532698018477252,4.786528194276514,-0.5326980184772521,32.432432432432435,0.68,0.9400000000000001,2.5295503918424767,4.773917091435777,-0.5295503918424767,33.78378378378378,0.6666666666666666,0.9215686274509803,2.21156862022868,3.6317860688670436,-0.21156862022868017,48.648648648648646,0.52,0.809113924050633,2.445224277181481,4.446103035556031,-0.44522427718148094,35.13513513513514,0.6533333333333333,0.9031372549019608,4.587276,3.2761798,5.8915634,-0.4821450710296631,-0.7848312973976135,-0.09632256627082825,-2.0782469466654603,0.5406707353603432,0.334,67.0,67.0,56.0,67.0,67.0,11.0,False,R3: background-like residual,"Residual specificity is an exploratory deviation from the empirical Table S3 background expectation, not a probability of specific binding, Cu binding, or client status."
Candidate,MtrunR108HiC_010279.1,MtrunR108HiC_010279,A0A072UU18,Probable,Putative nepenthesin,432,11,6,7,24,3,0.8099999999999999,80.98268518518519,0.7669753086419754,0.7160493827160493,False,True,True,True,True,,False,,,0,,,,,,False,False,False,False,False,False,False,True,False,False,False,False,False,False,False,False,False,False,False,False,True,1,A0A072UU18,Probable,2,15,29,15,True,True,-2.415037499278844,Extracellular,Compartment-incompatible or indirect,SP,0.999828,0.0,signal:1-26; outside:27-432,SignalP 6.0: signal peptide positive,Exact R108 pair lies in same InterProScan domain,No major cross-source conflict detected,PHOBIUS:SIGNAL_PEPTIDE_N_REGION:Signal peptide N-region:1-6 | PHOBIUS:SIGNAL_PEPTIDE_C_REGION:Signal peptide C-region:19-26 | PHOBIUS:SIGNAL_PEPTIDE_H_REGION:Signal peptide H-region:7-18 | PHOBIUS:SIGNAL_PEPTIDE:Signal Peptide:1-26 | GENE3D:IPR021109:Peptidase_aspartic_dom_sf:247-425 | SIGNALP_EUK:SignalP-noTM:SignalP-noTM:1-26 | PFAM:IPR032799:TAXi_C:284-415 | PANTHER:IPR001461:Aspartic_peptidase_A1:28-417 | PFAM:IPR032861:TAXi_N:59-242 | PROSITE_PROFILES:IPR033121:PEPTIDASE_A1:59-416 | GENE3D:IPR021109:Peptidase_aspartic_dom_sf:43-242 | PROSITE_PATTERNS:IPR001969:Aspartic_peptidase_AS:75-86 | PHOBIUS:NON_CYTOPLASMIC_DOMAIN:Non cytoplasmic domain:27-432 | SUPERFAMILY:IPR021109:Peptidase_aspartic_dom_sf:56-423,Tier 3: compartment-incompatible or indirect,Medtr3g006820,MtrunA17_Chr3g0078321,1,MtExpress V3 (20220901); A17 5.1.9 quantification; selected paired root/nodule projects,https://lipm-browsers.toulouse.inra.fr/expression-atlas-data/v3/20220901_MtExpressV3-Dataset.zip,MtrunA17_Chr3g0078321,9.0,0.0512532279157297,0.256266139578649,1.6609640474436849,8.0,7.0,2.0,4.793512938971311,2.0,0.0,3.0,3.0,Reliable single A17 locus; scored,MtExpress: 0.26 median nodule TMM; median project log2FC=1.66; 8/9 projects positive,15.0,0.0,6.0,0.0,0.0,24.0,100.0,24.0,1.0,Descriptive prioritization only; not a probability of Cu binding or NCC1 client status,"Table S4-intersection candidate; structural geometry is compatible, not proof of Cu binding/client status",2.0,0.0,True,29.0,0.0,True,1,A0A072UU18,1.584962500721156,True,True,1.584962500721156,0.0,False,8.754887502163468,3.584962500721156,2.807354922057604,2.5462962962962963,1.3888888888888888,False,0.32914213108998003,Incompatible,,,,No formal structure-positive context,2.242962081137155,3.73367966840212,-0.657999580415999,18.91891891891892,0.8133333333333334,0.9778754578754578,2.242073352415897,3.730764525949323,-0.6571108516947408,16.216216216216218,0.84,0.9910077519379844,2.0934790005308215,3.2677598606506084,-0.5085164998096654,39.189189189189186,0.6133333333333333,0.809113924050633,2.137278190327359,3.399312821069574,-0.5523156896062029,33.78378378378378,0.6666666666666666,0.9082125603864734,3.5990486,2.6805785,4.8043284,-0.6163729294241076,-0.9521666451395159,-0.29497001609212214,-2.185142662593929,0.31458528386796514,0.231,75.0,72.0,68.0,69.0,70.5,7.0,False,R3: background-like residual,"Residual specificity is an exploratory deviation from the empirical Table S3 background expectation, not a probability of specific binding, Cu binding, or client status."
Candidate,MtrunR108HiC_015992.1,MtrunR108HiC_015992,A0A072UGG8,High confidence,Putative Heat shock protein 70 family,886,15,26,10,51,3,0.7566666666666667,81.76385628291949,0.7814145974416854,0.7633559066967645,False,False,False,False,True,,False,,,0,,,,,,False,False,False,False,False,False,False,True,False,False,False,False,False,False,False,False,False,False,False,False,True,1,A0A072UGG8,High confidence,2,15,41,15,True,True,-2.415037499278844,Cytoplasm,NCC1-compartment compatible,OTHER,0.0,0.0,inside:1-886,Exact R108 SignalP/DeepTMHMM: no signal peptide or TM segment,Exact R108 pair lies in same InterProScan domain,No major cross-source conflict detected,"GENE3D:G3DSA:3.30.420.40::186-360 | SUPERFAMILY:IPR043129:ATPase_NBD:1-185 | PRINTS:PR00301:HEATSHOCK70:140-160 | PRINTS:PR00301:HEATSHOCK70:332-348 | PRINTS:PR00301:HEATSHOCK70:2-15 | PRINTS:PR00301:HEATSHOCK70:363-383 | PRINTS:PR00301:HEATSHOCK70:30-42 | SUPERFAMILY:IPR029048:HSP70_C_sf:597-695 | COILS:Coil:Coil:681-701 | SUPERFAMILY:IPR029048:HSP70_C_sf:718-796 | GENE3D:G3DSA:3.30.420.40::5-374 | SUPERFAMILY:IPR043129:ATPase_NBD:195-380 | FUNFAM:G3DSA:3.30.420.40:FF:000171:Heat shock 70 kDa protein 4:112-206 | PFAM:IPR013126:Hsp_70_fam:3-695 | GENE3D:G3DSA:3.90.640.10:Actin; Chain A, domain 4:230-313 | GENE3D:IPR029048:HSP70_C_sf:597-705 | FUNFAM:G3DSA:2.60.34.10:FF:000031:Heat shock 70 kDa protein 14:387-593 | PANTHER:IPR013126:Hsp_70_fam:1-842 | SUPERFAMILY:IPR029047:HSP70_peptide-bd_sf:384-628 | MOBIDB_LITE:mobidb-lite:disorder_prediction:792-803 | MOBIDB_LITE:mobidb-lite:disorder_prediction:512-522 | MOBIDB_LITE:mobidb-lite:disorder_prediction:786-849 | MOBIDB_LITE:mobidb-lite:disorder_prediction:406-426 | MOBIDB_LITE:mobidb-lite:disorder_prediction:825-839 | MOBIDB_LITE:mobidb-lite:disorder_prediction:503-581 | FUNFAM:G3DSA:1.20.1270.10:FF:000002:Heat shock 70 kDa protein 4:595-705 | GENE3D:G3DSA:3.30.30.30::38-113 | PFAM:IPR060486:HYOU1_C:720-788 | FUNFAM:G3DSA:3.30.30.30:FF:000002:Heat shock 70 kDa protein 4:38-113 | FUNFAM:G3DSA:3.30.420.40:FF:000171:Heat shock 70 kDa protein 4:1-75 | GENE3D:IPR029047:HSP70_peptide-bd_sf:387-593 | FUNFAM:G3DSA:3.90.640.10:FF:000004:Heat shock 70 kDa protein 4:230-313 | CDD:cd24095:ASKHA_NBD_HSP70_AtHsp70-14-like:1-389",Tier 2: plausible but generic/abundant or lacking extra ligand,Medtr4g012050,MtrunA17_Chr4g0004331,1,MtExpress V3 (20220901); A17 5.1.9 quantification; selected paired root/nodule projects,https://lipm-browsers.toulouse.inra.fr/expression-atlas-data/v3/20220901_MtExpressV3-Dataset.zip,MtrunA17_Chr4g0004331,9.0,170.9234928446785,159.576925115625,-0.4034324887491998,2.0,0.0,2.0,-0.2580581808466546,0.0,5.0,0.0,5.0,Reliable single A17 locus; scored,MtExpress: 159.58 median nodule TMM; median project log2FC=-0.40; 2/9 projects positive,15.0,0.0,9.0,0.0,20.0,49.0,100.0,49.0,1.0,Descriptive prioritization only; not a probability of Cu binding or NCC1 client status,"Table S4-intersection candidate; structural geometry is compatible, not proof of Cu binding/client status",2.0,0.0,True,41.0,0.0,True,1,A0A072UGG8,1.584962500721156,True,True,1.584962500721156,0.0,False,9.791162888555018,4.0,4.754887502163468,1.6930022573363432,2.9345372460496613,False,7.327120782424296,Compatible,,,,No formal structure-positive context,2.2119177768287868,3.63290717509068,-0.6269552761076307,25.675675675675677,0.7466666666666667,0.9778754578754578,2.2407603999949455,3.726461161013469,-0.6557978992737894,16.216216216216218,0.84,0.9910077519379844,2.1499551743713297,3.4381399897549185,-0.5649926736501736,35.13513513513514,0.6533333333333333,0.809113924050633,2.3109288821669898,3.9620245812084134,-0.7259663814458337,6.756756756756757,0.9333333333333333,0.9857677902621723,3.6060615,2.9926755,4.3245125,-0.6185710295141345,-0.8276868148744707,-0.4123933120668536,-2.1949817397868,0.24374400707106092,0.223,69.0,71.0,70.0,89.0,70.5,20.0,False,R3: background-like residual,"Residual specificity is an exploratory deviation from the empirical Table S3 background expectation, not a probability of specific binding, Cu binding, or client status."
Candidate,MtrunR108HiC_030956.1,MtrunR108HiC_030956,A0A072U1Y7,High confidence,Putative acyl-CoA oxidase,433,9,14,4,27,3,0.91,93.9959507313318,0.94919168591224,0.9299461123941494,False,False,True,True,True,,False,,,0,,,,,,False,False,False,False,False,False,False,True,False,False,False,False,False,False,False,False,False,False,False,False,True,1,A0A072U1Y7,High confidence,2,15,62,15,True,True,-2.415037499278844,,,,,,,,,,,,Medtr7g068850,MtrunA17_Chr7g0242641,1,MtExpress V3 (20220901); A17 5.1.9 quantification; selected paired root/nodule projects,https://lipm-browsers.toulouse.inra.fr/expression-atlas-data/v3/20220901_MtExpressV3-Dataset.zip,MtrunA17_Chr7g0242641,9.0,47.588622119755,56.7373233027128,-0.0203135000635095,4.0,0.0,2.0,-0.0143418131967596,1.0,5.0,0.0,5.0,Reliable single A17 locus; scored,MtExpress: 56.74 median nodule TMM; median project log2FC=-0.02; 4/9 projects positive,15.0,0.0,9.0,0.0,,29.0,80.0,36.25,0.8,Descriptive prioritization only; not a probability of Cu binding or NCC1 client status,"Table S4-intersection candidate; structural geometry is compatible, not proof of Cu binding/client status",2.0,0.0,True,62.0,0.0,True,1,A0A072U1Y7,1.584962500721156,True,True,1.584962500721156,0.0,False,8.758223214726724,3.321928094887362,3.9068905956085187,2.0785219399538106,3.233256351039261,False,5.8514323207949275,Unknown,,,,No formal structure-positive context,2.2151069278937743,3.6431597807787615,-0.6301444271726182,25.675675675675677,0.7466666666666667,0.9778754578754578,2.2082627982577137,3.6211848467450762,-0.6233002975365576,22.972972972972972,0.7733333333333333,0.9910077519379844,2.1773768760440264,3.5233037393755717,-0.5924143753228703,33.78378378378378,0.6666666666666666,0.809113924050633,2.257183173392856,3.7805717515469617,-0.6722206726716999,17.56756756756757,0.8266666666666667,0.9508045977011494,3.616805,3.1091633,4.185968,-0.6219324930608874,-0.789650820106328,-0.4538820072115069,-2.2317962346558082,0.22580083396634795,0.239,70.0,69.0,72.0,75.0,71.0,6.0,False,R3: background-like residual,"Residual specificity is an exploratory deviation from the empirical Table S3 background expectation, not a probability of specific binding, Cu binding, or client status."
Candidate,MtrunR108HiC_006151.1,MtrunR108HiC_006151,G7ILW0,High confidence,Putative glycine hydroxymethyltransferase,533,7,13,20,40,3,0.8333333333333334,87.04092557848655,0.848030018761726,0.8417761100687929,False,False,True,True,True,,False,,,0,,,,,,False,True,False,False,True,False,False,False,False,False,False,False,False,False,False,False,False,True,False,False,True,1,G7ILW0,High confidence,2,15,42,15,True,True,-2.415037499278844,,,,,,,,,,,,Medtr2g018290,MtrunA17_Chr2g0285171,1,MtExpress V3 (20220901); A17 5.1.9 quantification; selected paired root/nodule projects,https://lipm-browsers.toulouse.inra.fr/expression-atlas-data/v3/20220901_MtExpressV3-Dataset.zip,MtrunA17_Chr2g0285171,9.0,42.88800920130575,44.770207116669056,0.0972335541156752,5.0,0.0,2.0,0.0356181127716448,1.0,4.0,1.0,5.0,Reliable single A17 locus; scored,MtExpress: 44.77 median nodule TMM; median project log2FC=0.10; 5/9 projects positive,15.0,0.0,9.0,0.0,,29.0,80.0,36.25,0.8,Descriptive prioritization only; not a probability of Cu binding or NCC1 client status,"Table S4-intersection candidate; structural geometry is compatible, not proof of Cu binding/client status",2.0,0.0,True,42.0,0.0,True,1,G7ILW0,1.584962500721156,True,True,1.584962500721156,0.0,False,9.057991722759176,3.0,3.807354922057604,1.3133208255159476,2.4390243902439024,False,5.516336915240078,Unknown,,,,No formal structure-positive context,2.223544340216137,3.6703942514562975,-0.6385818394949809,24.324324324324323,0.76,0.9778754578754578,2.2400006774738697,3.7239728640437786,-0.6550381767527136,16.216216216216218,0.84,0.9910077519379844,2.190307919454445,3.564028876191375,-0.6053454187332887,32.432432432432435,0.68,0.809113924050633,2.2440938293501094,3.737394545927633,-0.6591313286289533,20.27027027027027,0.8,0.9508045977011494,3.6430197,3.1179705,4.249131,-0.6301008327901965,-0.8071159943044787,-0.4569709821642047,-2.267031635665795,0.19336670629132355,0.197,72.0,70.0,75.0,72.0,72.0,5.0,False,R3: background-like residual,"Residual specificity is an exploratory deviation from the empirical Table S3 background expectation, not a probability of specific binding, Cu binding, or client status."
Candidate,MtrunR108HiC_000563.1,MtrunR108HiC_000563,G7I885,High confidence,Putative aspartate--tRNA ligase,598,9,11,9,29,3,0.7933333333333333,84.49646599777033,0.8193979933110368,0.7993311036789298,False,False,True,True,True,,False,,,0,,,,,,False,False,False,False,True,False,False,False,False,False,False,False,False,False,False,False,False,False,False,False,True,1,G7I885,High confidence,2,15,30,15,True,True,-2.415037499278844,,,,,,,,,,,,Medtr1g014140,MtrunA17_Chr1g0150111,1,MtExpress V3 (20220901); A17 5.1.9 quantification; selected paired root/nodule projects,https://lipm-browsers.toulouse.inra.fr/expression-atlas-data/v3/20220901_MtExpressV3-Dataset.zip,MtrunA17_Chr1g0150111,9.0,76.41856282235301,63.0158180957755,-0.1220880742412697,3.0,0.0,2.0,0.0976355457320243,1.0,5.0,0.0,5.0,Reliable single A17 locus; scored,MtExpress: 63.02 median nodule TMM; median project log2FC=-0.12; 3/9 projects positive,15.0,0.0,9.0,0.0,,29.0,80.0,36.25,0.8,Descriptive prioritization only; not a probability of Cu binding or NCC1 client status,"Table S4-intersection candidate; structural geometry is compatible, not proof of Cu binding/client status",2.0,0.0,True,30.0,0.0,True,1,G7I885,1.584962500721156,True,True,1.584962500721156,0.0,False,9.224001674198105,3.321928094887362,3.584962500721156,1.5050167224080269,1.839464882943144,False,6.00035652919752,Unknown,,,,No formal structure-positive context,2.22223209173502,3.6661480794308012,-0.6372695910138639,24.324324324324323,0.76,0.9778754578754578,2.25003389868566,3.7569402314681772,-0.6650713979645038,16.216216216216218,0.84,0.9910077519379844,2.1848751278060212,3.5468743220722327,-0.5999126270848651,33.78378378378378,0.6666666666666666,0.809113924050633,2.262008358156345,3.7965874437895657,-0.6770458574351887,14.864864864864865,0.8533333333333334,0.9508045977011494,3.6340256,3.1374931,4.2189255,-0.6273033483923083,-0.7987903459966784,-0.4637942775190478,-2.182491218853425,0.21866544363592536,0.232,71.0,74.0,73.0,76.0,73.5,5.0,False,R3: background-like residual,"Residual specificity is an exploratory deviation from the empirical Table S3 background expectation, not a probability of specific binding, Cu binding, or client status."
Candidate,MtrunR108HiC_002682.1,MtrunR108HiC_002682,G7IA59,High confidence,Putative RNA helicase,491,6,11,9,26,3,0.7533333333333333,78.03795655125595,0.7678207739307537,0.6754921928038017,False,False,False,False,True,,False,,,0,,,,,,False,False,False,False,False,False,False,True,False,False,False,False,False,False,False,False,False,False,False,False,True,1,G7IA59,High confidence,2,15,41,15,True,True,-2.415037499278844,,,,,,,,,,,,Medtr1g061970,MtrunA17_Chr1g0179761,1,MtExpress V3 (20220901); A17 5.1.9 quantification; selected paired root/nodule projects,https://lipm-browsers.toulouse.inra.fr/expression-atlas-data/v3/20220901_MtExpressV3-Dataset.zip,MtrunA17_Chr1g0179761,9.0,54.8292168806381,40.58061450715355,-0.4505469209462243,2.0,0.0,2.0,-0.2536498215414848,0.0,4.0,0.0,4.0,Reliable single A17 locus; scored,MtExpress: 40.58 median nodule TMM; median project log2FC=-0.45; 2/9 projects positive,15.0,0.0,9.0,0.0,,28.0,80.0,35.0,0.8,Descriptive prioritization only; not a probability of Cu binding or NCC1 client status,"Table S4-intersection candidate; structural geometry is compatible, not proof of Cu binding/client status",2.0,0.0,True,41.0,0.0,True,1,G7IA59,1.584962500721156,True,True,1.584962500721156,0.0,False,8.939579214314692,2.807354922057604,3.584962500721156,1.2219959266802443,2.240325865580448,False,5.377839174388888,Unknown,,,,No formal structure-positive context,2.2305456859383157,3.693114588061629,-0.6455831852171596,21.62162162162162,0.7866666666666666,0.9778754578754578,2.2464177694368224,3.7450318446702093,-0.6614552687156663,16.216216216216218,0.84,0.9910077519379844,2.202137239800248,3.6016052912405376,-0.617174739079092,32.432432432432435,0.68,0.809113924050633,2.2390851889477177,3.720976131574214,-0.6541226882265616,21.62162162162162,0.7866666666666666,0.9508045977011494,3.6655946,3.147664,4.2676973,-0.6370984180868273,-0.8122098072469836,-0.4673365398347979,-2.2148818531309926,0.21164641280651258,0.216,74.0,73.0,78.0,71.0,73.5,7.0,False,R3: background-like residual,"Residual specificity is an exploratory deviation from the empirical Table S3 background expectation, not a probability of specific binding, Cu binding, or client status."
Candidate,MtrunR108HiC_006484.1,MtrunR108HiC_006484,Q2HTG9,High confidence,Putative diphosphate--fructose-6-phosphate 1-phosphotransferase,565,10,11,13,34,3,0.9066666666666668,91.70339233038348,0.9404129793510324,0.9097345132743364,False,False,True,True,True,,False,,,0,,,,,,False,False,False,False,True,False,False,True,False,False,False,False,False,False,False,False,False,False,False,False,True,1,Q2HTG9,High confidence,2,15,41,15,True,True,-2.415037499278844,Cytoplasm,NCC1-compartment compatible,OTHER,0.0,0.0,inside:1-565,Exact R108 SignalP/DeepTMHMM: no signal peptide or TM segment,Exact R108 pair lies in same InterProScan domain,No major cross-source conflict detected,NCBIFAM:NF005482:PRK07085.1:26-560 | PANTHER:PTHR43650:PYROPHOSPHATE--FRUCTOSE 6-PHOSPHATE 1-PHOSPHOTRANSFERASE:23-560 | PRINTS:IPR022953:ATP_PFK:98-117 | PRINTS:IPR022953:ATP_PFK:187-203 | PRINTS:IPR022953:ATP_PFK:220-237 | PRINTS:IPR022953:ATP_PFK:323-335 | PFAM:IPR000023:Phosphofructokinase_dom:95-404 | SUPERFAMILY:IPR035966:PKF_sf:28-559 | FUNFAM:G3DSA:1.10.10.480:FF:000002:Pyrophosphate--fructose 6-phosphate 1-phosphotransferase subunit beta:339-405 | GENE3D:IPR035966:PKF_sf:241-550 | HAMAP:IPR011183:PfpB_PPi_PFK:25-563 | NCBIFAM:IPR011183:PfpB_PPi_PFK:30-560 | GENE3D:G3DSA:1.10.10.480:Phosphofructokinase; domain 3:339-405 | PIRSF:IPR011183:PfpB_PPi_PFK:22-562 | GENE3D:G3DSA:3.40.50.450::35-514,Tier 2/3: incomplete or mixed evidence,Medtr2g025020,MtrunA17_Chr2g0289271,1,MtExpress V3 (20220901); A17 5.1.9 quantification; selected paired root/nodule projects,https://lipm-browsers.toulouse.inra.fr/expression-atlas-data/v3/20220901_MtExpressV3-Dataset.zip,MtrunA17_Chr2g0289271,9.0,105.6065585751705,102.6476328477535,-0.0411657353835792,4.0,0.0,2.0,-0.0873753247498649,1.0,5.0,0.0,5.0,Reliable single A17 locus; scored,MtExpress: 102.65 median nodule TMM; median project log2FC=-0.04; 4/9 projects positive,15.0,0.0,9.0,0.0,20.0,49.0,100.0,49.0,1.0,Descriptive prioritization only; not a probability of Cu binding or NCC1 client status,"Table S4-intersection candidate; structural geometry is compatible, not proof of Cu binding/client status",2.0,0.0,True,41.0,0.0,True,1,Q2HTG9,1.584962500721156,True,True,1.584962500721156,0.0,False,9.14210705730255,3.4594316186372973,3.584962500721156,1.7699115044247788,1.9469026548672566,False,6.695543357666295,Compatible,,,,No formal structure-positive context,2.230541561158035,3.6931011700915892,-0.6455790604368787,21.62162162162162,0.7866666666666666,0.9778754578754578,2.253840785517411,3.7695091016897964,-0.6688782847962549,16.216216216216218,0.84,0.9910077519379844,2.1889398886676155,3.5597031022238195,-0.6039773879464594,32.432432432432435,0.68,0.809113924050633,2.288269114889167,3.8846971386711244,-0.7033066141680111,12.162162162162161,0.88,0.9508045977011494,3.6675835,3.166607,4.249253,-0.6377131803930407,-0.8071494444311267,-0.47391035994893366,-2.196323994663891,0.20380135711567576,0.209,73.0,76.0,74.0,85.0,75.0,12.0,False,R3: background-like residual,"Residual specificity is an exploratory deviation from the empirical Table S3 background expectation, not a probability of specific binding, Cu binding, or client status."
Candidate,MtrunR108HiC_004111.1,MtrunR108HiC_004111,A0A072VN06,High confidence,Putative tyrosine specific protein phosphatase,386,8,7,8,23,3,0.7766666666666667,81.38690846286703,0.7944732297063903,0.7607944732297064,False,False,True,True,True,,False,,,0,,,,,,False,False,False,False,False,False,False,True,False,False,False,False,False,False,False,False,False,False,False,False,True,1,A0A072VN06,High confidence,2,15,35,15,True,True,-2.415037499278844,,,,,,,,,,,,Medtr1g090867,MtrunA17_Chr1g0197631,1,MtExpress V3 (20220901); A17 5.1.9 quantification; selected paired root/nodule projects,https://lipm-browsers.toulouse.inra.fr/expression-atlas-data/v3/20220901_MtExpressV3-Dataset.zip,MtrunA17_Chr1g0197631,9.0,28.546997257889203,94.6647119603526,1.70387880210785,9.0,6.0,2.0,2.1247204233697654,2.0,5.0,3.0,8.0,Reliable single A17 locus; scored,MtExpress: 94.66 median nodule TMM; median project log2FC=1.70; 9/9 projects positive,15.0,0.0,9.0,0.0,,32.0,80.0,40.0,0.8,Descriptive prioritization only; not a probability of Cu binding or NCC1 client status,"Table S4-intersection candidate; structural geometry is compatible, not proof of Cu binding/client status",2.0,0.0,True,35.0,0.0,True,1,A0A072VN06,1.584962500721156,True,True,1.584962500721156,0.0,False,8.59245703726808,3.169925001442312,3.0,2.072538860103627,1.8134715025906734,False,6.5799149478299706,Unknown,,,,No formal structure-positive context,2.244231587127071,3.737846924345501,-0.659269086405915,18.91891891891892,0.8133333333333334,0.9778754578754578,2.25197613498461,3.7633486016473885,-0.6670136342634541,16.216216216216218,0.84,0.9910077519379844,2.2128851879417106,3.636014851204803,-0.6279226872205546,29.72972972972973,0.7066666666666667,0.8200823045267489,2.284834088630362,3.873080613341431,-0.6998715879092061,12.162162162162161,0.88,0.9508045977011494,3.72021,3.2285452,4.248805,-0.6538885696828967,-0.8070264740884905,-0.49519872507458984,-2.224629060700473,0.18130304157768745,0.182,76.0,75.0,80.0,83.0,78.0,8.0,False,R3: background-like residual,"Residual specificity is an exploratory deviation from the empirical Table S3 background expectation, not a probability of specific binding, Cu binding, or client status."
Candidate,MtrunR108HiC_022574.1,MtrunR108HiC_022574,G7KGF6,High confidence,Putative oligopeptidase A,786,7,16,20,43,3,0.8433333333333333,86.85900763358778,0.8787107718405428,0.864715860899067,False,False,True,True,True,,False,,,0,,,,,,False,False,False,False,False,False,False,False,False,False,False,False,False,False,False,False,False,False,False,False,True,1,G7KGF6,High confidence,2,15,0,15,True,True,-2.415037499278844,,,,,,,,,,,,Medtr5g030940,MtrunA17_Chr5g0411651,1,MtExpress V3 (20220901); A17 5.1.9 quantification; selected paired root/nodule projects,https://lipm-browsers.toulouse.inra.fr/expression-atlas-data/v3/20220901_MtExpressV3-Dataset.zip,MtrunA17_Chr5g0411651,9.0,95.0012662814614,99.25187585881037,0.004265510694049,6.0,0.0,2.0,0.2476384854012745,2.0,5.0,1.0,6.0,Reliable single A17 locus; scored,MtExpress: 99.25 median nodule TMM; median project log2FC=0.00; 6/9 projects positive,15.0,0.0,9.0,0.0,,30.0,80.0,37.5,0.8,Descriptive prioritization only; not a probability of Cu binding or NCC1 client status,"Table S4-intersection candidate; structural geometry is compatible, not proof of Cu binding/client status",2.0,0.0,True,0.0,0.0,True,1,G7KGF6,1.584962500721156,True,True,1.584962500721156,0.0,False,9.618385502258606,3.0,4.087462841250339,0.8905852417302799,2.035623409669211,False,6.647485421635804,Unknown,,,,No formal structure-positive context,2.245913714221131,3.7433742938994152,-0.6609512134999749,18.91891891891892,0.8133333333333334,0.9778754578754578,2.2773798214846788,3.847966808568639,-0.6924173207635227,13.513513513513514,0.8666666666666667,0.9910077519379844,2.203179568841709,3.6049310945311674,-0.6182170681205528,32.432432432432435,0.68,0.809113924050633,2.2856743191460542,3.8759195387420062,-0.7007118184248982,12.162162162162161,0.88,0.9508045977011494,3.7160745,3.1380544,4.3786283,-0.6526241167486315,-0.8422756119669085,-0.4639899953306323,-2.2349361634613936,0.21489704888790315,0.193,77.0,79.0,79.0,84.0,79.0,7.0,False,R3: background-like residual,"Residual specificity is an exploratory deviation from the empirical Table S3 background expectation, not a probability of specific binding, Cu binding, or client status."
Candidate,MtrunR108HiC_013885.1,MtrunR108HiC_013885,G7J4F1,High confidence,"Putative gamma-glutamyltransferase, Glutathione gamma-glutamate hydrolase",587,5,20,20,45,3,0.9,92.53940374787052,0.912549687677456,0.8994889267461671,False,False,True,True,True,,False,,,0,,,,,,False,False,False,False,False,False,False,True,False,False,False,False,False,False,False,False,False,False,False,False,True,1,G7J4F1,High confidence,2,15,49,15,True,True,-2.415037499278844,,,,,,,,,,,,Medtr3g087950,MtrunA17_Chr3g0124611,1,MtExpress V3 (20220901); A17 5.1.9 quantification; selected paired root/nodule projects,https://lipm-browsers.toulouse.inra.fr/expression-atlas-data/v3/20220901_MtExpressV3-Dataset.zip,MtrunA17_Chr3g0124611,9.0,8.226143080474614,92.8209283393123,3.496097588029455,9.0,8.0,2.0,5.246856571809915,2.0,5.0,5.0,10.0,Reliable single A17 locus; scored,MtExpress: 92.82 median nodule TMM; median project log2FC=3.50; 9/9 projects positive,15.0,0.0,9.0,0.0,,34.0,80.0,42.5,0.8,Descriptive prioritization only; not a probability of Cu binding or NCC1 client status,"Table S4-intersection candidate; structural geometry is compatible, not proof of Cu binding/client status",2.0,0.0,True,49.0,0.0,True,1,G7J4F1,1.584962500721156,True,True,1.584962500721156,0.0,False,9.197216693110052,2.584962500721156,4.392317422778761,0.8517887563884157,3.4071550255536627,False,6.551837870970628,Unknown,,,,No formal structure-positive context,2.257839376003876,3.782746665242879,-0.6728768752827201,14.864864864864865,0.8533333333333334,0.9778754578754578,2.260689710515565,3.7922052848194214,-0.6757272097944091,16.216216216216218,0.84,0.9910077519379844,2.2185883772676185,3.6543779836570573,-0.6336258765464624,25.675675675675677,0.7466666666666667,0.8456224899598394,2.282777392493879,3.866138532572565,-0.6978148917727229,12.162162162162161,0.88,0.9508045977011494,3.7557878,3.15059,4.451407,-0.6647218330801135,-0.861665950626195,-0.4683539195955401,-2.2250903482590862,0.20236751220525662,0.164,79.0,78.0,82.0,80.0,79.5,4.0,False,R3: background-like residual,"Residual specificity is an exploratory deviation from the empirical Table S3 background expectation, not a probability of specific binding, Cu binding, or client status."
Candidate,MtrunR108HiC_021055.1,MtrunR108HiC_021055,G7LE92,High confidence,Putative D-cysteine desulfhydrase,376,3,8,10,21,3,0.9266666666666667,95.27820921985814,0.9831560283687942,0.9574468085106383,False,False,True,True,True,,False,,,0,,,,,,False,False,False,False,False,False,False,False,False,False,False,False,False,False,False,False,False,False,False,False,True,1,G7LE92,High confidence,2,15,28,15,True,True,-2.415037499278844,Cytoplasm,NCC1-compartment compatible,OTHER,0.0,0.0,inside:1-376,Exact R108 SignalP/DeepTMHMM: no signal peptide or TM segment,Exact R108 pair lies in same InterProScan domain,No major cross-source conflict detected,"NCBIFAM:IPR005966:D-Cys_desShydrase:29-350 | PIRSR:PIRSR006278-2:PIRSR006278-2:50-246 | PIRSF:IPR027278:ACCD_DCysDesulf:6-356 | GENE3D:IPR036052:TrpB-like_PALP_sf:67-179 | FUNFAM:G3DSA:3.40.50.1100:FF:000037:Bifunctional D-cysteine desulfhydrase/1-aminocyclopropane-1-carboxylate deaminase, mitochondrial:67-177 | FUNFAM:G3DSA:3.40.50.1100:FF:000042:Bifunctional D-cysteine desulfhydrase/1-aminocyclopropane-1-carboxylate deaminase mitochondrial:178-341 | SUPERFAMILY:IPR036052:TrpB-like_PALP_sf:28-344 | PIRSR:PIRSR006278-1:PIRSR006278-1:50-246 | GENE3D:IPR036052:TrpB-like_PALP_sf:29-341 | PANTHER:IPR027278:ACCD_DCysDesulf:8-353 | PFAM:IPR001926:TrpB-like_PALP:29-338",Tier 2: plausible but generic/abundant or lacking extra ligand,Medtr8g107670,MtrunA17_Chr8g0393311,1,MtExpress V3 (20220901); A17 5.1.9 quantification; selected paired root/nodule projects,https://lipm-browsers.toulouse.inra.fr/expression-atlas-data/v3/20220901_MtExpressV3-Dataset.zip,MtrunA17_Chr8g0393311,9.0,30.3011133566911,50.94570854823535,0.0540920270490792,5.0,0.0,2.0,0.0101350178403696,1.0,5.0,1.0,6.0,Reliable single A17 locus; scored,MtExpress: 50.95 median nodule TMM; median project log2FC=0.05; 5/9 projects positive,15.0,0.0,9.0,0.0,20.0,50.0,100.0,50.0,1.0,Descriptive prioritization only; not a probability of Cu binding or NCC1 client status,"Table S4-intersection candidate; structural geometry is compatible, not proof of Cu binding/client status",2.0,0.0,True,28.0,0.0,True,1,G7LE92,1.584962500721156,True,True,1.584962500721156,0.0,False,8.554588851677638,2.0,3.169925001442312,0.7978723404255319,2.127659574468085,False,5.69893266188182,Compatible,,,,No formal structure-positive context,2.274256561326396,3.8374828994553773,-0.6892940606052398,8.108108108108109,0.92,0.9778754578754578,2.2793062170435263,3.854444504393678,-0.6943437163223702,13.513513513513514,0.8666666666666667,0.9910077519379844,2.2572340662648607,3.7807403951692926,-0.6722715655437046,10.81081081081081,0.8933333333333333,0.9433691756272402,2.251789479035263,3.7627323592564323,-0.666826978314107,18.91891891891892,0.8133333333333334,0.9508045977011494,3.810525,3.220591,4.4799857,-0.6812317236364489,-0.8692096992433672,-0.4924826069772845,-2.304869999954311,0.1658348400198011,0.164,80.0,80.0,84.0,74.0,80.0,10.0,False,R3: background-like residual,"Residual specificity is an exploratory deviation from the empirical Table S3 background expectation, not a probability of specific binding, Cu binding, or client status."
Candidate,MtrunR108HiC_028765.1,MtrunR108HiC_028765,B7FJJ4,High confidence,Putative pyruvate dehydrogenase (acetyl-transferring),377,6,11,6,23,3,0.85,89.37055702917773,0.8700265251989391,0.8673740053050398,False,False,True,True,True,,False,,,0,,,,,,False,False,False,False,False,False,False,False,False,False,False,False,False,False,False,False,False,False,False,False,True,1,B7FJJ4,High confidence,2,15,29,15,True,True,-2.415037499278844,,,,,,,,,,,,Medtr7g005380,MtrunA17_Chr7g0214101,1,MtExpress V3 (20220901); A17 5.1.9 quantification; selected paired root/nodule projects,https://lipm-browsers.toulouse.inra.fr/expression-atlas-data/v3/20220901_MtExpressV3-Dataset.zip,MtrunA17_Chr7g0214101,9.0,141.626302089787,104.5091244590385,-0.4262161730662104,0.0,0.0,2.0,-0.3237906997994653,0.0,5.0,0.0,5.0,Reliable single A17 locus; scored,MtExpress: 104.51 median nodule TMM; median project log2FC=-0.43; 0/9 projects positive,15.0,0.0,9.0,0.0,,29.0,80.0,36.25,0.8,Descriptive prioritization only; not a probability of Cu binding or NCC1 client status,"Table S4-intersection candidate; structural geometry is compatible, not proof of Cu binding/client status",2.0,0.0,True,29.0,0.0,True,1,B7FJJ4,1.584962500721156,True,True,1.584962500721156,0.0,False,8.558420713268664,2.807354922057604,3.584962500721156,1.5915119363395225,2.9177718832891246,False,6.721223958779072,Unknown,,,,No formal structure-positive context,2.257348613063421,3.7811199904627655,-0.6723861123422648,14.864864864864865,0.8533333333333334,0.9778754578754578,2.2553666693826417,3.7745562993420387,-0.6704041686614857,16.216216216216218,0.84,0.9910077519379844,2.2241611647286073,3.672391506253394,-0.6391986640074512,25.675675675675677,0.7466666666666667,0.8456224899598394,2.2902008513429326,3.891242019843383,-0.7052383506217765,12.162162162162161,0.88,0.9508045977011494,3.7652316,3.2358012,4.317756,-0.6675836904943591,-0.8258552118242388,-0.49767252644902527,-2.326667899662188,0.15858715463475503,0.186,78.0,77.0,83.0,86.0,80.5,9.0,False,R3: background-like residual,"Residual specificity is an exploratory deviation from the empirical Table S3 background expectation, not a probability of specific binding, Cu binding, or client status."
Candidate,MtrunR108HiC_032912.1,MtrunR108HiC_032912,G7ZUV5,High confidence,Putative thioredoxin-dependent peroxiredoxin,264,3,2,4,9,3,0.7233333333333333,82.64925505050506,0.7386363636363636,0.7285353535353535,False,False,False,False,True,,False,,,0,,,,,,False,False,False,False,False,False,False,False,False,False,False,False,False,False,False,False,False,False,False,False,True,1,G7ZUV5,High confidence,2,15,24,15,True,True,-2.415037499278844,,,,,,,,,,,,Medtr7g105830,MtrunA17_Chr7g0267151,1,MtExpress V3 (20220901); A17 5.1.9 quantification; selected paired root/nodule projects,https://lipm-browsers.toulouse.inra.fr/expression-atlas-data/v3/20220901_MtExpressV3-Dataset.zip,MtrunA17_Chr7g0267151,9.0,24.17958157412005,33.88663542199185,0.2062582456520392,6.0,1.0,2.0,0.1967306192630946,2.0,4.0,1.0,5.0,Reliable single A17 locus; scored,MtExpress: 33.89 median nodule TMM; median project log2FC=0.21; 6/9 projects positive,15.0,0.0,9.0,0.0,,29.0,80.0,36.25,0.8,Descriptive prioritization only; not a probability of Cu binding or NCC1 client status,"Table S4-intersection candidate; structural geometry is compatible, not proof of Cu binding/client status",2.0,0.0,True,24.0,0.0,True,1,G7ZUV5,1.584962500721156,True,True,1.584962500721156,0.0,False,8.044394119358454,2.0,1.584962500721156,1.1363636363636365,0.7575757575757576,False,5.124602561033292,Unknown,,,,No formal structure-positive context,2.2750565111338683,3.8401659450444248,-0.6900940104127122,8.108108108108109,0.92,0.9778754578754578,2.287294676343042,3.8813989849115025,-0.7023321756218861,12.162162162162161,0.88,0.9910077519379844,2.2757677892764345,3.842552834128237,-0.6908052885552785,6.756756756756757,0.9333333333333333,0.9433691756272402,2.231051095104252,3.694758981771958,-0.6460885943830958,22.972972972972972,0.7733333333333333,0.9508045977011494,3.8134513,3.1582499,4.650342,-0.6821093424261218,-0.9133756442964678,-0.47101382455235796,-2.3016351857458917,0.16309534038085008,0.145,81.0,83.0,90.0,70.0,82.0,20.0,False,R3: background-like residual,"Residual specificity is an exploratory deviation from the empirical Table S3 background expectation, not a probability of specific binding, Cu binding, or client status."
Candidate,MtrunR108HiC_021243.1,MtrunR108HiC_021243,G7K3S8,Exact unique,Putative proteasome endopeptidase complex,203,2,5,6,13,3,0.9,95.1363382594417,0.973727422003284,0.9655172413793104,False,False,False,False,True,,False,,,0,,,,,,False,False,False,False,True,False,False,False,False,False,False,False,False,False,False,False,False,False,False,False,True,1,G7K3S8,Exact unique,2,15,42,15,True,True,-2.415037499278844,,,,,,,,,,,,Medtr5g006840,MtrunA17_Chr5g0394931,1,MtExpress V3 (20220901); A17 5.1.9 quantification; selected paired root/nodule projects,https://lipm-browsers.toulouse.inra.fr/expression-atlas-data/v3/20220901_MtExpressV3-Dataset.zip,MtrunA17_Chr5g0394931,9.0,41.95076704902475,47.01276647750785,0.0256310432952098,7.0,1.0,2.0,0.0180617085564298,2.0,4.0,1.0,5.0,Reliable single A17 locus; scored,MtExpress: 47.01 median nodule TMM; median project log2FC=0.03; 7/9 projects positive,15.0,0.0,10.0,0.0,,30.0,80.0,37.5,0.8,Descriptive prioritization only; not a probability of Cu binding or NCC1 client status,"Table S4-intersection candidate; structural geometry is compatible, not proof of Cu binding/client status",2.0,0.0,True,42.0,0.0,True,1,G7K3S8,1.584962500721156,True,True,1.584962500721156,0.0,False,7.6653359171851765,1.584962500721156,2.584962500721156,0.9852216748768473,2.4630541871921183,False,5.585346160823338,Unknown,,,,No formal structure-positive context,2.292460747426945,3.8989098639660247,-0.7074982467057889,8.108108108108109,0.92,0.9778754578754578,2.280201595031389,3.857458247221677,-0.6952390943102329,13.513513513513514,0.8666666666666667,0.9910077519379844,2.288131591407425,3.884231531926603,-0.7031690906862691,6.756756756756757,0.9333333333333333,0.9433691756272402,2.2489936135565087,3.753511377597005,-0.6640311128353527,20.27027027027027,0.8,0.9508045977011494,3.8715549,3.2286758,4.67969,-0.6994197233617907,-0.9208496256769305,-0.49524346432095817,-2.335756810331246,0.17167658630276078,0.157,85.0,81.0,92.0,73.0,83.0,19.0,False,R3: background-like residual,"Residual specificity is an exploratory deviation from the empirical Table S3 background expectation, not a probability of specific binding, Cu binding, or client status."
Candidate,MtrunR108HiC_009131.1,MtrunR108HiC_009131,G7IRG3,High confidence,Putative transcription factor WD40-like family,326,4,4,11,19,3,0.8833333333333333,91.87461145194273,0.948875255623722,0.9376278118609408,False,False,True,True,True,,False,,,0,,,,,,False,False,False,False,False,False,False,True,False,False,False,False,False,False,False,False,False,False,False,False,True,1,G7IRG3,High confidence,2,15,24,15,True,True,-2.415037499278844,Cytoplasm|Nucleus,NCC1-compartment compatible,OTHER,0.0,0.0,inside:1-326,Exact R108 SignalP/DeepTMHMM: no signal peptide or TM segment,Exact R108 pair lies in same InterProScan domain,No major cross-source conflict detected,PROSITE_PROFILES:PS50294:WD_REPEATS_REGION:187-222 | PROSITE_PATTERNS:IPR019775:WD40_repeat_CS:67-81 | PROSITE_PROFILES:PS50294:WD_REPEATS_REGION:142-179 | PROSITE_PATTERNS:IPR019775:WD40_repeat_CS:161-175 | PROSITE_PROFILES:IPR001680:WD40_rpt:6-47 | CDD:cd00200:WD40:7-314 | PROSITE_PROFILES:IPR001680:WD40_rpt:284-314 | PROSITE_PROFILES:PS50294:WD_REPEATS_REGION:284-314 | HAMAP:IPR027525:eIF3i:1-326 | PROSITE_PROFILES:PS50294:WD_REPEATS_REGION:48-85 | PROSITE_PROFILES:IPR001680:WD40_rpt:142-183 | SUPERFAMILY:IPR036322:WD40_repeat_dom_sf:4-314 | PANTHER:PTHR19877:EUKARYOTIC TRANSLATION INITIATION FACTOR 3 SUBUNIT I:1-323 | PFAM:IPR027525:eIF3i:1-325 | GENE3D:IPR015943:WD40/YVTN_repeat-like_dom_sf:1-326 | SMART:IPR001680:WD40_rpt:1-38 | SMART:IPR001680:WD40_rpt:177-219 | SMART:IPR001680:WD40_rpt:135-174 | SMART:IPR001680:WD40_rpt:222-261 | SMART:IPR001680:WD40_rpt:277-316 | SMART:IPR001680:WD40_rpt:41-80 | PRINTS:IPR020472:WD40_PAC1:67-81 | PRINTS:IPR020472:WD40_PAC1:206-220 | PRINTS:IPR020472:WD40_PAC1:161-175 | PROSITE_PROFILES:IPR001680:WD40_rpt:48-89 | PROSITE_PROFILES:IPR001680:WD40_rpt:187-228,Tier 2: plausible but generic/abundant or lacking extra ligand,Medtr2g087640,MtrunA17_Chr2g0322171,1,MtExpress V3 (20220901); A17 5.1.9 quantification; selected paired root/nodule projects,https://lipm-browsers.toulouse.inra.fr/expression-atlas-data/v3/20220901_MtExpressV3-Dataset.zip,MtrunA17_Chr2g0322171,9.0,73.91591895645584,78.36070138776375,-0.0967550165190296,4.0,0.0,2.0,-0.1713050646258245,0.0,5.0,0.0,5.0,Reliable single A17 locus; scored,MtExpress: 78.36 median nodule TMM; median project log2FC=-0.10; 4/9 projects positive,15.0,0.0,9.0,0.0,20.0,49.0,100.0,49.0,1.0,Descriptive prioritization only; not a probability of Cu binding or NCC1 client status,"Table S4-intersection candidate; structural geometry is compatible, not proof of Cu binding/client status",2.0,0.0,True,24.0,0.0,True,1,G7IRG3,1.584962500721156,True,True,1.584962500721156,0.0,False,8.348728154231077,2.321928094887362,2.321928094887362,1.2269938650306749,1.2269938650306749,False,6.310352871168816,Compatible,,,,No formal structure-positive context,2.2801442019619182,3.857265012417698,-0.6951817012407622,8.108108108108109,0.92,0.9778754578754578,2.2948333155110205,3.9069729399016406,-0.7098708147898645,9.45945945945946,0.9066666666666666,0.9910077519379844,2.2649892945221324,3.806508531414055,-0.6800267938009763,10.81081081081081,0.8933333333333333,0.9433691756272402,2.275107588954696,3.840337311479046,-0.6901450882335398,12.162162162162161,0.88,0.9508045977011494,3.8410583,3.287798,4.493051,-0.6903600557745104,-0.8726450844705707,-0.5152744038999683,-2.290877262389845,0.1408679077847004,0.137,82.0,85.0,86.0,78.0,83.5,8.0,False,R3: background-like residual,"Residual specificity is an exploratory deviation from the empirical Table S3 background expectation, not a probability of specific binding, Cu binding, or client status."
Candidate,MtrunR108HiC_037442.1,MtrunR108HiC_037442,G7JMM6,Exact unique,"Putative proteasome component (PCI) domain, winged helix DNA-binding domain superfamily",387,3,9,7,19,3,0.6466666666666666,68.64190353143842,0.5279931093884582,0.1946597760551248,False,False,True,True,True,,False,,,0,,,,,,False,False,False,False,False,False,False,False,False,False,False,False,False,False,False,False,False,False,False,False,True,1,G7JMM6,Exact unique,2,15,104,15,True,True,-2.415037499278844,,,,,,,,,,,,Medtr4g104080,MtrunA17_Chr4g0057951,1,MtExpress V3 (20220901); A17 5.1.9 quantification; selected paired root/nodule projects,https://lipm-browsers.toulouse.inra.fr/expression-atlas-data/v3/20220901_MtExpressV3-Dataset.zip,MtrunA17_Chr4g0057951,9.0,93.47963482448526,93.48542643923967,-0.1104078854005994,3.0,0.0,2.0,-0.2189622248345895,0.0,5.0,0.0,5.0,Reliable single A17 locus; scored,MtExpress: 93.49 median nodule TMM; median project log2FC=-0.11; 3/9 projects positive,15.0,0.0,10.0,0.0,,30.0,80.0,37.5,0.8,Descriptive prioritization only; not a probability of Cu binding or NCC1 client status,"Table S4-intersection candidate; structural geometry is compatible, not proof of Cu binding/client status",2.0,0.0,True,104.0,0.0,True,1,G7JMM6,1.584962500721156,True,True,1.584962500721156,0.0,False,8.59618975614441,2.0,3.321928094887362,0.7751937984496124,2.3255813953488373,False,6.562019918133965,Unknown,,,,No formal structure-positive context,2.2908737520164273,3.8935239211758637,-0.7059112512952712,8.108108108108109,0.92,0.9778754578754578,2.2942223475195487,3.904895322253691,-0.7092598467983926,9.45945945945946,0.9066666666666666,0.9910077519379844,2.26848990225145,3.818185379400317,-0.6835274015302941,10.81081081081081,0.8933333333333333,0.9433691756272402,2.284155411354957,3.870788742087746,-0.6991929106338008,12.162162162162161,0.88,0.9508045977011494,3.8727436,3.2550201,4.5228577,-0.6997718676031237,-0.880452583640874,-0.504203472942174,-2.329150356674096,0.15874297573669693,0.137,84.0,84.0,88.0,81.0,84.0,7.0,False,R3: background-like residual,"Residual specificity is an exploratory deviation from the empirical Table S3 background expectation, not a probability of specific binding, Cu binding, or client status."
Candidate,MtrunR108HiC_023953.1,MtrunR108HiC_023953,G7K5Z4,High confidence,Putative glycine hydroxymethyltransferase,509,2,16,14,32,3,0.8933333333333334,92.84571054354944,0.9345121152586772,0.9292730844793712,False,False,False,False,True,,False,,,0,,,,,,False,False,False,False,True,False,False,False,False,False,False,False,False,False,False,False,False,False,False,False,True,1,G7K5Z4,High confidence,2,15,46,15,True,True,-2.415037499278844,,,,,,,,,,,,Medtr5g067060,MtrunA17_Chr5g0428001,1,MtExpress V3 (20220901); A17 5.1.9 quantification; selected paired root/nodule projects,https://lipm-browsers.toulouse.inra.fr/expression-atlas-data/v3/20220901_MtExpressV3-Dataset.zip,MtrunA17_Chr5g0428001,9.0,89.34178234855071,76.86590099560145,-0.2170239560512046,3.0,0.0,2.0,-0.5168868028982496,0.0,5.0,0.0,5.0,Reliable single A17 locus; scored,MtExpress: 76.87 median nodule TMM; median project log2FC=-0.22; 3/9 projects positive,15.0,0.0,9.0,0.0,,29.0,80.0,36.25,0.8,Descriptive prioritization only; not a probability of Cu binding or NCC1 client status,"Table S4-intersection candidate; structural geometry is compatible, not proof of Cu binding/client status",2.0,0.0,True,46.0,0.0,True,1,G7K5Z4,1.584962500721156,True,True,1.584962500721156,0.0,False,8.991521846075695,1.584962500721156,4.087462841250339,0.3929273084479371,3.143418467583497,False,6.282919777030749,Unknown,,,,No formal structure-positive context,2.297043958829091,3.914497663942581,-0.7120814581079351,6.756756756756757,0.9333333333333333,0.9778754578754578,2.2817688836651118,3.8627380711890957,-0.6968063829439557,13.513513513513514,0.8666666666666667,0.9910077519379844,2.2722202855282276,3.830659904512344,-0.6872577848070716,6.756756756756757,0.9333333333333333,0.9433691756272402,2.2730121044719533,3.8333119257496344,-0.6880496037507973,13.513513513513514,0.8666666666666667,0.9508045977011494,3.876698,3.2024374,4.6598325,-0.7009421451986437,-0.9157968207300311,-0.48626392921811407,-2.331750728511712,0.17249869307151025,0.126,87.0,82.0,89.0,77.0,84.5,12.0,False,R3: background-like residual,"Residual specificity is an exploratory deviation from the empirical Table S3 background expectation, not a probability of specific binding, Cu binding, or client status."
Candidate,MtrunR108HiC_008302.1,MtrunR108HiC_008302,G7IH11,High confidence,Putative kelch-type beta propeller,325,4,5,9,18,3,0.93,95.48069743589744,0.9835897435897436,0.96,False,False,True,True,True,,False,,,0,,,,,,False,False,False,False,True,False,False,True,False,False,False,False,False,False,False,False,False,False,False,False,True,1,G7IH11,High confidence,2,15,81,15,True,True,-2.415037499278844,,,,,,,,,,,,Medtr2g069030,MtrunA17_Chr2g0311721,1,MtExpress V3 (20220901); A17 5.1.9 quantification; selected paired root/nodule projects,https://lipm-browsers.toulouse.inra.fr/expression-atlas-data/v3/20220901_MtExpressV3-Dataset.zip,MtrunA17_Chr2g0311721,9.0,133.48344550467527,104.889730929541,-0.8641750723395853,3.0,0.0,2.0,0.3495725402253398,2.0,5.0,0.0,5.0,Reliable single A17 locus; scored,MtExpress: 104.89 median nodule TMM; median project log2FC=-0.86; 3/9 projects positive,15.0,0.0,9.0,0.0,,29.0,80.0,36.25,0.8,Descriptive prioritization only; not a probability of Cu binding or NCC1 client status,"Table S4-intersection candidate; structural geometry is compatible, not proof of Cu binding/client status",2.0,0.0,True,81.0,0.0,True,1,G7IH11,1.584962500721156,True,True,1.584962500721156,0.0,False,8.344295907915816,2.321928094887362,2.584962500721156,1.2307692307692308,1.5384615384615385,False,6.726418874899305,Unknown,,,,No formal structure-positive context,2.2864159434434708,3.8784266728873478,-0.7014534427223147,8.108108108108109,0.92,0.9778754578754578,2.2980999164443907,3.918096068828044,-0.7131374157232346,9.45945945945946,0.9066666666666666,0.9910077519379844,2.2671702027072165,3.8137799787277658,-0.6822077019860604,10.81081081081081,0.8933333333333333,0.9433691756272402,2.290750694390185,3.893106535838669,-0.7057881936690289,12.162162162162161,0.88,0.9508045977011494,3.866065,3.3053417,4.5048084,-0.6977931126058703,-0.8757299526632434,-0.5211651547849779,-2.3299545952580347,0.16209749686745759,0.138,83.0,86.0,87.0,87.0,86.5,4.0,False,R3: background-like residual,"Residual specificity is an exploratory deviation from the empirical Table S3 background expectation, not a probability of specific binding, Cu binding, or client status."
Candidate,MtrunR108HiC_006310.1,MtrunR108HiC_006310,Q84UC1,High confidence,Putative glutamine synthetase,443,6,8,8,22,3,0.8133333333333334,84.62048908954101,0.8299473288186606,0.8179082016553799,False,False,True,True,True,,False,,,0,,,,,,False,False,False,False,False,False,False,True,False,False,False,False,False,False,False,False,False,False,False,False,True,1,Q84UC1,High confidence,2,15,75,15,True,True,-2.415037499278844,,,,,,,,,,,,Medtr2g021255,MtrunA17_Chr2g0287211,1,MtExpress V3 (20220901); A17 5.1.9 quantification; selected paired root/nodule projects,https://lipm-browsers.toulouse.inra.fr/expression-atlas-data/v3/20220901_MtExpressV3-Dataset.zip,MtrunA17_Chr2g0287211,9.0,91.179492462083,344.7459451401128,2.1876893761382803,9.0,8.0,2.0,2.8654846788217796,2.0,5.0,4.0,9.0,Reliable single A17 locus; scored,MtExpress: 344.75 median nodule TMM; median project log2FC=2.19; 9/9 projects positive,15.0,0.0,9.0,0.0,,33.0,80.0,41.25,0.8,Descriptive prioritization only; not a probability of Cu binding or NCC1 client status,"Table S4-intersection candidate; structural geometry is compatible, not proof of Cu binding/client status",2.0,0.0,True,75.0,0.0,True,1,Q84UC1,1.584962500721156,True,True,1.584962500721156,0.0,False,8.791162888555018,2.807354922057604,3.169925001442312,1.3544018058690745,1.805869074492099,False,8.433568521524885,Unknown,,,,No formal structure-positive context,2.2970323799284085,3.914458220920743,-0.7120698792072524,6.756756756756757,0.9333333333333333,0.9778754578754578,2.3162402122183567,3.9803261088565076,-0.7312777114972007,5.405405405405405,0.9466666666666667,0.9972759856630825,2.2586920186143007,3.7855741365923885,-0.6737295178931446,10.81081081081081,0.8933333333333333,0.9433691756272402,2.3541653283589095,4.112983351209923,-0.7692028276377534,1.3513513513513513,0.9866666666666667,0.9972759856630825,3.9099488,3.2884092,4.622995,-0.7107454403341418,-0.9063761456907397,-0.5154802545011645,-2.317894022965555,0.14418828572125258,0.11,86.0,88.0,85.0,92.0,87.0,7.0,False,R3: background-like residual,"Residual specificity is an exploratory deviation from the empirical Table S3 background expectation, not a probability of specific binding, Cu binding, or client status."
Candidate,MtrunR108HiC_034314.1,MtrunR108HiC_034314,G7LGQ4,High confidence,Putative Acid phosphatase,261,3,3,6,12,3,0.8166666666666665,87.7942656449553,0.8199233716475097,0.8173690932311622,False,False,True,True,True,,False,,,0,,,,,,False,False,False,False,False,False,False,False,False,False,False,False,False,False,False,False,False,False,False,False,True,1,G7LGQ4,High confidence,2,15,60,15,True,True,-2.415037499278844,,,,,,,,,,,,Medtr8g014650,MtrunA17_Chr8g0340821,1,MtExpress V3 (20220901); A17 5.1.9 quantification; selected paired root/nodule projects,https://lipm-browsers.toulouse.inra.fr/expression-atlas-data/v3/20220901_MtExpressV3-Dataset.zip,MtrunA17_Chr8g0340821,9.0,263.902358005813,92.9966500312214,-1.5478652573184988,2.0,1.0,2.0,-0.7622268414478199,1.0,5.0,0.0,5.0,Reliable single A17 locus; scored,MtExpress: 93.00 median nodule TMM; median project log2FC=-1.55; 2/9 projects positive,15.0,0.0,9.0,0.0,,29.0,80.0,36.25,0.8,Descriptive prioritization only; not a probability of Cu binding or NCC1 client status,"Table S4-intersection candidate; structural geometry is compatible, not proof of Cu binding/client status",2.0,0.0,True,60.0,0.0,True,1,G7LGQ4,1.584962500721156,True,True,1.584962500721156,0.0,False,8.027905996569885,2.0,2.0,1.1494252873563218,1.1494252873563218,False,6.554537436045032,Unknown,,,,No formal structure-positive context,2.3009257397891956,3.9277386405036028,-0.7159632390680395,5.405405405405405,0.9466666666666667,0.9778754578754578,2.3104661068297094,3.9604331607908314,-0.7255036061085534,6.756756756756757,0.9333333333333333,0.9972759856630825,2.291686961775822,3.8962830511846622,-0.7067244610546659,6.756756756756757,0.9333333333333333,0.9433691756272402,2.2848153701232348,3.873017387087887,-0.6998528694020787,12.162162162162161,0.88,0.9508045977011494,3.9047866,3.2738209,4.678011,-0.7092277868688708,-0.9204230531156664,-0.5105640037954455,-2.2982869989264483,0.14870494221336422,0.131,89.0,87.0,93.0,82.0,88.0,11.0,False,R3: background-like residual,"Residual specificity is an exploratory deviation from the empirical Table S3 background expectation, not a probability of specific binding, Cu binding, or client status."
Candidate,MtrunR108HiC_038838.1,MtrunR108HiC_038838,G7JJA2,High confidence,Putative phytepsin,548,14,11,9,34,3,0.7633333333333333,78.92354622871046,0.7274939172749392,0.6532846715328468,False,True,True,True,True,,False,,,0,,,,,,False,False,False,False,True,False,False,True,False,False,False,False,False,False,False,False,False,False,False,False,True,1,G7JJA2,High confidence,2,15,49,15,True,True,-2.415037499278844,Lysosome/Vacuole,Compartment-incompatible or indirect,OTHER,0.452592,0.0,signal:1-56; outside:57-548,DeepTMHMM: N-terminal signal segment (cross-check SignalP),Exact R108 pair lies in same InterProScan domain,No major cross-source conflict detected,PANTHER:IPR001461:Aspartic_peptidase_A1:48-546 | GENE3D:G3DSA:1.10.225.10::354-457 | PIRSR:PIRSR601461-1:PIRSR601461-1:102-357 | SUPERFAMILY:IPR011001:Saposin-like:355-457 | PIRSR:PIRSR609121-1:PIRSR609121-1:116-355 | PIRSR:PIRSR633144-2:PIRSR633144-2:45-358 | PIRSR:PIRSR633144-2:PIRSR633144-2:456-548 | PFAM:IPR008138:SapB_2:357-390 | PROSITE_PATTERNS:IPR001969:Aspartic_peptidase_AS:139-150 | PFAM:IPR033121:PEPTIDASE_A1:123-547 | PROSITE_PATTERNS:IPR001969:Aspartic_peptidase_AS:326-337 | PHOBIUS:TRANSMEMBRANE:Transmembrane region:35-56 | GENE3D:IPR021109:Peptidase_aspartic_dom_sf:63-282 | CDD:IPR033869:Phytepsin:114-546 | FUNFAM:G3DSA:2.40.70.10:FF:000115:Lysosomal aspartic protease:110-352 | PRINTS:IPR001461:Aspartic_peptidase_A1:130-150 | PRINTS:IPR001461:Aspartic_peptidase_A1:276-289 | PRINTS:IPR001461:Aspartic_peptidase_A1:521-536 | PRINTS:IPR001461:Aspartic_peptidase_A1:326-337 | PROSITE_PROFILES:IPR033121:PEPTIDASE_A1:124-545 | FUNFAM:G3DSA:2.40.70.10:FF:000002:Vacuolar aspartic proteinase:425-547 | PROSITE_PROFILES:IPR008139:SaposinB_dom:418-459 | GENE3D:IPR021109:Peptidase_aspartic_dom_sf:283-548 | FUNFAM:G3DSA:1.10.225.10:FF:000001:Aspartic proteinase A1:354-457 | PHOBIUS:NON_CYTOPLASMIC_DOMAIN:Non cytoplasmic domain:1-34 | PFAM:IPR007856:SapB_1:421-457 | TMHMM:TMhelix:Region of a membrane-bound protein predicted to be embedded in the membrane.:35-57 | PROSITE_PROFILES:IPR008139:SaposinB_dom:354-394 | PIRSR:PIRSR633144-1:PIRSR633144-1:45-358 | SUPERFAMILY:IPR021109:Peptidase_aspartic_dom_sf:110-547 | PHOBIUS:CYTOPLASMIC_DOMAIN:Cytoplasmic domain:57-548,Tier 3: compartment-incompatible or indirect,Medtr4g132420,MtrunA17_Chr4g0075181,1,MtExpress V3 (20220901); A17 5.1.9 quantification; selected paired root/nodule projects,https://lipm-browsers.toulouse.inra.fr/expression-atlas-data/v3/20220901_MtExpressV3-Dataset.zip,MtrunA17_Chr4g0075181,9.0,47.04810557815575,27.87944959090075,-0.5763321955777201,1.0,0.0,2.0,-0.6735137243451197,0.0,4.0,0.0,4.0,Reliable single A17 locus; scored,MtExpress: 27.88 median nodule TMM; median project log2FC=-0.58; 1/9 projects positive,15.0,0.0,9.0,0.0,5.0,33.0,100.0,33.0,1.0,Descriptive prioritization only; not a probability of Cu binding or NCC1 client status,"Table S4-intersection candidate; structural geometry is compatible, not proof of Cu binding/client status",2.0,0.0,True,49.0,0.0,True,1,G7JJA2,1.584962500721156,True,True,1.584962500721156,0.0,False,9.098032082960527,3.9068905956085187,3.584962500721156,2.5547445255474455,2.0072992700729926,False,4.851971341266014,Incompatible,,,,No formal structure-positive context,2.316815186026304,3.9823113709426696,-0.7318526853051481,5.405405405405405,0.9466666666666667,0.9778754578754578,2.3201804795340117,3.9939468936950426,-0.7352179788128557,4.054054054054054,0.96,0.9972759856630825,2.1357615785398214,3.394690538622929,-0.5507990778186653,36.486486486486484,0.64,0.809113924050633,2.3066778713049825,3.9474251174849257,-0.7217153705838264,8.108108108108109,0.92,0.9827272727272728,3.864551,3.0717535,4.6151037,-0.697344170421422,-0.9043499871194964,-0.44068778595334346,-2.27492553379887,0.17661855445027924,0.151,90.0,89.0,69.0,88.0,88.5,21.0,False,R3: background-like residual,"Residual specificity is an exploratory deviation from the empirical Table S3 background expectation, not a probability of specific binding, Cu binding, or client status."
Candidate,MtrunR108HiC_028517.1,MtrunR108HiC_028517,G7KPG2,Exact unique,Putative thioredoxin-dependent peroxiredoxin,162,2,1,4,7,3,0.92,97.39849794238684,1.0,0.9958847736625516,False,False,True,True,True,,False,,,0,,,,,,False,False,False,False,False,False,False,False,False,False,False,False,False,False,False,False,False,False,False,False,True,1,G7KPG2,Exact unique,2,15,56,15,True,True,-2.415037499278844,,,,,,,,,,,,Medtr6g087990,MtrunA17_Chr6g0486051,1,MtExpress V3 (20220901); A17 5.1.9 quantification; selected paired root/nodule projects,https://lipm-browsers.toulouse.inra.fr/expression-atlas-data/v3/20220901_MtExpressV3-Dataset.zip,MtrunA17_Chr6g0486051,9.0,96.4542184130305,84.55145065463495,-0.2777670291644902,1.0,0.0,2.0,-0.3566184444395746,0.0,5.0,0.0,5.0,Reliable single A17 locus; scored,MtExpress: 84.55 median nodule TMM; median project log2FC=-0.28; 1/9 projects positive,15.0,0.0,10.0,0.0,,30.0,80.0,37.5,0.8,Descriptive prioritization only; not a probability of Cu binding or NCC1 client status,"Table S4-intersection candidate; structural geometry is compatible, not proof of Cu binding/client status",2.0,0.0,True,56.0,0.0,True,1,G7KPG2,1.584962500721156,True,True,1.584962500721156,0.0,False,7.339850002884624,1.584962500721156,1.0,1.2345679012345678,0.6172839506172839,False,6.418720412892571,Unknown,,,,No formal structure-positive context,2.3228543303135654,4.003211118057691,-0.7378918295924093,5.405405405405405,0.9466666666666667,0.9778754578754578,2.3264391105729487,4.0156584566760545,-0.7414766098517926,2.7027027027027026,0.9733333333333334,0.9972759856630825,2.3291818509699596,4.025202908903674,-0.7442193502488035,1.3513513513513513,0.9866666666666667,0.9866666666666667,2.2808508735301682,3.8596448167337867,-0.6958883728090122,12.162162162162161,0.88,0.9508045977011494,3.9803972,3.1548343,5.0478444,-0.731298313945592,-1.0114583714903003,-0.4698284789026386,-2.402072010306057,0.1669993969998787,0.131,91.0,90.0,94.0,79.0,90.5,15.0,False,R3: background-like residual,"Residual specificity is an exploratory deviation from the empirical Table S3 background expectation, not a probability of specific binding, Cu binding, or client status."
Candidate,MtrunR108HiC_028820.1,MtrunR108HiC_028820,G7KXR2,High confidence,Putative transaldolase,443,5,3,4,12,3,0.8033333333333333,85.07904439428142,0.8179082016553799,0.8103837471783296,False,False,False,False,True,,False,,,0,,,,,,False,False,False,False,False,False,False,False,False,False,False,False,False,False,False,False,False,False,False,False,True,1,G7KXR2,High confidence,2,15,77,15,True,True,-2.415037499278844,,,,,,,,,,,,Medtr7g006560,MtrunA17_Chr7g0214741,1,MtExpress V3 (20220901); A17 5.1.9 quantification; selected paired root/nodule projects,https://lipm-browsers.toulouse.inra.fr/expression-atlas-data/v3/20220901_MtExpressV3-Dataset.zip,MtrunA17_Chr7g0214741,9.0,361.0277374384,199.17004368052577,-0.835377217146851,0.0,0.0,2.0,-0.8232999082604655,0.0,5.0,0.0,5.0,Reliable single A17 locus; scored,MtExpress: 199.17 median nodule TMM; median project log2FC=-0.84; 0/9 projects positive,15.0,0.0,9.0,0.0,,29.0,80.0,36.25,0.8,Descriptive prioritization only; not a probability of Cu binding or NCC1 client status,"Table S4-intersection candidate; structural geometry is compatible, not proof of Cu binding/client status",2.0,0.0,True,77.0,0.0,True,1,G7KXR2,1.584962500721156,True,True,1.584962500721156,0.0,False,8.791162888555018,2.584962500721156,2.0,1.1286681715575622,0.6772009029345373,False,7.645082274501798,Unknown,,,,No formal structure-positive context,2.3005295571435975,3.926385605773892,-0.7155670564224414,5.405405405405405,0.9466666666666667,0.9778754578754578,2.328377644484285,4.022402473269119,-0.7434151437631291,2.7027027027027026,0.9733333333333334,0.9972759856630825,2.2778128161488547,3.8494220425156733,-0.6928503154276986,6.756756756756757,0.9333333333333333,0.9433691756272402,2.3245340063854916,4.0090395625723225,-0.7395715056643355,4.054054054054054,0.96,0.9972759856630825,3.921424,3.2921004,4.6745176,-0.7141133411825304,-0.9195351584852343,-0.5167214616239673,-2.353957125535487,0.160007390813369,0.129,88.0,91.0,91.0,90.0,90.5,3.0,False,R3: background-like residual,"Residual specificity is an exploratory deviation from the empirical Table S3 background expectation, not a probability of specific binding, Cu binding, or client status."
Candidate,MtrunR108HiC_032143.1,MtrunR108HiC_032143,G7KTL4,High confidence,Putative adenylosuccinate synthase,485,10,4,12,26,3,0.8433333333333333,87.91710652920962,0.8886597938144329,0.8604810996563574,False,False,True,True,True,,False,,,0,,,,,,False,False,False,False,False,False,False,True,False,False,False,False,False,False,False,False,False,False,False,False,True,1,G7KTL4,High confidence,2,15,46,15,True,True,-2.415037499278844,Plastid,Compartment-incompatible or indirect,OTHER,0.0,0.0,inside:1-485,Exact R108 SignalP/DeepTMHMM: no signal peptide or TM segment,Exact R108 pair lies in same InterProScan domain,No major cross-source conflict detected,"FUNFAM:G3DSA:1.10.300.10:FF:000002:Adenylosuccinate synthetase, chloroplastic:162-260 | PFAM:IPR001114:Adenylosuccinate_synthetase:66-483 | NCBIFAM:NF002223:PRK01117.1:66-484 | NCBIFAM:IPR001114:Adenylosuccinate_synthetase:66-483 | PANTHER:IPR001114:Adenylosuccinate_synthetase:50-484 | GENE3D:IPR042109:Adenylosuccinate_synth_dom1:66-325 | FUNFAM:G3DSA:3.90.170.10:FF:000001:Adenylosuccinate synthetase:326-485 | GENE3D:IPR042110:Adenylosuccinate_synth_dom2:162-260 | SUPERFAMILY:IPR027417:P-loop_NTPase:61-483 | GENE3D:IPR042111:Adenylosuccinate_synth_dom3:326-485 | SMART:IPR001114:Adenylosuccinate_synthetase:63-484 | HAMAP:IPR001114:Adenylosuccinate_synthetase:1-485 | PROSITE_PATTERNS:IPR018220:Adenylosuccin_syn_GTP-bd:70-77 | PROSITE_PATTERNS:IPR033128:Adenylosuccin_syn_Lys_AS:193-204 | CDD:IPR001114:Adenylosuccinate_synthetase:62-484",Tier 3: compartment-incompatible or indirect,Medtr7g092260,MtrunA17_Chr7g0257981,1,MtExpress V3 (20220901); A17 5.1.9 quantification; selected paired root/nodule projects,https://lipm-browsers.toulouse.inra.fr/expression-atlas-data/v3/20220901_MtExpressV3-Dataset.zip,MtrunA17_Chr7g0257981,9.0,40.5877387058339,43.05271144921305,0.0397825791027752,5.0,0.0,2.0,0.19529053104401,1.0,4.0,1.0,5.0,Reliable single A17 locus; scored,MtExpress: 43.05 median nodule TMM; median project log2FC=0.04; 5/9 projects positive,15.0,0.0,9.0,0.0,5.0,34.0,100.0,34.0,1.0,Descriptive prioritization only; not a probability of Cu binding or NCC1 client status,"Table S4-intersection candidate; structural geometry is compatible, not proof of Cu binding/client status",2.0,0.0,True,46.0,0.0,True,1,G7KTL4,1.584962500721156,True,True,1.584962500721156,0.0,False,8.92184093707449,3.4594316186372973,2.321928094887362,2.0618556701030926,0.8247422680412372,False,5.461158914803656,Incompatible,,,,No formal structure-positive context,2.3591784799752658,4.130781115555805,-0.7742159792541097,2.7027027027027026,0.9733333333333334,0.9837992831541219,2.376796434488779,4.193821506531931,-0.7918339337676228,1.3513513513513513,0.9866666666666667,0.9972759856630825,2.191008290339993,3.5662450680201347,-0.6060457896188369,32.432432432432435,0.68,0.809113924050633,2.32986294217905,4.027575849448289,-0.7449004414578941,2.7027027027027026,0.9733333333333334,0.9972759856630825,4.000175,3.2189312,4.8295846,-0.7370159491003161,-0.9584305211008196,-0.4919150932729846,-2.361060298373498,0.12151127726753116,0.092,92.0,92.0,76.0,91.0,91.5,16.0,False,R3: background-like residual,"Residual specificity is an exploratory deviation from the empirical Table S3 background expectation, not a probability of specific binding, Cu binding, or client status."
Candidate,MtrunR108HiC_031760.1,MtrunR108HiC_031760,A0A072U1I8,Probable,Putative glutamate dehydrogenase (NAD(P)(+)),447,6,12,12,30,3,0.87,90.67613721103652,0.9120059656972408,0.9030574198359432,False,False,True,True,True,,False,,,0,,,,,,False,False,False,False,False,False,False,False,False,False,False,False,False,False,False,False,False,False,False,False,True,1,A0A072U1I8,Probable,2,15,31,15,True,True,-2.415037499278844,Mitochondrion,Compartment-incompatible or indirect,OTHER,0.0,0.0,inside:1-447,Exact R108 SignalP/DeepTMHMM: no signal peptide or TM segment,Exact R108 pair lies in same InterProScan domain,No major cross-source conflict detected,"SMART:IPR006096:Glu/Leu/Phe/Val/Trp_DH_C:214-444 | PFAM:IPR006096:Glu/Leu/Phe/Val/Trp_DH_C:212-444 | PIRSR:PIRSR000188-1:PIRSR000188-1:94-385 | PIRSR:PIRSR000188-2:PIRSR000188-2:94-385 | PIRSR:PIRSR000185-1:PIRSR000185-1:51-446 | FUNFAM:G3DSA:3.40.50.10860:FF:000003:Glutamate dehydrogenase:69-211 | SUPERFAMILY:IPR046346:Aminoacid_DH-like_N_sf:38-214 | CDD:IPR033922:NAD_bind_Glu_DH:212-438 | PANTHER:PTHR11606:GLUTAMATE DEHYDROGENASE:36-445 | PROSITE_PATTERNS:IPR033524:Glu/Leu/Phe/Val_DH_AS:132-145 | FUNFAM:G3DSA:3.40.50.720:FF:000212:Glutamate dehydrogenase:212-446 | GENE3D:G3DSA:3.40.50.10860:Leucine Dehydrogenase, chain A, domain 1:69-211 | PIRSF:IPR014362:Glu_DH:37-446 | PIRSR:PIRSR000185-3:PIRSR000185-3:51-446 | PIRSR:PIRSR000445-3:PIRSR000445-3:224-271 | PIRSR:PIRSR000445-3:PIRSR000445-3:27-44 | GENE3D:G3DSA:3.40.50.720::212-446 | PIRSR:PIRSR000185-2:PIRSR000185-2:51-446 | PFAM:IPR006097:Glu/Leu/Phe/Val/Trp_DH_dimer:69-195 | PRINTS:IPR006095:Glu/Leu/Phe/Val/Trp_DH:245-265 | PRINTS:IPR006095:Glu/Leu/Phe/Val/Trp_DH:203-225 | PRINTS:IPR006095:Glu/Leu/Phe/Val/Trp_DH:124-138 | PRINTS:IPR006095:Glu/Leu/Phe/Val/Trp_DH:372-383 | SUPERFAMILY:IPR036291:NAD(P)-bd_dom_sf:212-445",Tier 3: compartment-incompatible or indirect,Medtr7g085630,MtrunA17_Chr7g0253311,1,MtExpress V3 (20220901); A17 5.1.9 quantification; selected paired root/nodule projects,https://lipm-browsers.toulouse.inra.fr/expression-atlas-data/v3/20220901_MtExpressV3-Dataset.zip,MtrunA17_Chr7g0253311,9.0,69.6793271369416,75.58403213881525,-0.1646580652404905,3.0,1.0,2.0,-1.2232902950405904,0.0,5.0,0.0,5.0,Reliable single A17 locus; scored,MtExpress: 75.58 median nodule TMM; median project log2FC=-0.16; 3/9 projects positive,15.0,0.0,6.0,0.0,5.0,31.0,100.0,31.0,1.0,Descriptive prioritization only; not a probability of Cu binding or NCC1 client status,"Table S4-intersection candidate; structural geometry is compatible, not proof of Cu binding/client status",2.0,0.0,True,31.0,0.0,True,1,A0A072U1I8,1.584962500721156,True,True,1.584962500721156,0.0,False,8.804131021183318,2.807354922057604,3.700439718141092,1.342281879194631,2.684563758389262,False,6.258971714771627,Incompatible,,,,No formal structure-positive context,2.3909858763920857,4.24515670789603,-0.8060233756709296,2.7027027027027026,0.9733333333333334,0.9837992831541219,2.3918800399979605,4.24840859537875,-0.8069175392768044,1.3513513513513513,0.9866666666666667,0.9972759856630825,2.214483477843412,3.6411537069179136,-0.6295209771222559,29.72972972972973,0.7066666666666667,0.8200823045267489,2.3600396987796186,4.133844856815736,-0.7750771980584625,1.3513513513513513,0.9866666666666667,0.9972759856630825,4.115846,3.2861733,4.892644,-0.7700104578436022,-0.9739525600374346,-0.5147277339399463,-2.3889136247874543,0.11870238536107754,0.075,93.0,93.0,81.0,93.0,93.0,12.0,False,R3: background-like residual,"Residual specificity is an exploratory deviation from the empirical Table S3 background expectation, not a probability of specific binding, Cu binding, or client status."
Candidate,MtrunR108HiC_020715.1,MtrunR108HiC_020715,G7LIV6,High confidence,Putative ligase,542,11,16,14,41,3,0.7966666666666667,83.22955104551046,0.8167281672816727,0.7976629766297663,False,False,True,True,True,,True,H279-M358,H-M,3,4.46495251934441,0.021962270118446,90.62,1.8,12.331798362891137,True,True,False,True,True,True,True,True,True,True,True,True,True,True,False,False,False,False,True,False,True,1,G7LIV6,High confidence,2,15,35,15,True,True,-2.415037499278844,Plastid,Compartment-incompatible or indirect,OTHER,0.0,0.0,inside:1-542,Exact R108 SignalP/DeepTMHMM: no signal peptide or TM segment,Exact R108 pair lies in same InterProScan domain,No major cross-source conflict detected,"ProSiteProfiles:IPR011764:Biotin carboxylation domain:72-517 | Pfam:IPR005481:Biotin carboxylase-like, N-terminal domain:73-181 | SUPERFAMILY:SSF56059:Glutathione synthetase ATP-binding domain-like:154-420 | Pfam:IPR005482:Biotin carboxylase, C-terminal:407-513 | Gene3D:G3DSA:3.30.470.20:-:62-520 | Pfam:IPR005479:Carbamoyl phosphate synthase, ATP-binding domain:186-393 | SUPERFAMILY:IPR016185:Pre-ATP-grasp domain superfamily:54-184 | SUPERFAMILY:IPR011054:Rudiment single hybrid motif:402-519 | ProSitePatterns:IPR005479:Carbamoyl phosphate synthase, ATP-binding domain:224-238 | ProSiteProfiles:IPR011761:ATP-grasp fold:191-388 | ProSitePatterns:IPR005479:Carbamoyl phosphate synthase, ATP-binding domain:357-364 | SMART:IPR005482:Biotin carboxylase, C-terminal:407-513 | PANTHER:IPR051602:Acetyl-CoA Carboxylase Biotin Carboxylase Component:44-530 | NCBIfam:IPR004549:Acetyl-CoA carboxylase, biotin carboxylase:73-518 | FunFam:G3DSA:3.30.470.20:FF:000045:Biotin carboxylase:274-521 | NCBIfam:NF006367:acetyl-CoA carboxylase biotin carboxylase subunit:73-517",Tier 3: compartment-incompatible or indirect,Medtr8g101330,MtrunA17_Chr8g0389041,1,MtExpress V3 (20220901); A17 5.1.9 quantification; selected paired root/nodule projects,https://lipm-browsers.toulouse.inra.fr/expression-atlas-data/v3/20220901_MtExpressV3-Dataset.zip,MtrunA17_Chr8g0389041,9.0,99.533845492189,56.93490449632785,-0.6188179090380403,0.0,0.0,2.0,-0.8882497243754748,0.0,5.0,0.0,5.0,Reliable single A17 locus; scored,MtExpress: 56.93 median nodule TMM; median project log2FC=-0.62; 0/9 projects positive,15.0,0.0,9.0,28.21569300591156,5.0,62.21569300591156,100.0,62.21569300591156,1.0,Descriptive prioritization only; not a probability of Cu binding or NCC1 client status,"Table S4-intersection candidate; structural geometry is compatible, not proof of Cu binding/client status",2.0,0.0,True,35.0,0.0,True,1,G7LIV6,1.584962500721156,True,True,1.584962500721156,0.0,False,9.08214904135387,3.584962500721156,4.087462841250339,2.029520295202952,2.952029520295203,False,5.8563608968386385,Incompatible,Compartment-incompatible/indirect,Exclude from direct-client interpretation,Compartment-incompatible or indirect,Compartment-incompatible/indirect,2.490411738018893,4.61938301820362,-0.905449237297737,1.3513513513513513,0.9866666666666667,0.9866666666666667,2.4829380977038897,4.590348014948446,-0.8979755969827337,0.0,1.0,1.0,2.160220211576905,3.4698307708704457,-0.5752577108557491,35.13513513513514,0.6533333333333333,0.809113924050633,2.432066365974387,4.396658385425336,-0.847103865253231,0.0,1.0,1.0,4.440781,3.1727562,5.6211333,-0.8588513000906115,-1.142115579456151,-0.476038144439519,-2.3835980787070974,0.15929389471683378,0.096,94.0,94.0,71.0,94.0,94.0,23.0,False,R3: background-like residual,"Residual specificity is an exploratory deviation from the empirical Table S3 background expectation, not a probability of specific binding, Cu binding, or client status."
